Year,week,Weekend,Top 10 Gross,%± LY,Overall Gross,%± LY.1,Releases,#1 Release
2019,1,Jan 4-6,"$119,007,739 ",-17.50%,"$138,872,261 ",-16.10%,89,Aquaman
2018,1,Jan 5-7,"$144,171,701 ",19.70%,"$165,531,482 ",20.50%,89,Jumanji: Welcome to the Jungle
2017,1,Jan 6-8,"$120,491,633 ",-39.30%,"$137,405,045 ",-37.40%,88,Hidden Figures
2016,1,Jan 1-3,"$198,537,624 ",57.80%,"$219,510,014 ",41.50%,82,Star Wars: Episode VII - The Force Awakens
2015,1,Jan 2-4,"$125,851,864 ",5.80%,"$155,083,722 ",9.80%,89,The Hobbit: The Battle of the Five Armies
2014,1,Jan 3-5,"$118,936,215 ",2.10%,"$141,235,662 ",-4.30%,82,Frozen
2013,1,Jan 4-6,"$116,465,689 ",-3.30%,"$147,632,550 ",5.90%,96,Texas Chainsaw 3D
2012,1,Jan 6-8,"$120,467,366 ",34.70%,"$139,471,507 ",24.20%,93,The Devil Inside
2011,1,Jan 7-9,"$89,402,192 ",-56.20%,"$112,291,954 ",-49%,99,True Grit
2010,1,Jan 1-3,"$204,295,752 ",65.80%,"$220,307,116 ",43.60%,80,Avatar
2009,1,Jan 2-4,"$123,210,617 ",9.50%,"$153,373,765 ",9.70%,89,Marley & Me
2008,1,Jan 4-6,"$112,470,805 ",17.80%,"$139,793,714 ",5.30%,89,National Treasure: Book of Secrets
2019,2,Jan 11-13,"$96,775,974 ",-25.20%,"$119,640,159 ",-24.80%,86,The Upside
2018,2,Jan 12-15MLK wknd,"$158,634,790 ",7.40%,"$195,812,771 ",5.70%,76,Jumanji: Welcome to the Jungle
2018,2,Jan 12-14,"$129,325,213 ",8.60%,"$159,135,848 ",6.50%,95,Jumanji: Welcome to the Jungle
2017,2,Jan 13-16MLK wknd,"$147,714,852 ",-,"$185,210,740 ",-,66,Hidden Figures
2017,2,Jan 13-15,"$119,057,524 ",-16.70%,"$149,365,311 ",-6.30%,80,Hidden Figures
2016,2,Jan 8-10,"$142,912,699 ",36.50%,"$159,323,600 ",26.20%,91,Star Wars: Episode VII - The Force Awakens
2015,2,Jan 9-11,"$104,708,370 ",-6.90%,"$126,281,581 ",-10.20%,87,Taken 3
2014,2,Jan 10-12,"$112,448,084 ",0.20%,"$140,678,920 ",-,90,Lone Survivor
2013,2,Jan 11-13,"$112,186,149 ",6.20%,"$140,670,134 ",6.40%,95,Zero Dark Thirty
2012,2,Jan 13-16MLK wknd,"$128,967,569 ",-1.10%,"$162,923,701 ",2.50%,74,Contraband
2012,2,Jan 13-15,"$105,673,270 ",-2%,"$132,235,551 ",1.50%,103,Contraband
2011,2,Jan 14-16,"$107,824,706 ",-25.70%,"$130,305,168 ",-18.70%,106,The Green Hornet
2011,2,Jan 14-17MLK wknd,"$130,346,506 ",-,"$158,959,357 ",-,86,The Green Hornet
2010,2,Jan 8-10,"$145,045,666 ",19.30%,"$160,275,182 ",9.40%,86,Avatar
2009,2,Jan 9-11,"$121,541,116 ",23%,"$146,505,600 ",12.30%,92,Gran Torino
2008,2,Jan 11-13,"$98,786,197 ",9.20%,"$130,426,078 ",2%,98,The Bucket List
2019,3,Jan 18-21MLK wknd,"$134,433,589 ",-,"$162,367,073 ",-,69,Glass
2019,3,Jan 18-20,"$109,523,159 ",5.10%,"$129,779,595 ",-4.30%,78,Glass
2018,3,Jan 19-21,"$104,176,178 ",-13.30%,"$135,628,208 ",-6.50%,103,Jumanji: Welcome to the Jungle
2017,3,Jan 20-22,"$120,214,041 ",-17.40%,"$145,007,859 ",-12.60%,89,Split
2016,3,Jan 15-17,"$145,502,232 ",-18.70%,"$166,004,623 ",-18.30%,86,Ride Along 2
2016,3,Jan 15-18MLK wknd,"$175,297,289 ",-20.60%,"$200,759,295 ",-20%,57,Ride Along 2
2015,3,Jan 16-19MLK wknd,"$220,660,699 ",24.40%,"$250,809,036 ",17.60%,71,American Sniper
2015,3,Jan 16-18,"$178,963,570 ",21.90%,"$203,241,390 ",15.20%,87,American Sniper
2014,3,Jan 17-20MLK wknd,"$177,312,805 ",41.10%,"$213,241,808 ",29%,68,Ride Along
2014,3,Jan 17-19,"$146,864,924 ",36.30%,"$176,376,093 ",26.20%,88,Ride Along
2013,3,Jan 18-21MLK wknd,"$125,704,597 ",-,"$165,335,690 ",-,68,Mama
2013,3,Jan 18-20,"$107,738,398 ",4.50%,"$139,772,817 ",4.70%,92,Mama
2012,3,Jan 20-22,"$103,050,329 ",23.50%,"$133,441,542 ",29.90%,107,Underworld Awakening
2011,3,Jan 21-23,"$83,445,232 ",-43.90%,"$102,730,950 ",-39.60%,105,No Strings Attached
2010,3,Jan 15-18MLK wknd,"$183,162,436 ",-0.80%,"$209,509,035 ",-9.40%,83,Avatar
2010,3,Jan 15-17,"$148,859,116 ",-3.60%,"$170,071,252 ",-11.80%,96,Avatar
2009,3,Jan 16-19MLK wknd,"$184,673,846 ",21.90%,"$231,208,273 ",23.60%,85,Paul Blart: Mall Cop
2009,3,Jan 16-18,"$154,456,350 ",22%,"$192,904,086 ",24.70%,90,Paul Blart: Mall Cop
2008,3,Jan 18-20,"$126,624,750 ",88.80%,"$154,669,517 ",54.60%,101,Cloverfield
2008,3,Jan 18-21MLK wknd,"$151,470,763 ",-,"$187,094,009 ",-,95,Cloverfield
2019,4,Jan 25-27,"$73,819,238 ",-28%,"$103,503,701 ",-27.60%,82,Glass
2018,4,Jan 26-28,"$102,483,376 ",-8.20%,"$142,985,855 ",0.70%,104,Maze Runner: The Death Cure
2017,4,Jan 27-29,"$111,650,133 ",16.60%,"$141,980,332 ",25%,85,Split
2016,4,Jan 22-24,"$95,736,903 ",-29.90%,"$113,596,503 ",-28.80%,87,The Revenant
2015,4,Jan 23-25,"$136,480,820 ",46%,"$159,469,503 ",35%,93,American Sniper
2014,4,Jan 24-26,"$93,470,822 ",15.10%,"$118,158,602 ",5.30%,97,Ride Along
2013,4,Jan 25-27,"$81,203,152 ",-11.10%,"$112,228,923 ",-11.20%,91,Hansel & Gretel: Witch Hunters
2012,4,Jan 27-29,"$91,306,608 ",4.60%,"$126,328,423 ",15.70%,111,The Grey
2011,4,Jan 28-30,"$87,300,754 ",-27.30%,"$109,215,038 ",-24.40%,104,The Rite
2010,4,Jan 22-24,"$120,045,516 ",1.20%,"$144,384,498 ",-9.90%,93,Avatar
2009,4,Jan 23-25,"$118,605,040 ",8.60%,"$160,294,864 ",11.20%,91,Paul Blart: Mall Cop
2008,4,Jan 25-27,"$109,183,558 ",32.70%,"$144,150,492 ",21.40%,108,Meet the Spartans
2019,5,Feb 1-3,"$52,087,190 ",-20.70%,"$73,462,968 ",-22.70%,85,Glass
2018,5,Feb 2-4,"$65,718,354 ",-13.10%,"$94,988,230 ",-4.30%,102,Jumanji: Welcome to the Jungle
2017,5,Feb 3-5,"$75,662,315 ",-36.10%,"$99,239,960 ",-28.70%,97,Split
2016,5,Jan 29-31,"$118,353,833 ",47.80%,"$139,252,676 ",36.10%,99,Kung Fu Panda 3
2015,5,Jan 30-Feb 1,"$80,089,127 ",21.60%,"$102,289,935 ",18.80%,95,American Sniper
2014,5,Jan 31-Feb 2,"$65,887,288 ",1.40%,"$86,093,764 ",-2.90%,95,Ride Along
2013,5,Feb 1-3,"$64,959,191 ",-26.30%,"$88,701,777 ",-23.40%,98,Warm Bodies
2012,5,Feb 3-5,"$88,088,338 ",28.90%,"$115,729,538 ",32.60%,105,Chronicle
2011,5,Feb 4-6,"$68,315,090 ",-34.30%,"$87,257,927 ",-30.40%,114,The Roommate
2010,5,Jan 29-31,"$103,970,747 ",8.40%,"$125,460,594 ",-1.10%,93,Avatar
2009,5,Jan 30-Feb 1,"$95,933,299 ",1.10%,"$126,798,123 ",-1.50%,93,Taken
2008,5,Feb 1-3,"$94,843,468 ",43.30%,"$128,681,821 ",39.10%,107,Hannah Montana and Miley Cyrus: Best of Both Worlds Concert
2019,6,Feb 8-10,"$95,027,517 ",-16.50%,"$115,811,896 ",-18.10%,93,The Lego Movie 2: The Second Part
2018,6,Feb 9-11,"$113,834,248 ",-33.50%,"$141,457,633 ",-25%,105,Fifty Shades Freed
2017,6,Feb 10-12,"$171,094,497 ",126.90%,"$188,591,354 ",97.50%,87,The Lego Batman Movie
2016,6,Feb 5-7,"$75,395,999 ",-43.20%,"$95,508,876 ",-37.20%,100,Kung Fu Panda 3
2015,6,Feb 6-8,"$132,753,774 ",-,"$152,017,118 ",-0.60%,95,The SpongeBob Movie: Sponge Out of Water
2014,6,Feb 7-9,"$132,710,403 ",61.10%,"$152,984,502 ",46.80%,109,The Lego Movie
2013,6,Feb 8-10,"$82,382,252 ",-51%,"$104,216,107 ",-45.70%,101,Identity Thief
2012,6,Feb 10-12,"$168,289,222 ",31.10%,"$191,893,008 ",28.40%,111,The Vow
2011,6,Feb 11-13,"$128,358,223 ",35.40%,"$149,414,721 ",31.10%,113,Just Go with It
2010,6,Feb 5-7,"$94,786,281 ",-23.60%,"$113,987,051 ",-26.30%,100,Dear John
2009,6,Feb 6-8,"$124,041,046 ",48.60%,"$154,595,414 ",37.70%,93,He's Just Not That Into You
2008,6,Feb 8-10,"$83,480,396 ",-4.30%,"$112,262,045 ",-0.20%,107,Fool's Gold
2019,7,Feb 15-18Presidents' Day wknd,"$126,415,385 ",-60.90%,"$152,447,001 ",-55.90%,86,Alita: Battle Angel
2019,7,Feb 15-17,"$105,197,571 ",-60.70%,"$126,265,201 ",-56%,102,Alita: Battle Angel
2018,7,Feb 16-19Presidents' Day wknd,"$323,004,490 ",107.30%,"$346,075,601 ",90.50%,91,Black Panther
2018,7,Feb 16-18,"$267,360,455 ",107.50%,"$286,751,803 ",90.40%,102,Black Panther
2017,7,Feb 17-19,"$128,860,229 ",-40.30%,"$150,631,026 ",-37%,80,The Lego Batman Movie
2017,7,Feb 17-20Presidents' Day wknd,"$155,796,460 ",-37.90%,"$181,705,870 ",-34.80%,68,The Lego Batman Movie
2016,7,Feb 12-15Presidents' Day wknd,"$250,977,099 ",11%,"$278,484,327 ",12.70%,87,Deadpool
2016,7,Feb 12-14,"$215,810,637 ",10%,"$239,154,233 ",11.80%,103,Deadpool
2015,7,Feb 13-16Presidents' Day wknd,"$226,114,046 ",24.10%,"$247,208,470 ",18.40%,75,Fifty Shades of Grey
2015,7,Feb 13-15,"$196,187,392 ",26%,"$213,956,193 ",20.10%,88,Fifty Shades of Grey
2014,7,Feb 14-17Presidents' Day wknd,"$182,141,128 ",26.80%,"$208,762,307 ",24%,84,The Lego Movie
2014,7,Feb 14-16,"$155,759,468 ",28.40%,"$178,203,826 ",26.10%,102,The Lego Movie
2013,7,Feb 15-18Presidents' Day wknd,"$143,655,294 ",-12.90%,"$168,341,536 ",-13%,86,A Good Day to Die Hard
2013,7,Feb 15-17,"$121,272,933 ",-12.10%,"$141,278,049 ",-12.20%,99,A Good Day to Die Hard
2012,7,Feb 17-20Presidents' Day wknd,"$164,876,415 ",9.40%,"$193,509,301 ",11.40%,102,Safe House
2012,7,Feb 17-19,"$137,926,714 ",9.70%,"$160,944,778 ",11.40%,118,Safe House
2011,7,Feb 18-20,"$125,712,044 ",-31.30%,"$144,525,447 ",-29.40%,107,Unknown
2011,7,Feb 18-21Presidents' Day wknd,"$150,746,871 ",-29.40%,"$173,631,940 ",-27.50%,100,Unknown
2010,7,Feb 12-15Presidents' Day wknd,"$213,524,058 ",21.20%,"$239,380,299 ",8.80%,87,Valentine's Day
2010,7,Feb 12-14,"$182,998,695 ",20.50%,"$204,746,196 ",8.40%,95,Valentine's Day
2009,7,Feb 13-16Presidents' Day wknd,"$176,130,106 ",31.70%,"$220,039,425 ",31.40%,91,Friday the 13th
2009,7,Feb 13-15,"$151,899,971 ",36.20%,"$188,927,999 ",35.90%,93,Friday the 13th
2008,7,Feb 15-17,"$111,505,912 ",-19.20%,"$139,052,789 ",-12.10%,99,Jumper
2008,7,Feb 15-18Presidents' Day wknd,"$133,761,458 ",-18%,"$167,469,892 ",-11.20%,100,Jumper
2019,8,Feb 22-24,"$110,669,509 ",-37.50%,"$127,999,939 ",-34.60%,88,How to Train Your Dragon: The Hidden World
2018,8,Feb 23-25,"$177,068,935 ",70.50%,"$195,707,999 ",57.70%,110,Black Panther
2017,8,Feb 24-26,"$103,860,378 ",-14.20%,"$124,126,169 ",-12.50%,87,Get Out
2016,8,Feb 19-21,"$121,119,706 ",16.70%,"$141,851,056 ",19.40%,106,Deadpool
2015,8,Feb 20-22,"$103,802,091 ",10.10%,"$118,837,843 ",6.20%,90,Fifty Shades of Grey
2014,8,Feb 21-23,"$94,308,705 ",12%,"$111,894,114 ",8.10%,106,The Lego Movie
2013,8,Feb 22-24,"$84,217,867 ",-21.60%,"$103,534,297 ",-22.70%,94,Identity Thief
2012,8,Feb 24-26,"$107,371,847 ",16%,"$133,892,090 ",21.90%,115,Act of Valor
2011,8,Feb 25-27,"$92,540,158 ",-21.90%,"$109,830,377 ",-18%,108,Hall Pass
2010,8,Feb 19-21,"$118,472,680 ",5.60%,"$133,902,273 ",-6%,108,Shutter Island
2009,8,Feb 20-22,"$112,141,559 ",31.70%,"$142,472,042 ",29%,95,Madea Goes to Jail
2008,8,Feb 22-24,"$85,162,089 ",-12.10%,"$110,410,094 ",-6.40%,114,Vantage Point
2019,9,Mar 1-3,"$94,364,496 ",-29.70%,"$115,975,923 ",-22.20%,114,How to Train Your Dragon: The Hidden World
2018,9,Mar 2-4,"$134,280,505 ",-20.10%,"$149,122,522 ",-21.40%,115,Black Panther
2017,9,Mar 3-5,"$168,014,995 ",84.10%,"$189,697,727 ",68.80%,100,Logan
2016,9,Feb 26-28,"$91,278,176 ",2.10%,"$112,386,016 ",5.20%,91,Deadpool
2015,9,Feb 27-Mar 1,"$89,378,196 ",-14.10%,"$106,785,872 ",-13.70%,98,Focus
2014,9,Feb 28-Mar 2,"$104,089,480 ",18.50%,"$123,702,145 ",12.80%,113,Non-Stop
2013,9,Mar 1-3,"$87,821,690 ",-39.80%,"$109,621,873 ",-34.90%,106,Jack the Giant Slayer
2012,9,Mar 2-4,"$145,788,328 ",27.40%,"$168,466,571 ",25.80%,118,The Lorax
2011,9,Mar 4-6,"$114,398,546 ",9.80%,"$133,918,873 ",12.30%,107,Rango
2010,9,Feb 26-28,"$104,201,694 ",29.40%,"$119,202,708 ",6.90%,107,Shutter Island
2009,9,Feb 27-Mar 1,"$80,508,972 ",9%,"$111,557,492 ",14.20%,99,Madea Goes to Jail
2008,9,Feb 29-Mar 2,"$73,841,003 ",-28.70%,"$97,723,152 ",-21.60%,118,Semi-Pro
2019,10,Mar 8-10,"$198,063,125 ",60.90%,"$210,564,349 ",50.70%,107,Captain Marvel
2018,10,Mar 9-11,"$123,134,923 ",-17.60%,"$139,696,317 ",-14.80%,112,Black Panther
2017,10,Mar 10-12,"$149,362,845 ",4.80%,"$163,997,836 ",1.50%,107,Kong: Skull Island
2016,10,Mar 4-6,"$142,568,989 ",97.30%,"$161,499,059 ",80.60%,99,Zootopia
2015,10,Mar 6-8,"$72,251,925 ",-43.30%,"$89,415,791 ",-37.80%,94,Chappie
2014,10,Mar 7-9,"$127,539,955 ",2.40%,"$143,856,540 ",2.30%,110,300: Rise of an Empire
2013,10,Mar 8-10,"$124,576,195 ",7.40%,"$140,687,760 ",2.80%,112,Oz the Great and Powerful
2012,10,Mar 9-11,"$116,009,145 ",3.60%,"$136,877,195 ",5.80%,127,The Lorax
2011,10,Mar 11-13,"$111,935,077 ",-38.70%,"$129,391,313 ",-34.30%,118,Battle Los Angeles
2010,10,Mar 5-7,"$182,536,400 ",86.80%,"$196,996,205 ",68.60%,107,Alice in Wonderland
2009,10,Mar 6-8,"$97,720,570 ",12.40%,"$116,828,485 ",8.80%,110,Watchmen
2008,10,Mar 7-9,"$86,928,662 ",-36.10%,"$107,381,602 ",-29.70%,119,"10,000 BC"
2019,11,Mar 15-17,"$126,418,468 ",6.40%,"$139,804,590 ",5.20%,122,Captain Marvel
2018,11,Mar 16-18,"$118,810,762 ",-52.90%,"$132,848,455 ",-49.10%,114,Black Panther
2017,11,Mar 17-19,"$252,225,276 ",113.40%,"$260,823,456 ",92.80%,103,Beauty and the Beast
2016,11,Mar 11-13,"$118,186,835 ",2.30%,"$135,301,106 ",2.80%,111,Zootopia
2015,11,Mar 13-15,"$115,580,190 ",17.20%,"$131,677,520 ",15.50%,94,Cinderella
2014,11,Mar 14-16,"$98,624,322 ",6.30%,"$113,961,674 ",6.10%,108,Mr. Peabody & Sherman
2013,11,Mar 15-17,"$92,776,114 ",-0.90%,"$107,411,683 ",-3.20%,108,Oz the Great and Powerful
2012,11,Mar 16-18,"$93,582,069 ",-5.30%,"$110,983,561 ",-3.50%,116,21 Jump Street
2011,11,Mar 18-20,"$98,816,142 ",-23.80%,"$114,962,242 ",-22.10%,121,Limitless
2010,11,Mar 12-14,"$129,609,144 ",53.90%,"$147,526,258 ",46.50%,106,Alice in Wonderland
2009,11,Mar 13-15,"$84,204,182 ",-17.30%,"$100,713,824 ",-16.50%,102,Race to Witch Mountain
2008,11,Mar 14-16,"$101,862,262 ",1.10%,"$120,687,394 ",2.60%,124,Horton Hears a Who!
2019,12,Mar 22-24,"$139,284,316 ",28.20%,"$148,803,456 ",14.10%,117,Us
2018,12,Mar 23-25,"$108,669,222 ",-43.60%,"$130,423,221 ",-35.50%,114,Pacific Rim: Uprising
2017,12,Mar 24-26,"$192,647,503 ",66.40%,"$202,066,084 ",53.90%,100,Beauty and the Beast
2016,12,Mar 18-20,"$115,774,645 ",-1.30%,"$131,307,311 ",0.30%,121,Zootopia
2015,12,Mar 20-22,"$117,323,618 ",-9.50%,"$130,961,022 ",-7.50%,97,Insurgent
2014,12,Mar 21-23,"$129,583,231 ",1.80%,"$141,511,040 ",1.90%,111,Divergent
2013,12,Mar 22-24,"$127,241,394 ",-36.90%,"$138,891,569 ",-35.20%,121,The Croods
2012,12,Mar 23-25,"$201,664,110 ",92.60%,"$214,253,387 ",76.40%,115,The Hunger Games
2011,12,Mar 25-27,"$104,688,038 ",-5.50%,"$121,453,235 ",-4.40%,126,Diary of a Wimpy Kid: Rodrick Rules
2010,12,Mar 19-21,"$110,799,129 ",18.90%,"$126,978,873 ",20.40%,109,Alice in Wonderland
2009,12,Mar 20-22,"$93,174,791 ",-1.60%,"$105,454,531 ",-7.40%,109,Knowing2009 Re-release
2008,12,Mar 21-24Easter wknd,"$107,553,652 ",-,"$125,354,528 ",-,59,Horton Hears a Who!
2008,12,Mar 21-23,"$94,656,916 ",-18.70%,"$113,866,325 ",-16.10%,118,Horton Hears a Who!
2019,13,Mar 29-31,"$129,484,146 ",12.40%,"$137,830,324 ",0.40%,120,Dumbo
2018,13,Mar 30-Apr 2Easter wknd,"$130,872,272 ",-,"$154,921,251 ",-,59,Ready Player One
2018,13,Mar 30-Apr 1,"$115,250,516 ",-28.70%,"$137,246,461 ",-19.10%,112,Ready Player One
2017,13,Mar 31-Apr 2,"$161,650,523 ",-33.60%,"$169,546,152 ",-32.80%,100,The Boss Baby
2016,13,Mar 25-27,"$243,491,430 ",74%,"$252,300,615 ",67.80%,104,Batman v Superman: Dawn of Justice
2016,13,Mar 25-28Easter wknd,"$270,066,590 ",-,"$278,486,400 ",-,54,Batman v Superman: Dawn of Justice
2015,13,Mar 27-29,"$139,905,374 ",12.20%,"$150,316,547 ",6.80%,98,Home
2014,13,Mar 28-30,"$124,746,109 ",-9.30%,"$140,733,798 ",-4.40%,107,Noah
2013,13,Mar 29-Apr 1Easter wknd,"$155,717,819 ",-,"$164,811,685 ",-,53,G.I. Joe: Retaliation
2013,13,Mar 29-31,"$137,577,314 ",-0.90%,"$147,258,977 ",-1.10%,120,G.I. Joe: Retaliation
2012,13,Mar 30-Apr 1,"$138,772,071 ",26%,"$148,926,320 ",19.20%,124,The Hunger Games
2011,13,Apr 1-3,"$110,113,006 ",-2.60%,"$124,938,387 ",-2.90%,125,Hop
2010,13,Mar 26-28,"$113,036,610 ",-17.20%,"$128,664,080 ",-12.10%,112,How to Train Your Dragon
2009,13,Mar 27-29,"$136,575,156 ",59.70%,"$146,427,563 ",36.90%,106,Monsters vs. Aliens
2008,13,Mar 28-30,"$85,512,670 ",-24.40%,"$106,960,934 ",-16%,123,21
2019,14,Apr 5-7,"$137,908,217 ",-2.10%,"$146,937,939 ",-10.50%,117,Shazam!
2018,14,Apr 6-8,"$140,865,614 ",32.50%,"$164,133,343 ",36.70%,116,A Quiet Place
2017,14,Apr 7-9,"$106,287,914 ",-10.40%,"$120,077,853 ",-8.30%,103,The Boss Baby
2016,14,Apr 1-3,"$118,559,272 ",-45.30%,"$130,889,005 ",-41.70%,114,Batman v Superman: Dawn of Justice
2015,14,Apr 3-5,"$216,669,859 ",39.10%,"$224,366,628 ",34.20%,96,Furious 7
2015,14,Apr 3-6Easter wknd,"$240,859,409 ",-,"$247,143,426 ",-,45,Furious 7
2014,14,Apr 4-6,"$155,800,774 ",24.80%,"$167,195,578 ",24.10%,115,Captain America: The Winter Soldier
2013,14,Apr 5-7,"$124,827,157 ",8.10%,"$134,763,712 ",8.90%,127,Evil Dead
2012,14,Apr 6-8,"$115,439,622 ",17.30%,"$123,764,607 ",6.60%,123,The Hunger Games
2012,14,Apr 6-9Easter wknd,"$129,893,927 ",-,"$136,124,614 ",-,45,The Hunger Games
2011,14,Apr 8-10,"$98,389,397 ",-40.80%,"$116,090,490 ",-34.60%,125,Hop
2010,14,Apr 2-5Easter wknd,"$187,711,319 ",-,"$198,446,177 ",-,44,Clash of the Titans
2010,14,Apr 2-4,"$166,220,519 ",13.80%,"$177,632,872 ",14.40%,112,Clash of the Titans
2009,14,Apr 3-5,"$146,086,888 ",91.70%,"$155,220,674 ",62%,109,Fast & Furious
2008,14,Apr 4-6,"$76,219,857 ",-27.20%,"$95,797,267 ",-22.90%,129,21
2019,15,Apr 12-14,"$100,437,182 ",-23.80%,"$111,173,940 ",-26%,119,Shazam!
2018,15,Apr 13-15,"$131,792,250 ",-15.40%,"$150,160,537 ",-10.90%,117,Rampage
2017,15,Apr 14-17Easter wknd,"$173,236,946 ",-,"$186,508,700 ",-,50,The Fate of the Furious
2017,15,Apr 14-16,"$155,863,273 ",71%,"$168,607,242 ",60.20%,104,The Fate of the Furious
2016,15,Apr 8-10,"$91,145,188 ",-26.20%,"$105,246,691 ",-20%,119,The Boss
2015,15,Apr 10-12,"$123,487,605 ",-5.80%,"$131,496,504 ",-6.10%,103,Furious 7
2014,15,Apr 11-13,"$131,084,472 ",25.50%,"$140,035,789 ",20%,109,Captain America: The Winter Soldier
2013,15,Apr 12-14,"$104,482,953 ",-0.40%,"$116,712,085 ",1.70%,122,42
2012,15,Apr 13-15,"$104,850,744 ",-5.20%,"$114,756,312 ",-11.80%,115,The Hunger Games
2011,15,Apr 15-17,"$110,573,140 ",-6%,"$130,061,017 ",1.90%,116,Rio
2010,15,Apr 9-11,"$117,570,469 ",-3.70%,"$127,582,200 ",-4.50%,115,Clash of the Titans
2009,15,Apr 10-13Easter wknd,"$137,209,381 ",-,"$148,228,465 ",-,49,Hannah Montana: The Movie
2009,15,Apr 10-12,"$122,113,373 ",57%,"$133,634,913 ",40.40%,112,Hannah Montana: The Movie
2008,15,Apr 11-13,"$77,792,738 ",-15.20%,"$95,162,842 ",-19.90%,125,Prom Night
2019,16,Apr 19-22Easter wknd,"$106,099,675 ",-,"$121,560,823 ",-,74,The Curse of La Llorona
2019,16,Apr 19-21,"$95,280,443 ",-10.60%,"$109,193,341 ",-13.20%,122,The Curse of La Llorona
2018,16,Apr 20-22,"$106,600,851 ",17.20%,"$125,778,372 ",16.80%,121,A Quiet Place
2017,16,Apr 21-23,"$90,926,040 ",-44.90%,"$107,650,168 ",-39.10%,110,The Fate of the Furious
2016,16,Apr 15-17,"$165,029,225 ",51.90%,"$176,691,491 ",47.60%,118,The Jungle Book
2015,16,Apr 17-19,"$108,634,824 ",-6.60%,"$119,720,998 ",-10.30%,111,Furious 7
2014,16,Apr 18-21Easter wknd,"$128,566,271 ",-,"$144,538,498 ",-,52,Captain America: The Winter Soldier
2014,16,Apr 18-20,"$116,260,430 ",20.50%,"$133,412,005 ",20.50%,112,Captain America: The Winter Soldier
2013,16,Apr 19-21,"$96,489,683 ",-18.90%,"$110,719,635 ",-18.20%,120,Oblivion
2012,16,Apr 20-22,"$118,940,992 ",3.90%,"$135,415,449 ",-0.70%,125,Think Like a Man
2011,16,Apr 22-24,"$114,486,342 ",5.90%,"$136,378,142 ",13.50%,128,Rio
2011,16,Apr 22-25Easter wknd,"$126,821,991 ",-,"$149,092,004 ",-,51,Rio
2010,16,Apr 16-18,"$108,077,823 ",11%,"$120,177,056 ",10.80%,117,Kick-Ass
2009,16,Apr 17-19,"$97,370,546 ",22.20%,"$108,497,129 ",15.60%,119,17 Again
2008,16,Apr 18-20,"$79,673,117 ",15.30%,"$93,848,411 ",5.90%,134,The Forbidden Kingdom
2019,17,Apr 26-28,"$396,469,872 ",30.80%,"$402,087,399 ",28.10%,114,Avengers: Endgame
2018,17,Apr 27-29,"$303,012,371 ",275%,"$313,937,789 ",214.60%,125,Avengers: Infinity War
2017,17,Apr 28-30,"$80,793,191 ",-31.30%,"$99,778,230 ",-22.20%,112,The Fate of the Furious
2016,17,Apr 22-24,"$117,626,464 ",46.80%,"$128,304,144 ",31.70%,115,The Jungle Book
2015,17,Apr 24-26,"$80,145,066 ",-17.80%,"$97,392,898 ",-16.60%,117,Furious 7
2014,17,Apr 25-27,"$97,473,803 ",24.80%,"$116,798,742 ",26.50%,114,The Other Woman
2013,17,Apr 26-28,"$78,125,503 ",-14.30%,"$92,351,407 ",-16.50%,120,Pain & Gain
2012,17,Apr 27-29,"$91,171,173 ",-35%,"$110,593,680 ",-30.40%,129,Think Like a Man
2011,17,Apr 29-May 1,"$140,262,298 ",63.50%,"$158,940,090 ",58.80%,120,Fast Five
2010,17,Apr 23-25,"$85,792,705 ",-14.50%,"$100,098,936 ",-12.10%,117,How to Train Your Dragon
2009,17,Apr 24-26,"$100,327,984 ",32%,"$113,860,937 ",24.80%,118,Obsessed
2008,17,Apr 25-27,"$76,023,855 ",33.10%,"$91,236,400 ",17.10%,145,Baby Mama
2019,18,May 3-5,"$193,910,218 ",22%,"$199,858,498 ",17.90%,113,Avengers: Endgame
2018,18,May 4-6,"$158,985,116 ",-13.80%,"$169,550,312 ",-13.10%,115,Avengers: Infinity War
2017,18,May 5-7,"$184,356,127 ",90.20%,"$195,098,085 ",79.60%,109,Guardians of the Galaxy Vol. 2
2016,18,Apr 29-May 1,"$96,937,478 ",-56.70%,"$108,604,032 ",-53.40%,114,The Jungle Book
2015,18,May 1-3,"$223,967,813 ",58.30%,"$232,873,431 ",51.10%,102,Avengers: Age of Ultron
2014,18,May 2-4,"$141,515,375 ",-32.10%,"$154,089,137 ",-29.10%,117,The Amazing Spider-Man 2
2013,18,May 3-5,"$208,434,380 ",-15.50%,"$217,475,021 ",-15.80%,119,Iron Man 3
2012,18,May 4-6,"$246,662,936 ",61.60%,"$258,295,713 ",54.90%,134,The Avengers
2011,18,May 6-8,"$152,646,352 ",73.60%,"$166,748,986 ",63.10%,128,Thor
2010,18,Apr 30-May 2,"$87,924,993 ",-40%,"$102,227,580 ",-35.40%,116,A Nightmare on Elm Street
2009,18,May 1-3,"$146,572,798 ",-1.30%,"$158,300,469 ",-0.40%,109,X-Men Origins: Wolverine
2008,18,May 2-4,"$148,431,129 ",-16.60%,"$159,000,645 ",-16.10%,135,Iron Man
2019,19,May 10-12,"$160,271,263 ",26.50%,"$168,253,370 ",21%,113,Avengers: Endgame
2018,19,May 11-13,"$126,696,435 ",1.70%,"$139,103,219 ",2.30%,122,Avengers: Infinity War
2017,19,May 12-14,"$124,517,741 ",-46.40%,"$136,001,326 ",-43.20%,114,Guardians of the Galaxy Vol. 2
2016,19,May 6-8,"$232,395,976 ",94.20%,"$239,468,632 ",82.30%,114,Captain America: Civil War
2015,19,May 8-10,"$119,640,318 ",-3.40%,"$131,347,747 ",-3.90%,97,Avengers: Age of Ultron
2014,19,May 9-11,"$123,849,070 ",-17.80%,"$136,748,446 ",-13.60%,113,Neighbors
2013,19,May 10-12,"$150,642,459 ",-5.60%,"$158,347,179 ",-7.40%,121,Iron Man 3
2012,19,May 11-13,"$159,498,783 ",25.80%,"$171,025,163 ",21.80%,132,The Avengers
2011,19,May 13-15,"$126,805,764 ",-24.40%,"$140,371,451 ",-21.90%,127,Thor
2010,19,May 7-9,"$167,701,822 ",20.80%,"$179,789,106 ",20.10%,116,Iron Man 2
2009,19,May 8-10,"$138,843,581 ",19.70%,"$149,643,723 ",19.20%,118,Star Trek
2008,19,May 9-11,"$115,983,162 ",24.30%,"$125,571,278 ",18.10%,136,Iron Man
2019,20,May 17-19,"$139,901,024 ",-30.20%,"$148,365,208 ",-29.30%,115,John Wick: Chapter 3 - Parabellum
2018,20,May 18-20,"$200,438,167 ",73.80%,"$209,967,303 ",68.70%,122,Deadpool 2
2017,20,May 19-21,"$115,331,687 ",-6.30%,"$124,441,368 ",-4.90%,111,Alien: Covenant
2016,20,May 13-15,"$123,025,320 ",-29.90%,"$130,908,594 ",-29.10%,119,Captain America: Civil War
2015,20,May 15-17,"$175,540,242 ",4.90%,"$184,554,442 ",3.40%,93,Pitch Perfect 2
2014,20,May 16-18,"$167,395,914 ",14%,"$178,532,518 ",16%,110,Godzilla
2013,20,May 17-19,"$146,889,482 ",9.70%,"$153,855,241 ",7.80%,112,Star Trek Into Darkness
2012,20,May 18-20,"$133,932,974 ",-14.60%,"$142,764,397 ",-14.80%,131,The Avengers
2011,20,May 20-22,"$156,858,984 ",21.30%,"$167,642,580 ",20%,120,Pirates of the Caribbean: On Stranger Tides
2010,20,May 14-16,"$129,275,088 ",0.90%,"$139,644,680 ",1.60%,116,Iron Man 2
2009,20,May 15-17,"$128,079,406 ",2.60%,"$137,460,577 ",3.80%,112,Angels & Demons
2008,20,May 16-18,"$124,788,668 ",-27.20%,"$132,484,294 ",-27.20%,135,The Chronicles of Narnia: Prince Caspian
2019,21,May 24-26,"$173,109,025 ",-1.10%,"$181,249,523 ",-0.40%,106,Aladdin
2019,21,May 24-27Memorial Day wknd,"$220,383,863 ",1%,"$230,819,376 ",1.70%,97,Aladdin
2018,21,May 25-28Memorial Day wknd,"$218,126,709 ",28.50%,"$227,018,880 ",25.70%,108,Solo: A Star Wars Story
2018,21,May 25-27,"$175,038,242 ",30.60%,"$182,046,016 ",27.90%,117,Solo: A Star Wars Story
2017,21,May 26-28,"$133,992,099 ",4.40%,"$142,341,187 ",3.80%,103,Pirates of the Caribbean: Dead Men Tell No Tales
2017,21,May 26-29Memorial Day wknd,"$169,805,597 ",-,"$180,565,176 ",-,88,Pirates of the Caribbean: Dead Men Tell No Tales
2016,21,May 20-22,"$128,324,753 ",-11.30%,"$137,158,400 ",-11%,125,The Angry Birds Movie
2015,21,May 22-25Memorial Day wknd,"$182,887,788 ",-15.60%,"$194,717,763 ",-16.10%,81,Tomorrowland
2015,21,May 22-24,"$144,619,728 ",-17.50%,"$154,080,020 ",-17.70%,92,Tomorrowland
2014,21,May 23-26Memorial Day wknd,"$216,734,334 ",-29.20%,"$232,102,154 ",-26.10%,103,X-Men: Days of Future Past
2014,21,May 23-25,"$175,346,822 ",-29.30%,"$187,304,335 ",-26.50%,108,X-Men: Days of Future Past
2013,21,May 24-27Memorial Day wknd,"$305,927,990 ",67.50%,"$314,240,146 ",61.90%,97,Fast & Furious 6
2013,21,May 24-26,"$248,032,672 ",71.80%,"$254,693,249 ",66.20%,106,Fast & Furious 6
2012,21,May 25-28Memorial Day wknd,"$182,669,246 ",-31%,"$194,092,495 ",-29.90%,111,Men in Black 3
2012,21,May 25-27,"$144,354,167 ",-32.30%,"$153,244,254 ",-31.30%,119,Men in Black 3
2011,21,May 27-29,"$213,334,314 ",50.90%,"$223,026,879 ",48.20%,109,The Hangover Part II
2011,21,May 27-30Memorial Day wknd,"$264,689,498 ",-,"$276,889,541 ",-,106,The Hangover Part II
2010,21,May 21-23,"$141,404,309 ",-16%,"$150,510,497 ",-14.60%,114,Shrek Forever After
2009,21,May 22-25Memorial Day wknd,"$211,868,707 ",-0.20%,"$221,901,103 ",1.10%,112,Night at the Museum: Battle of the Smithsonian
2009,21,May 22-24,"$168,355,487 ",1.10%,"$176,294,011 ",2.30%,112,Night at the Museum: Battle of the Smithsonian
2008,21,May 23-26Memorial Day wknd,"$212,296,393 ",-13.10%,"$219,455,440 ",-14.10%,118,Indiana Jones and the Kingdom of the Crystal Skull
2008,21,May 23-25,"$166,568,045 ",-15.70%,"$172,319,606 ",-16.30%,121,Indiana Jones and the Kingdom of the Crystal Skull
2019,22,May 31-Jun 2,"$167,597,113 ",72.70%,"$174,090,953 ",63.10%,106,Godzilla: King of the Monsters
2018,22,Jun 1-3,"$97,051,566 ",-45.80%,"$106,760,099 ",-42.60%,115,Solo: A Star Wars Story
2017,22,Jun 2-4,"$179,022,383 ",13.80%,"$185,842,459 ",13.20%,110,Wonder Woman
2016,22,May 27-30Memorial Day wknd,"$196,994,624 ",-,"$205,474,478 ",-,88,X-Men: Apocalypse
2016,22,May 27-29,"$157,294,653 ",19.90%,"$164,133,840 ",18.50%,109,X-Men: Apocalypse
2015,22,May 29-31,"$131,136,807 ",-16.80%,"$138,472,506 ",-16.80%,83,San Andreas
2014,22,May 30-Jun 1,"$157,680,341 ",-1.20%,"$166,531,884 ",0.60%,110,Maleficent
2013,22,May 31-Jun 2,"$159,570,972 ",20.70%,"$165,545,465 ",15.90%,110,Fast & Furious 6
2012,22,Jun 1-3,"$132,181,371 ",-13.30%,"$142,828,971 ",-10.50%,129,Snow White and the Huntsman
2011,22,Jun 3-5,"$152,390,551 ",6%,"$159,624,804 ",5.10%,114,X-Men: First Class
2010,22,May 28-30,"$143,797,811 ",-10.10%,"$151,897,664 ",-8.60%,105,Shrek Forever After
2010,22,May 28-31Memorial Day wknd,"$182,383,311 ",-,"$192,706,796 ",-,103,Shrek Forever After
2009,22,May 29-31,"$159,873,985 ",-2%,"$166,122,627 ",-1.40%,110,Up
2008,22,May 30-Jun 1,"$163,144,136 ",28%,"$168,531,880 ",25.10%,134,Sex and the City
2019,23,Jun 7-9,"$158,327,825 ",44.40%,"$165,733,750 ",37.80%,101,The Secret Life of Pets 2
2018,23,Jun 8-10,"$109,660,193 ",-20.10%,"$120,294,762 ",-16.60%,112,Ocean's Eight
2017,23,Jun 9-11,"$137,307,539 ",11%,"$144,176,376 ",6.80%,108,Wonder Woman
2016,23,Jun 3-5,"$123,684,021 ",0.70%,"$134,999,656 ",1.70%,102,Teenage Mutant Ninja Turtles: Out of the Shadows
2015,23,Jun 5-7,"$122,790,825 ",-20.20%,"$132,771,309 ",-18.50%,89,Spy
2014,23,Jun 6-8,"$153,810,858 ",8.80%,"$162,996,895 ",9.20%,111,The Fault in Our Stars
2013,23,Jun 7-9,"$141,384,924 ",-17.70%,"$149,251,384 ",-17.80%,105,The Purge
2012,23,Jun 8-10,"$171,705,112 ",30.90%,"$181,630,363 ",31.60%,131,Madagascar 3: Europe's Most Wanted
2011,23,Jun 10-12,"$131,188,107 ",8.80%,"$138,055,726 ",7.20%,107,Super 8
2010,23,Jun 4-6,"$120,565,073 ",-23.70%,"$128,826,490 ",-22.20%,120,Shrek Forever After
2009,23,Jun 5-7,"$157,921,508 ",-7.10%,"$165,598,060 ",-5.60%,120,The Hangover
2008,23,Jun 6-8,"$169,909,290 ",31.30%,"$175,464,379 ",29.20%,123,Kung Fu Panda
2019,24,Jun 14-16,"$123,601,448 ",-52.20%,"$135,914,033 ",-49.90%,100,Men in Black: International
2018,24,Jun 15-17,"$258,481,930 ",44.50%,"$271,034,765 ",42.20%,104,Incredibles 2
2017,24,Jun 16-18,"$178,932,468 ",28.20%,"$190,580,340 ",24.70%,115,Cars 3
2016,24,Jun 10-12,"$139,567,249 ",-47.50%,"$152,792,949 ",-44.20%,107,The Conjuring 2
2015,24,Jun 12-14,"$266,035,144 ",50.10%,"$273,785,662 ",46.40%,88,Jurassic World
2014,24,Jun 13-15,"$177,277,722 ",-8.10%,"$187,054,204 ",-8.30%,124,22 Jump Street
2013,24,Jun 14-16,"$192,954,929 ",59.90%,"$204,034,802 ",56.50%,102,Man of Steel
2012,24,Jun 15-17,"$120,646,402 ",-16.90%,"$130,345,800 ",-15.20%,111,Madagascar 3: Europe's Most Wanted
2011,24,Jun 17-19,"$145,208,661 ",3.40%,"$153,747,605 ",1.50%,106,Green Lantern
2010,24,Jun 11-13,"$140,451,060 ",8.60%,"$151,488,729 ",9.80%,117,The Karate Kid
2009,24,Jun 12-14,"$129,330,317 ",-26.10%,"$137,931,239 ",-23.30%,125,The Hangover
2008,24,Jun 13-15,"$174,921,744 ",27%,"$179,896,805 ",23.70%,127,The Incredible Hulk
2019,25,Jun 21-23,"$189,899,923 ",-29.50%,"$203,833,169 ",-26.50%,102,Toy Story 4
2018,25,Jun 22-24,"$269,388,336 ",107.20%,"$277,365,758 ",97%,103,Jurassic World: Fallen Kingdom
2017,25,Jun 23-25,"$130,023,273 ",-41.70%,"$140,826,843 ",-39.60%,109,Transformers: The Last Knight
2016,25,Jun 17-19,"$223,184,760 ",-6.50%,"$233,178,561 ",-6%,99,Finding Dory
2015,25,Jun 19-21,"$238,740,396 ",75.80%,"$248,039,944 ",70%,90,Jurassic World
2014,25,Jun 20-22,"$135,785,499 ",-40.60%,"$145,919,699 ",-39.30%,112,Think Like a Man Too
2013,25,Jun 21-23,"$228,593,120 ",50%,"$240,393,582 ",45.80%,107,Monsters University
2012,25,Jun 22-24,"$152,347,191 ",-7.60%,"$164,829,173 ",-6.90%,107,Brave
2011,25,Jun 24-26,"$164,865,297 ",-12.10%,"$177,057,217 ",-11.30%,116,Cars 2
2010,25,Jun 18-20,"$187,642,041 ",34.20%,"$199,685,836 ",32.30%,116,Toy Story 3
2009,25,Jun 19-21,"$139,770,972 ",2.90%,"$150,983,198 ",5.40%,124,The Proposal
2008,25,Jun 20-22,"$135,822,136 ",11.40%,"$143,215,343 ",8.80%,123,Get Smart
2019,26,Jun 28-30,"$138,825,078 ",-17%,"$151,841,304 ",-15.60%,96,Toy Story 4
2018,26,Jun 29-Jul 1,"$167,201,140 ",6.40%,"$179,844,255 ",5.90%,108,Jurassic World: Fallen Kingdom
2017,26,Jun 30-Jul 4July 4th long wknd,"$221,241,108 ",-,"$239,317,563 ",-,77,Despicable Me 3
2017,26,Jun 30-Jul 2,"$157,207,541 ",-11.20%,"$169,890,949 ",-10%,110,Despicable Me 3
2016,26,Jun 24-26,"$177,111,633 ",1.70%,"$188,682,746 ",2.50%,105,Finding Dory
2015,26,Jun 26-28,"$174,073,731 ",1.80%,"$184,087,635 ",2.20%,101,Jurassic World
2014,26,Jun 27-29,"$171,037,682 ",-5.20%,"$180,104,687 ",-5.60%,124,Transformers: Age of Extinction
2013,26,Jun 28-30,"$180,411,163 ",-4.90%,"$190,698,431 ",-9.20%,104,Monsters University
2012,26,Jun 29-Jul 1,"$189,645,968 ",1.80%,"$210,047,382 ",3.90%,105,Ted
2011,26,Jul 1-4July 4th long wknd,"$222,359,534 ",-,"$241,553,443 ",-,102,Transformers: Dark of the Moon
2011,26,Jul 1-3,"$186,283,764 ",20.70%,"$202,163,864 ",22.40%,106,Transformers: Dark of the Moon
2010,26,Jun 25-27,"$154,390,043 ",-19%,"$165,180,607 ",-17.70%,106,Toy Story 3
2009,26,Jun 26-28,"$190,609,317 ",7.70%,"$200,752,945 ",8.30%,114,Transformers: Revenge of the Fallen
2008,26,Jun 27-29,"$176,907,464 ",24.80%,"$185,436,843 ",19.30%,129,WALL·E
2019,27,Jul 5-7,"$174,209,668 ",-1.50%,"$183,814,074 ",-2.50%,96,Spider-Man: Far from Home
2018,27,Jul 6-8,"$176,800,250 ",-10.90%,"$188,609,905 ",-8.70%,102,Ant-Man and the Wasp
2017,27,Jul 7-9,"$198,323,345 ",10.40%,"$206,488,903 ",8.30%,109,Spider-Man: Homecoming
2016,27,Jul 1-4July 4th long wknd,"$218,013,006 ",-,"$231,141,103 ",-,85,Finding Dory
2016,27,Jul 1-3,"$179,579,258 ",41.40%,"$190,593,683 ",40.80%,93,Finding Dory
2015,27,Jul 3-5,"$127,004,488 ",10.10%,"$135,328,419 ",2.20%,88,Inside Out
2014,27,Jul 4-6,"$115,345,546 ",-47.40%,"$132,438,349 ",-42.40%,110,Transformers: Age of Extinction
2013,27,Jul 5-7,"$219,263,985 ",23%,"$229,781,413 ",16.80%,95,Despicable Me 2
2012,27,Jul 6-8,"$178,335,880 ",27%,"$196,767,679 ",25.90%,109,The Amazing Spider-Man
2011,27,Jul 8-10,"$140,474,359 ",-21.60%,"$156,322,000 ",-16.90%,118,Transformers: Dark of the Moon
2010,27,Jul 2-4,"$179,066,707 ",17.30%,"$188,212,207 ",15.90%,101,The Twilight Saga: Eclipse
2010,27,Jul 2-5July 4th long wknd,"$238,231,616 ",-,"$250,408,407 ",-,96,The Twilight Saga: Eclipse
2009,27,Jul 3-5,"$152,619,904 ",1.80%,"$162,461,789 ",1.40%,103,Transformers: Revenge of the Fallen
2008,27,Jul 4-6,"$149,925,900 ",-6.30%,"$160,175,719 ",-7.90%,116,Hancock
2019,28,Jul 12-14,"$114,124,922 ",-25.90%,"$126,932,873 ",-23.50%,103,Spider-Man: Far from Home
2018,28,Jul 13-15,"$154,037,869 ",-1.30%,"$166,028,564 ",1.70%,102,Hotel Transylvania 3: Summer Vacation
2017,28,Jul 14-16,"$156,068,438 ",-24.20%,"$163,324,876 ",-24.90%,109,War for the Planet of the Apes
2016,28,Jul 8-10,"$205,989,677 ",1.50%,"$217,491,665 ",1.10%,100,The Secret Life of Pets
2015,28,Jul 10-12,"$202,943,834 ",51.70%,"$215,076,951 ",43.20%,103,Minions
2014,28,Jul 11-13,"$133,801,344 ",-27.20%,"$150,191,251 ",-23.60%,117,Dawn of the Planet of the Apes
2013,28,Jul 12-14,"$183,777,279 ",22.50%,"$196,649,715 ",19.20%,109,Despicable Me 2
2012,28,Jul 13-15,"$150,002,519 ",-39.70%,"$165,029,467 ",-37.10%,113,Ice Age: Continental Drift
2011,28,Jul 15-17,"$248,568,927 ",36.20%,"$262,299,124 ",36.80%,120,Harry Potter and the Deathly Hallows: Part 2
2010,28,Jul 9-11,"$182,442,390 ",38%,"$191,704,186 ",33.80%,110,Despicable Me
2009,28,Jul 10-12,"$132,244,941 ",-5.50%,"$143,315,556 ",-5.30%,107,Brüno
2008,28,Jul 11-13,"$139,919,684 ",-17.10%,"$151,360,113 ",-16.50%,127,Hellboy II: The Golden Army
2019,29,Jul 19-21,"$253,574,574 ",61.10%,"$263,882,516 ",52.90%,102,The Lion King
2018,29,Jul 20-22,"$157,376,958 ",-9%,"$172,609,113 ",-4.50%,101,The Equalizer 2
2017,29,Jul 21-23,"$172,931,486 ",14.20%,"$180,801,251 ",10.90%,114,Dunkirk
2016,29,Jul 15-17,"$151,409,743 ",-15.20%,"$163,103,247 ",-15.90%,110,The Secret Life of Pets
2015,29,Jul 17-19,"$178,494,977 ",36.70%,"$193,925,542 ",30%,100,Ant-Man
2014,29,Jul 18-20,"$130,550,571 ",-25.10%,"$149,206,140 ",-23.80%,104,Dawn of the Planet of the Apes
2013,29,Jul 19-21,"$174,305,736 ",-21.30%,"$195,751,234 ",-15.40%,109,The Conjuring
2012,29,Jul 20-22,"$221,423,729 ",23.70%,"$231,285,377 ",21.30%,102,The Dark Knight Rises
2011,29,Jul 22-24,"$179,068,823 ",5.80%,"$190,704,210 ",7.10%,114,Captain America: The First Avenger
2010,29,Jul 16-18,"$169,206,774 ",12.50%,"$178,138,271 ",11%,106,Inception
2009,29,Jul 17-19,"$150,389,463 ",-40.10%,"$160,546,686 ",-38.40%,112,Harry Potter and the Half-Blood Prince
2008,29,Jul 18-20,"$250,971,601 ",74.20%,"$260,528,431 ",67.40%,122,The Dark Knight
2019,30,Jul 26-28,"$155,622,904 ",8.60%,"$162,868,015 ",4%,97,The Lion King
2018,30,Jul 27-29,"$143,331,278 ",6.90%,"$156,588,266 ",8.40%,111,Mission: Impossible - Fallout
2017,30,Jul 28-30,"$134,073,732 ",-24.90%,"$144,397,313 ",-26.40%,122,Dunkirk
2016,30,Jul 22-24,"$178,420,955 ",29.10%,"$196,083,640 ",29.80%,103,Star Trek Beyond
2015,30,Jul 24-26,"$138,254,037 ",4.70%,"$151,040,028 ",-2.40%,100,Ant-Man
2014,30,Jul 25-27,"$132,017,659 ",-13%,"$154,787,126 ",-10.20%,117,Lucy
2013,30,Jul 26-28,"$151,703,400 ",22.20%,"$172,372,267 ",28.20%,104,The Wolverine
2012,30,Jul 27-29,"$124,187,763 ",-26%,"$134,433,234 ",-25.20%,108,The Dark Knight Rises
2011,30,Jul 29-31,"$167,881,029 ",11.40%,"$179,729,836 ",10.80%,122,Cowboys & Aliens
2010,30,Jul 23-25,"$150,757,392 ",9.10%,"$162,240,124 ",7%,103,Inception
2009,30,Jul 24-26,"$138,205,853 ",-19%,"$151,593,131 ",-16.20%,112,G-Force
2008,30,Jul 25-27,"$170,701,895 ",0.90%,"$180,876,759 ",-2%,120,The Dark Knight
2019,31,Aug 2-4,"$143,893,312 ",20.20%,"$148,998,871 ",6.60%,97,Fast & Furious Presents: Hobbs & Shaw
2018,31,Aug 3-5,"$119,739,621 ",13.60%,"$139,748,359 ",13.80%,108,Mission: Impossible - Fallout
2017,31,Aug 4-6,"$105,440,174 ",-39.70%,"$122,787,940 ",-35.40%,106,The Dark Tower
2016,31,Jul 29-31,"$174,855,310 ",28.40%,"$190,037,811 ",29.90%,103,Jason Bourne
2015,31,Jul 31-Aug 2,"$136,167,805 ",-18.80%,"$146,282,363 ",-21.50%,95,Mission: Impossible - Rogue Nation
2014,31,Aug 1-3,"$167,783,615 ",42.30%,"$186,409,629 ",34.90%,109,Guardians of the Galaxy
2013,31,Aug 2-4,"$117,938,083 ",5.80%,"$138,139,733 ",12.20%,100,2 Guns
2012,31,Aug 3-5,"$111,448,685 ",-27.90%,"$123,067,042 ",-26.50%,113,The Dark Knight Rises
2011,31,Aug 5-7,"$154,610,555 ",20%,"$167,357,649 ",15.20%,125,Rise of the Planet of the Apes
2010,31,Jul 30-Aug 1,"$128,821,145 ",20.20%,"$145,266,883 ",13.70%,106,Inception
2009,31,Jul 31-Aug 2,"$107,143,812 ",-24%,"$127,760,028 ",-16.50%,119,Funny People
2008,31,Aug 1-3,"$140,934,095 ",-10.50%,"$153,060,805 ",-13.80%,122,The Dark Knight
2019,32,Aug 9-11,"$121,235,199 ",-4.50%,"$132,104,260 ",-10.30%,92,Fast & Furious Presents: Hobbs & Shaw
2018,32,Aug 10-12,"$126,978,553 ",33.30%,"$147,302,462 ",26%,100,The Meg
2017,32,Aug 11-13,"$95,249,031 ",-56.30%,"$116,913,742 ",-48.90%,123,Annabelle: Creation
2016,32,Aug 5-7,"$217,747,182 ",92.30%,"$228,766,926 ",73.40%,101,Suicide Squad
2015,32,Aug 7-9,"$113,252,833 ",-33.30%,"$131,916,514 ",-29.20%,94,Mission: Impossible - Rogue Nation
2014,32,Aug 8-10,"$169,712,505 ",23.30%,"$186,257,061 ",16.90%,115,Teenage Mutant Ninja Turtles
2013,32,Aug 9-11,"$137,650,749 ",6.60%,"$159,265,982 ",11.90%,103,Elysium
2012,32,Aug 10-12,"$129,143,882 ",-4.10%,"$142,282,599 ",-8.40%,113,The Bourne Legacy
2011,32,Aug 12-14,"$134,605,986 ",14.30%,"$155,403,377 ",16.60%,129,Rise of the Planet of the Apes
2010,32,Aug 6-8,"$117,746,775 ",-6.30%,"$133,296,768 ",-9.40%,110,The Other Guys
2009,32,Aug 7-9,"$125,660,546 ",16%,"$147,046,404 ",21%,115,G.I. Joe: The Rise of Cobra
2008,32,Aug 8-10,"$108,322,998 ",-19.70%,"$121,575,179 ",-21.80%,123,The Dark Knight
2019,33,Aug 16-18,"$101,857,634 ",-8%,"$120,307,107 ",-7.10%,101,Good Boys
2018,33,Aug 17-19,"$110,718,157 ",46.30%,"$129,469,267 ",34.20%,114,Crazy Rich Asians
2017,33,Aug 18-20,"$75,677,045 ",-50.80%,"$96,486,715 ",-44%,124,The Hitman's Bodyguard
2016,33,Aug 12-14,"$153,823,583 ",18.60%,"$172,300,640 ",16.30%,113,Suicide Squad
2015,33,Aug 14-16,"$129,704,209 ",3.80%,"$148,106,885 ",3.70%,98,Straight Outta Compton
2014,33,Aug 15-17,"$124,986,010 ",10%,"$142,851,832 ",2.40%,105,Teenage Mutant Ninja Turtles
2013,33,Aug 16-18,"$113,572,527 ",-7.50%,"$139,521,935 ",-,116,Lee Daniels' The Butler
2012,33,Aug 17-19,"$122,759,783 ",26.20%,"$139,508,493 ",12.30%,109,The Expendables 2
2011,33,Aug 19-21,"$97,303,811 ",-23.90%,"$124,210,930 ",-13.50%,126,The Help
2010,33,Aug 13-15,"$127,804,668 ",7.30%,"$143,572,917 ",0.80%,110,The Expendables
2009,33,Aug 14-16,"$119,101,428 ",11.90%,"$142,476,028 ",13.90%,116,District 9
2008,33,Aug 15-17,"$106,423,430 ",-2%,"$125,105,639 ",-4%,123,Tropic Thunder
2019,34,Aug 23-25,"$87,899,112 ",4%,"$108,764,687 ",4.90%,98,Angel Has Fallen
2018,34,Aug 24-26,"$84,558,009 ",83.40%,"$103,657,410 ",49.60%,113,Crazy Rich Asians
2017,34,Aug 25-27,"$46,116,140 ",-59%,"$69,312,122 ",-47.50%,130,The Hitman's Bodyguard
2016,34,Aug 19-21,"$112,417,199 ",31.70%,"$132,091,889 ",23.90%,111,Suicide Squad
2015,34,Aug 21-23,"$85,356,247 ",-12.20%,"$106,631,353 ",-7.30%,94,Straight Outta Compton
2014,34,Aug 22-24,"$97,178,514 ",15.90%,"$114,968,447 ",4.60%,104,Guardians of the Galaxy
2013,34,Aug 23-25,"$83,842,081 ",10.70%,"$109,886,108 ",12%,116,Lee Daniels' The Butler
2012,34,Aug 24-26,"$75,735,631 ",9%,"$98,074,600 ",5.10%,119,The Expendables 2
2011,34,Aug 26-28,"$69,507,839 ",-31.90%,"$93,298,182 ",-27.30%,131,The Help
2010,34,Aug 20-22,"$102,089,078 ",-4.10%,"$128,353,711 ",0.90%,115,The Expendables
2009,34,Aug 21-23,"$106,503,767 ",28.80%,"$127,268,259 ",19.90%,120,Inglourious Basterds
2008,34,Aug 22-24,"$82,667,170 ",-2.40%,"$106,158,138 ",-3.30%,120,Tropic Thunder
2019,35,Aug 30-Sep 2Labor Day wknd,"$84,263,777 ",-12.50%,"$120,764,143 ",-6.60%,82,Angel Has Fallen
2019,35,Aug 30-Sep 1,"$63,928,598 ",-13.40%,"$91,695,023 ",-7.70%,99,Angel Has Fallen
2018,35,Aug 31-Sep 3Labor Day wknd,"$96,296,736 ",56.10%,"$129,333,336 ",32.20%,95,Crazy Rich Asians
2018,35,Aug 31-Sep 2,"$73,798,836 ",51%,"$99,366,551 ",28%,108,Crazy Rich Asians
2017,35,Sep 1-3,"$48,865,218 ",-46.40%,"$77,634,434 ",-33.80%,125,The Hitman's Bodyguard
2017,35,Sep 1-4Labor Day wknd,"$61,708,167 ",-,"$97,866,622 ",-,121,The Hitman's Bodyguard
2016,35,Aug 26-28,"$91,226,565 ",44.40%,"$117,321,334 ",33.60%,107,Don't Breathe
2015,35,Aug 28-30,"$63,160,916 ",-23.70%,"$87,836,416 ",-19.80%,96,Straight Outta Compton
2014,35,Aug 29-Sep 1Labor Day wknd,"$107,180,218 ",-2.60%,"$141,284,370 ",-12.90%,94,Guardians of the Galaxy
2014,35,Aug 29-31,"$82,775,516 ",-2.60%,"$109,546,806 ",-12.40%,109,Guardians of the Galaxy
2013,35,Aug 30-Sep 2Labor Day wknd,"$110,020,537 ",8.90%,"$162,136,448 ",21%,112,Lee Daniels' The Butler
2013,35,Aug 30-Sep 1,"$84,942,972 ",8.20%,"$124,995,564 ",20.20%,117,One Direction: This Is Us
2012,35,Aug 31-Sep 3Labor Day wknd,"$100,987,641 ",1.60%,"$133,965,411 ",-3.60%,100,The Possession
2012,35,Aug 31-Sep 2,"$78,473,593 ",2.50%,"$103,958,765 ",-2.90%,106,The Possession
2011,35,Sep 2-5Labor Day wknd,"$99,407,337 ",-,"$138,952,409 ",-,122,The Help
2011,35,Sep 2-4,"$76,554,062 ",-12.20%,"$107,106,553 ",-6.70%,130,The Help
2010,35,Aug 27-29,"$87,206,831 ",-17.20%,"$114,807,532 ",-8.20%,113,Takers
2009,35,Aug 28-30,"$105,329,392 ",53.70%,"$125,028,168 ",27.30%,119,The Final Destination
2008,35,Aug 29-Sep 1Labor Day wknd,"$85,925,307 ",-24.40%,"$123,794,714 ",-16.50%,120,Tropic Thunder
2008,35,Aug 29-31,"$68,515,837 ",-25.30%,"$98,191,562 ",-17%,121,Tropic Thunder
2019,36,Sep 6-8,"$123,496,912 ",16.10%,"$138,423,528 ",14.30%,92,It Chapter Two
2018,36,Sep 7-9,"$106,333,196 ",-30.50%,"$121,114,594 ",-26.20%,112,The Nun
2017,36,Sep 8-10,"$153,028,668 ",128.80%,"$164,044,803 ",63.90%,135,It
2016,36,Sep 2-5Labor Day wknd,"$85,743,900 ",9.80%,"$128,361,944 ",9.80%,98,Don't Breathe
2016,36,Sep 2-4,"$66,887,892 ",11.40%,"$100,107,664 ",10.50%,106,Don't Breathe
2015,36,Sep 4-6,"$60,032,495 ",24.90%,"$90,555,329 ",36.90%,95,War Room
2015,36,Sep 4-7Labor Day wknd,"$78,105,044 ",-,"$116,912,740 ",-,85,War Room
2014,36,Sep 5-7,"$48,083,368 ",-22%,"$66,163,578 ",-22.20%,120,Guardians of the Galaxy
2013,36,Sep 6-8,"$61,672,745 ",31.90%,"$85,014,635 ",25.50%,135,Riddick
2012,36,Sep 7-9,"$46,747,004 ",-22.80%,"$67,728,681 ",-17.30%,125,The Possession
2011,36,Sep 9-11,"$60,588,164 ",-18.70%,"$81,936,910 ",-22%,139,Contagion
2010,36,Sep 3-6Labor Day wknd,"$93,408,796 ",-3%,"$132,758,175 ",6.70%,111,The American
2010,36,Sep 3-5,"$74,512,580 ",-2.50%,"$105,085,438 ",7.50%,113,The American
2009,36,Sep 4-7Labor Day wknd,"$96,256,938 ",-,"$124,476,257 ",-,108,The Final Destination
2009,36,Sep 4-6,"$76,384,281 ",64.80%,"$97,776,362 ",43.80%,110,The Final Destination
2008,36,Sep 5-7,"$46,350,874 ",-25%,"$68,005,476 ",-15%,126,Bangkok Dangerous
2019,37,Sep 13-15,"$97,031,904 ",3.20%,"$110,793,852 ",1.50%,106,It Chapter Two
2018,37,Sep 14-16,"$94,001,600 ",-7.50%,"$109,133,476 ",-2.80%,130,The Predator
2017,37,Sep 15-17,"$101,574,131 ",26.40%,"$112,222,203 ",11.30%,143,It
2016,37,Sep 9-11,"$80,346,710 ",-1.60%,"$100,848,825 ",-1.60%,122,Sully
2015,37,Sep 11-13,"$81,621,359 ",11.40%,"$102,512,365 ",12.20%,110,The Perfect Guy
2014,37,Sep 12-14,"$73,297,493 ",-15.30%,"$91,402,770 ",-11.80%,122,No Good Deed
2013,37,Sep 13-15,"$86,531,368 ",33.50%,"$103,651,335 ",19.40%,134,Insidious: Chapter 2
2012,37,Sep 14-16,"$64,824,244 ",-21.80%,"$86,814,721 ",-15%,124,Resident Evil: Retribution
2011,37,Sep 16-18,"$82,870,886 ",34.30%,"$102,167,957 ",24.70%,140,The Lion King2011 3D Release
2010,37,Sep 10-12,"$61,707,602 ",-13.60%,"$81,958,202 ",-11.20%,123,Resident Evil: Afterlife
2009,37,Sep 11-13,"$71,451,514 ",-13%,"$92,274,610 ",-8.70%,122,I Can Do Bad All by Myself
2008,37,Sep 12-14,"$82,159,485 ",36.10%,"$101,041,980 ",27.30%,131,Burn After Reading
2019,38,Sep 20-22,"$113,373,910 ",44.80%,"$123,431,530 ",33.70%,106,Downton Abbey
2018,38,Sep 21-23,"$78,315,568 ",-27.80%,"$92,316,508 ",-21.70%,124,The House with a Clock in Its Walls
2017,38,Sep 22-24,"$108,472,634 ",52.60%,"$117,918,784 ",31%,131,Kingsman: The Golden Circle
2016,38,Sep 16-18,"$71,090,385 ",-26.10%,"$90,021,653 ",-20.20%,126,Sully
2015,38,Sep 18-20,"$96,138,932 ",6.80%,"$112,827,167 ",9.30%,114,Maze Runner: The Scorch Trials
2014,38,Sep 19-21,"$90,003,667 ",28.90%,"$103,238,746 ",18.20%,124,The Maze Runner
2013,38,Sep 20-22,"$69,831,206 ",-2.90%,"$87,331,800 ",-3.90%,141,Prisoners
2012,38,Sep 21-23,"$71,888,652 ",-30.50%,"$90,881,797 ",-23%,123,End of Watch
2011,38,Sep 23-25,"$103,498,944 ",22.70%,"$118,048,412 ",17.30%,141,The Lion King2011 3D Release
2010,38,Sep 17-19,"$84,334,484 ",1.30%,"$100,674,305 ",-1.20%,135,The Town
2009,38,Sep 18-20,"$83,214,524 ",14.30%,"$101,915,572 ",14.10%,132,Cloudy with a Chance of Meatballs
2008,38,Sep 19-21,"$72,805,930 ",-3.10%,"$89,307,263 ",-8.10%,137,Lakeview Terrace
2019,39,Sep 27-29,"$83,354,126 ",-9.50%,"$94,527,125 ",-11.20%,111,Abominable
2018,39,Sep 28-30,"$92,141,186 ",14.80%,"$106,442,479 ",17.20%,130,Night School
2017,39,Sep 29-Oct 1,"$80,260,428 ",-13.60%,"$90,846,336 ",-12.80%,131,Kingsman: The Golden Circle
2016,39,Sep 23-25,"$92,840,344 ",-26.10%,"$104,137,992 ",-24.40%,134,The Magnificent Seven
2015,39,Sep 25-27,"$125,667,878 ",30.90%,"$137,820,669 ",28%,118,Hotel Transylvania 2
2014,39,Sep 26-28,"$95,966,661 ",4.80%,"$107,678,203 ",-0.40%,131,The Equalizer
2013,39,Sep 27-29,"$91,565,449 ",-11.10%,"$108,160,536 ",-9.30%,135,Cloudy with a Chance of Meatballs 2
2012,39,Sep 28-30,"$102,991,094 ",23.60%,"$119,272,334 ",20.10%,122,Hotel Transylvania
2011,39,Sep 30-Oct 2,"$83,299,660 ",-6.30%,"$99,307,078 ",-1.40%,127,Dolphin Tale
2010,39,Sep 24-26,"$88,901,910 ",12%,"$100,709,968 ",4%,138,Wall Street: Money Never Sleeps
2009,39,Sep 25-27,"$79,376,189 ",-3.40%,"$96,863,428 ",-4.40%,137,Cloudy with a Chance of Meatballs
2008,39,Sep 26-28,"$82,148,111 ",12.80%,"$101,343,749 ",11.20%,125,Eagle Eye
2019,40,Oct 4-6,"$142,713,298 ",-15.50%,"$150,554,448 ",-15.80%,107,Joker
2018,40,Oct 5-8Columbus Day wknd,"$193,103,101 ",72.20%,"$203,648,461 ",68.20%,74,Venom
2018,40,Oct 5-7,"$168,979,851 ",74.20%,"$178,863,365 ",69.40%,122,Venom
2017,40,Oct 6-9Columbus Day wknd,"$112,153,933 ",-,"$121,081,241 ",-,67,Blade Runner 2049
2017,40,Oct 6-8,"$97,001,069 ",-5.10%,"$105,557,205 ",-8.10%,132,Blade Runner 2049
2016,40,Sep 30-Oct 2,"$102,190,772 ",-26.90%,"$114,916,308 ",-23.30%,136,Miss Peregrine's Home for Peculiar Children
2015,40,Oct 2-4,"$139,834,346 ",2.60%,"$149,774,721 ",0.20%,124,The Martian
2014,40,Oct 3-5,"$136,249,161 ",22.20%,"$149,452,204 ",18.10%,123,Gone Girl
2013,40,Oct 4-6,"$111,457,653 ",-14.30%,"$126,592,855 ",-11%,132,Gravity
2012,40,Oct 5-8Columbus Day wknd,"$147,590,739 ",62.20%,"$158,700,116 ",49.50%,54,Taken 2
2012,40,Oct 5-7,"$130,018,694 ",62.40%,"$142,194,488 ",49.50%,114,Taken 2
2011,40,Oct 7-9,"$80,038,160 ",-3%,"$95,125,477 ",-,129,Real Steel
2011,40,Oct 7-10Columbus Day wknd,"$91,007,749 ",-,"$106,161,269 ",-,53,Real Steel
2010,40,Oct 1-3,"$82,543,307 ",-5.60%,"$95,043,566 ",-11.30%,140,The Social Network
2009,40,Oct 2-4,"$87,465,911 ",-3.50%,"$107,092,990 ",-5.80%,130,Zombieland
2008,40,Oct 3-5,"$90,629,110 ",43.70%,"$113,697,851 ",34.50%,126,Beverly Hills Chihuahua
2019,41,Oct 11-14Columbus Day wknd,"$152,832,766 ",-,"$161,043,554 ",-,59,Joker
2019,41,Oct 11-13,"$132,906,213 ",5.40%,"$141,301,420 ",3.30%,100,Joker
2018,41,Oct 12-14,"$126,136,778 ",42.10%,"$136,738,283 ",36.10%,126,Venom
2017,41,Oct 13-15,"$88,765,700 ",-4.70%,"$100,461,379 ",-3.70%,135,Happy Death Day
2016,41,Oct 7-9,"$93,110,131 ",-12.80%,"$104,318,625 ",-12.30%,127,The Girl on the Train
2016,41,Oct 7-10Columbus Day wknd,"$106,770,187 ",-12.70%,"$117,974,034 ",-11.40%,69,The Girl on the Train
2015,41,Oct 9-12Columbus Day wknd,"$122,246,820 ",-18.50%,"$133,112,208 ",-20.30%,51,The Martian
2015,41,Oct 9-11,"$106,804,689 ",-18.70%,"$118,992,658 ",-19.30%,112,The Martian
2014,41,Oct 10-13Columbus Day wknd,"$150,009,908 ",25.80%,"$166,940,703 ",27%,63,Gone Girl
2014,41,Oct 10-12,"$131,383,392 ",27%,"$147,462,707 ",26.50%,122,Gone Girl
2013,41,Oct 11-14Columbus Day wknd,"$119,207,873 ",-,"$131,493,515 ",-,54,Gravity
2013,41,Oct 11-13,"$103,432,837 ",-11.80%,"$116,527,523 ",-10.40%,116,Gravity
2012,41,Oct 12-14,"$117,244,701 ",61.20%,"$129,987,942 ",47.70%,117,Taken 2
2011,41,Oct 14-16,"$72,749,806 ",-5.40%,"$87,980,984 ",-5.20%,127,Real Steel
2010,41,Oct 8-11Columbus Day wknd,"$87,413,887 ",-17%,"$103,670,689 ",-16%,52,The Social Network
2010,41,Oct 8-10,"$76,880,100 ",-16.30%,"$92,845,180 ",-15.70%,133,The Social Network
2009,41,Oct 9-12Columbus Day wknd,"$105,261,988 ",15.10%,"$123,465,598 ",9.20%,57,Couples Retreat
2009,41,Oct 9-11,"$91,892,437 ",13.70%,"$110,115,725 ",8%,133,Couples Retreat
2008,41,Oct 10-12,"$80,803,153 ",0.60%,"$101,937,331 ",1.90%,139,Beverly Hills Chihuahua
2008,41,Oct 10-13Columbus Day wknd,"$91,420,183 ",-,"$113,091,916 ",-,60,Beverly Hills Chihuahua
2019,42,Oct 18-20,"$129,825,817 ",-16.80%,"$137,773,594 ",-17%,108,Maleficent: Mistress of Evil
2018,42,Oct 19-21,"$155,990,869 ",104.20%,"$166,083,062 ",73%,111,Halloween
2017,42,Oct 20-22,"$76,408,192 ",-10.10%,"$95,980,741 ",-3%,137,Boo 2! A Madea Halloween
2016,42,Oct 14-16,"$84,988,876 ",-21.90%,"$98,992,813 ",-18.60%,127,The Accountant
2015,42,Oct 16-18,"$108,805,935 ",-5.60%,"$121,579,792 ",-7.70%,108,Goosebumps
2014,42,Oct 17-19,"$115,233,422 ",27%,"$131,793,399 ",26.10%,117,Fury
2013,42,Oct 18-20,"$90,753,518 ",-21.50%,"$104,483,096 ",-19.10%,121,Gravity
2012,42,Oct 19-21,"$115,619,564 ",9.90%,"$129,118,109 ",6.30%,118,Paranormal Activity 4
2011,42,Oct 21-23,"$105,208,900 ",-10.10%,"$121,497,511 ",-7.70%,138,Paranormal Activity 3
2010,42,Oct 15-17,"$117,078,913 ",-6.10%,"$131,587,463 ",-5.10%,144,Jackass 3D
2009,42,Oct 16-18,"$124,637,638 ",55.80%,"$138,588,159 ",38.20%,135,Where the Wild Things Are
2008,42,Oct 17-19,"$79,992,286 ",16.10%,"$100,261,162 ",10.70%,131,Max Payne
2018,43,Oct 26-28,"$90,992,092 ",57.20%,"$105,667,363 ",37.50%,119,Halloween
2017,43,Oct 27-29,"$57,899,380 ",-46.90%,"$76,856,088 ",-38.50%,128,Jigsaw
2016,43,Oct 21-23,"$109,125,994 ",21.50%,"$125,010,284 ",18.20%,132,Boo! A Madea Halloween
2015,43,Oct 23-25,"$89,803,867 ",-7.50%,"$105,775,731 ",-8.80%,110,The Martian
2014,43,Oct 24-26,"$97,071,579 ",4.10%,"$116,024,797 ",12.60%,122,Ouija
2013,43,Oct 25-27,"$93,288,479 ",24.70%,"$103,005,325 ",10.10%,117,Bad Grandpa
2012,43,Oct 26-28,"$74,831,900 ",-17.10%,"$93,548,501 ",-9.60%,119,Argo
2011,43,Oct 28-30,"$90,229,806 ",-23%,"$103,466,351 ",-20.20%,128,Puss in Boots
2010,43,Oct 22-24,"$117,205,902 ",16.10%,"$129,623,238 ",11.60%,126,Paranormal Activity 2
2009,43,Oct 23-25,"$100,949,943 ",-12.90%,"$116,118,451 ",-13.70%,135,Paranormal Activity
2008,43,Oct 24-26,"$115,860,151 ",42.60%,"$134,501,763 ",31.30%,135,High School Musical 3: Senior Year
2018,44,Nov 2-4,"$129,384,786 ",-21.40%,"$145,822,119 ",-19.10%,119,Bohemian Rhapsody
2017,44,Nov 3-5,"$164,643,982 ",121.90%,"$180,275,276 ",102.90%,126,Thor: Ragnarok
2016,44,Oct 28-30,"$74,204,699 ",27%,"$88,827,696 ",19.80%,123,Boo! A Madea Halloween
2015,44,Oct 30-Nov 1,"$58,434,174 ",-21.90%,"$74,128,462 ",-22%,108,The Martian
2014,44,Oct 31-Nov 2,"$74,843,496 ",-35.50%,"$94,999,696 ",-25.80%,120,Ouija
2013,44,Nov 1-3,"$115,987,099 ",-2.40%,"$128,021,451 ",-7.50%,120,Ender's Game
2012,44,Nov 2-4,"$118,833,677 ",18.10%,"$138,368,039 ",20.80%,119,Wreck-It Ralph
2011,44,Nov 4-6,"$100,619,007 ",22.60%,"$114,563,511 ",22.50%,130,Puss in Boots
2010,44,Oct 29-31,"$82,076,962 ",5.90%,"$93,503,374 ",2.90%,125,Saw: The Final Chapter
2009,44,Oct 30-Nov 1,"$77,489,382 ",11.80%,"$90,874,415 ",3.70%,133,This Is It
2008,44,Oct 31-Nov 2,"$69,307,204 ",-41.70%,"$87,673,009 ",-35%,140,High School Musical 3: Senior Year
2018,45,Nov 9-11,"$152,580,543 ",10.70%,"$168,344,121 ",11.10%,113,The Grinch
2017,45,Nov 10-12,"$137,873,693 ",-23.70%,"$151,562,937 ",-20.90%,124,Thor: Ragnarok
2016,45,Nov 4-6,"$180,664,140 ",21.40%,"$191,568,495 ",18.30%,123,Doctor Strange
2015,45,Nov 6-8,"$148,792,362 ",4.30%,"$161,918,615 ",3.10%,112,Spectre
2014,45,Nov 7-9,"$142,643,895 ",-9.70%,"$157,108,227 ",-6.50%,121,Big Hero 6
2013,45,Nov 8-10,"$157,930,421 ",-1%,"$167,996,561 ",-3.20%,124,Thor: The Dark World
2012,45,Nov 9-11,"$159,539,986 ",28.50%,"$173,520,562 ",27%,120,Skyfall
2011,45,Nov 11-13,"$124,195,132 ",-10.10%,"$136,668,947 ",-10.20%,116,Immortals
2010,45,Nov 5-7,"$138,136,720 ",34.20%,"$152,229,980 ",27%,124,Megamind
2009,45,Nov 6-8,"$102,932,989 ",-16.60%,"$119,864,425 ",-15.90%,128,A Christmas Carol
2008,45,Nov 7-9,"$123,379,106 ",30.90%,"$142,496,307 ",25.40%,134,Madagascar: Escape 2 Africa
2018,46,Nov 16-18,"$161,437,498 ",-16.30%,"$174,705,199 ",-12.30%,107,Fantastic Beasts: The Crimes of Grindelwald
2017,46,Nov 17-19,"$192,816,366 ",32.20%,"$199,223,159 ",25.70%,111,Justice League
2016,46,Nov 11-13,"$145,898,093 ",55.80%,"$158,440,850 ",46.60%,122,Doctor Strange
2015,46,Nov 13-15,"$93,635,619 ",-25.50%,"$108,047,802 ",-23.10%,112,Spectre
2014,46,Nov 14-16,"$125,728,488 ",9.20%,"$140,548,635 ",10.40%,108,Dumb and Dumber To
2013,46,Nov 15-17,"$115,112,784 ",-52.10%,"$127,348,048 ",-49.10%,117,Thor: The Dark World
2012,46,Nov 16-18,"$240,504,453 ",12.90%,"$250,086,091 ",12.40%,115,The Twilight Saga: Breaking Dawn - Part 2
2011,46,Nov 18-20,"$213,090,559 ",97.90%,"$222,537,158 ",83.30%,113,The Twilight Saga: Breaking Dawn - Part 1
2010,46,Nov 12-14,"$107,692,567 ",-13.20%,"$121,393,329 ",-13.30%,123,Megamind
2009,46,Nov 13-15,"$124,130,245 ",-7.90%,"$139,985,928 ",-5.90%,128,2012
2008,46,Nov 14-16,"$134,787,672 ",49%,"$148,685,590 ",42.20%,127,Quantum of Solace
2018,47,Nov 23-25,"$203,836,618 ",14.20%,"$216,475,781 ",14.60%,99,Ralph Breaks the Internet
2018,47,Nov 21-25Thanksgiving 5-Day,"$298,630,062 ",16.90%,"$314,861,631 ",17.70%,64,Ralph Breaks the Internet
2018,47,Nov 22-25Thanksgiving 4-Day,"$243,903,928 ",14.80%,"$257,931,535 ",15.70%,64,Ralph Breaks the Internet
2018,47,Nov 23-25Thanksgiving 3-Day,"$203,836,618 ",14.20%,"$216,475,781 ",14.60%,99,Ralph Breaks the Internet
2017,47,Nov 24-26Thanksgiving 3-Day,"$178,495,539 ",-,"$188,835,224 ",-,99,Coco
2017,47,Nov 23-26Thanksgiving 4-Day,"$212,423,997 ",-,"$222,844,449 ",-,60,Coco
2017,47,Nov 22-26Thanksgiving 5-Day,"$255,508,291 ",-,"$267,474,764 ",-,61,Coco
2017,47,Nov 24-26,"$178,495,539 ",21.80%,"$188,835,224 ",19.50%,99,Coco
2016,47,Nov 18-20,"$146,558,755 ",-10.20%,"$157,984,223 ",-9%,121,Fantastic Beasts and Where to Find Them
2015,47,Nov 20-22,"$163,255,301 ",-11.50%,"$173,610,096 ",-10.80%,110,The Hunger Games: Mockingjay - Part 2
2014,47,Nov 21-23,"$184,467,355 ",-14%,"$194,683,879 ",-14%,97,The Hunger Games: Mockingjay - Part 1
2013,47,Nov 22-24,"$214,593,579 ",8.10%,"$226,500,439 ",9%,109,The Hunger Games: Catching Fire
2012,47,Nov 23-25Thanksgiving 3-Day,"$198,595,121 ",33.70%,"$207,815,979 ",25.90%,107,The Twilight Saga: Breaking Dawn - Part 2
2012,47,Nov 22-25Thanksgiving 4-Day,"$235,765,617 ",34.70%,"$244,861,842 ",28.50%,49,The Twilight Saga: Breaking Dawn - Part 2
2012,47,Nov 21-25Thanksgiving 5-Day,"$279,039,688 ",34.40%,"$289,573,641 ",28.60%,50,The Twilight Saga: Breaking Dawn - Part 2
2012,47,Nov 23-25,"$198,595,121 ",33.70%,"$207,815,979 ",25.90%,107,The Twilight Saga: Breaking Dawn - Part 2
2011,47,Nov 25-27Thanksgiving 3-Day,"$148,515,080 ",-,"$165,042,631 ",-,107,The Twilight Saga: Breaking Dawn - Part 1
2011,47,Nov 24-27Thanksgiving 4-Day,"$175,056,305 ",-,"$190,495,014 ",-,50,The Twilight Saga: Breaking Dawn - Part 1
2011,47,Nov 23-27Thanksgiving 5-Day,"$207,648,272 ",-,"$225,149,356 ",-,50,The Twilight Saga: Breaking Dawn - Part 1
2011,47,Nov 25-27,"$148,515,080 ",-19.50%,"$165,042,631 ",-15.20%,107,The Twilight Saga: Breaking Dawn - Part 1
2010,47,Nov 19-21,"$184,491,055 ",-25.30%,"$194,526,066 ",-24.80%,114,Harry Potter and the Deathly Hallows: Part 1
2009,47,Nov 20-22,"$246,948,248 ",59.50%,"$258,576,253 ",57%,123,The Twilight Saga: New Moon
2008,47,Nov 21-23,"$154,817,872 ",10.60%,"$164,744,894 ",1.60%,118,Twilight
2018,48,Nov 30-Dec 2Post-Thanksgiving,"$106,190,738 ",9.80%,"$119,701,329 ",13.80%,104,Ralph Breaks the Internet
2018,48,Nov 30-Dec 2,"$106,190,738 ",9.80%,"$119,701,329 ",13.80%,104,Ralph Breaks the Internet
2017,48,Dec 1-3,"$96,708,952 ",-43.30%,"$105,185,400 ",-43%,110,Coco
2017,48,Dec 1-3Post-Thanksgiving,"$96,708,952 ",-,"$105,185,400 ",-,110,Coco
2016,48,Nov 25-27Thanksgiving 3-Day,"$170,608,751 ",1.70%,"$184,385,596 ",1%,116,Moana
2016,48,Nov 24-27Thanksgiving 4-Day,"$202,563,369 ",1.60%,"$217,250,328 ",0.70%,55,Moana
2016,48,Nov 23-27Thanksgiving 5-Day,"$243,739,138 ",2.40%,"$260,702,622 ",1.50%,56,Moana
2016,48,Nov 25-27,"$170,608,751 ",1.70%,"$184,385,596 ",1%,116,Moana
2015,48,Nov 27-29Thanksgiving 3-Day,"$167,805,985 ",10.50%,"$182,526,007 ",11.40%,86,The Hunger Games: Mockingjay - Part 2
2015,48,Nov 26-29Thanksgiving 4-Day,"$199,324,369 ",11.30%,"$215,717,632 ",13.70%,48,The Hunger Games: Mockingjay - Part 2
2015,48,Nov 25-29Thanksgiving 5-Day,"$238,078,648 ",10.80%,"$256,957,261 ",13.20%,48,The Hunger Games: Mockingjay - Part 2
2015,48,Nov 27-29,"$167,805,985 ",10.50%,"$182,526,007 ",11.40%,86,The Hunger Games: Mockingjay - Part 2
2014,48,Nov 28-30Thanksgiving 3-Day,"$151,851,533 ",-19.90%,"$163,791,775 ",-21.30%,97,The Hunger Games: Mockingjay - Part 1
2014,48,Nov 27-30Thanksgiving 4-Day,"$179,114,437 ",-20.10%,"$189,771,521 ",-22.40%,52,The Hunger Games: Mockingjay - Part 1
2014,48,Nov 26-30Thanksgiving 5-Day,"$214,781,730 ",-20%,"$226,978,340 ",-22.30%,52,The Hunger Games: Mockingjay - Part 1
2014,48,Nov 28-30,"$151,851,533 ",-19.90%,"$163,791,775 ",-21.30%,97,The Hunger Games: Mockingjay - Part 1
2013,48,Nov 29-Dec 1Thanksgiving 3-Day,"$189,483,142 ",-,"$208,125,032 ",-,104,The Hunger Games: Catching Fire
2013,48,Nov 28-Dec 1Thanksgiving 4-Day,"$224,232,953 ",-,"$244,535,600 ",-,50,The Hunger Games: Catching Fire
2013,48,Nov 27-Dec 1Thanksgiving 5-Day,"$268,488,814 ",-,"$292,303,215 ",-,50,The Hunger Games: Catching Fire
2013,48,Nov 29-Dec 1,"$189,483,142 ",88.10%,"$208,125,032 ",81.80%,104,The Hunger Games: Catching Fire
2012,48,Nov 30-Dec 2Post-Thanksgiving,"$100,734,688 ",42.90%,"$114,496,488 ",40.50%,108,The Twilight Saga: Breaking Dawn - Part 2
2012,48,Nov 30-Dec 2,"$100,734,688 ",42.90%,"$114,496,488 ",40.50%,108,The Twilight Saga: Breaking Dawn - Part 2
2011,48,Dec 2-4Post-Thanksgiving,"$70,515,083 ",-,"$81,502,185 ",-,101,The Twilight Saga: Breaking Dawn - Part 1
2011,48,Dec 2-4,"$70,515,083 ",-58%,"$81,502,185 ",-55%,101,The Twilight Saga: Breaking Dawn - Part 1
2010,48,Nov 26-28,"$167,833,958 ",-2.60%,"$181,242,458 ",-2.70%,103,Harry Potter and the Deathly Hallows: Part 1
2010,48,Nov 25-28Thanksgiving 4-Day,"$201,819,715 ",-4.80%,"$215,713,375 ",-4.20%,49,Harry Potter and the Deathly Hallows: Part 1
2010,48,Nov 24-28Thanksgiving 5-Day,"$242,152,785 ",-3.70%,"$257,951,386 ",-3.30%,48,Harry Potter and the Deathly Hallows: Part 1
2010,48,Nov 26-28Thanksgiving 3-Day,"$167,833,958 ",-2.60%,"$181,242,458 ",-2.70%,103,Harry Potter and the Deathly Hallows: Part 1
2009,48,Nov 27-29,"$172,369,237 ",13.20%,"$186,348,522 ",14.60%,109,The Twilight Saga: New Moon
2009,48,Nov 26-29Thanksgiving 4-Day,"$212,001,958 ",14.60%,"$225,057,670 ",15.90%,55,The Twilight Saga: New Moon
2009,48,Nov 25-29Thanksgiving 5-Day,"$251,418,028 ",15.20%,"$266,644,110 ",16.60%,55,The Twilight Saga: New Moon
2009,48,Nov 27-29Thanksgiving 3-Day,"$172,369,237 ",13.20%,"$186,348,522 ",14.60%,109,The Twilight Saga: New Moon
2008,48,Nov 28-30Thanksgiving 3-Day,"$152,333,947 ",-,"$162,603,106 ",-,105,Four Christmases
2008,48,Nov 27-30Thanksgiving 4-Day,"$185,072,958 ",-,"$194,205,391 ",-,53,Four Christmases
2008,48,Nov 26-30Thanksgiving 5-Day,"$218,303,171 ",-,"$228,766,509 ",-,53,Four Christmases
2008,48,Nov 28-30,"$152,333,947 ",122.50%,"$162,603,106 ",92.50%,105,Four Christmases
2018,49,Dec 7-9,"$73,877,715 ",4.60%,"$85,822,147 ",1.10%,100,Ralph Breaks the Internet
2017,49,Dec 8-10,"$70,644,026 ",-15.60%,"$84,873,861 ",-11.40%,108,Coco
2016,49,Dec 2-4Post-Thanksgiving,"$83,749,622 ",-3.50%,"$95,805,897 ",-2.10%,131,Moana
2016,49,Dec 2-4,"$83,749,622 ",-3.50%,"$95,805,897 ",-2.10%,131,Moana
2015,49,Dec 4-6,"$86,761,557 ",27.40%,"$97,833,704 ",25.10%,95,The Hunger Games: Mockingjay - Part 2
2015,49,Dec 4-6Post-Thanksgiving,"$86,761,557 ",27.40%,"$97,833,704 ",25.10%,95,The Hunger Games: Mockingjay - Part 2
2014,49,Dec 5-7Post-Thanksgiving,"$68,103,918 ",-18.90%,"$78,180,686 ",-17.30%,96,The Hunger Games: Mockingjay - Part 1
2014,49,Dec 5-7,"$68,103,918 ",-18.90%,"$78,180,686 ",-17.30%,96,The Hunger Games: Mockingjay - Part 1
2013,49,Dec 6-8Post-Thanksgiving,"$83,941,456 ",-,"$94,535,353 ",-,96,Frozen
2013,49,Dec 6-8,"$83,941,456 ",22.80%,"$94,535,353 ",16.80%,96,Frozen
2012,49,Dec 7-9,"$68,367,628 ",7.10%,"$80,905,506 ",7.40%,119,Skyfall
2011,49,Dec 9-11,"$63,846,449 ",-14.90%,"$75,350,071 ",-12.70%,113,New Year's Eve
2010,49,Dec 3-5Post-Thanksgiving,"$75,004,741 ",-13%,"$86,325,286 ",-13.40%,119,Tangled
2010,49,Dec 3-5,"$75,004,741 ",-13%,"$86,325,286 ",-13.40%,119,Tangled
2009,49,Dec 4-6Post-Thanksgiving,"$86,237,399 ",17.40%,"$99,663,975 ",20.90%,113,The Blind Side
2009,49,Dec 4-6,"$86,237,399 ",17.40%,"$99,663,975 ",20.90%,113,The Blind Side
2008,49,Dec 5-7,"$73,440,488 ",7.80%,"$82,434,771 ",-0.90%,115,Four Christmases
2008,49,Dec 5-7Post-Thanksgiving,"$73,440,488 ",-,"$82,434,771 ",-,115,Four Christmases
2018,50,Dec 14-16,"$101,640,559 ",-62%,"$120,463,418 ",-56.70%,100,Spider-Man: Into the Spider-Verse
2017,50,Dec 15-17,"$267,186,366 ",273.30%,"$278,067,957 ",232.20%,86,Star Wars: Episode VIII - The Last Jedi
2016,50,Dec 9-11,"$71,566,771 ",7.30%,"$83,717,240 ",8.10%,114,Moana
2015,50,Dec 11-13,"$66,695,452 ",-9.60%,"$77,446,378 ",-7.80%,92,The Hunger Games: Mockingjay - Part 2
2014,50,Dec 12-14,"$73,808,138 ",-46.70%,"$84,013,268 ",-43.10%,100,Exodus: Gods and Kings
2013,50,Dec 13-15,"$138,369,003 ",9.10%,"$147,702,714 ",8%,94,The Hobbit: The Desolation of Smaug
2012,50,Dec 14-16,"$126,779,394 ",19.60%,"$136,705,051 ",15.60%,109,The Hobbit: An Unexpected Journey
2011,50,Dec 16-18,"$105,970,233 ",29.90%,"$118,308,106 ",28.80%,106,Sherlock Holmes: A Game of Shadows
2010,50,Dec 10-12,"$81,560,957 ",-1.30%,"$91,871,496 ",-5.30%,119,The Chronicles of Narnia: The Voyage of the Dawn Treader
2009,50,Dec 11-13,"$82,656,512 ",5.30%,"$97,058,602 ",5.80%,104,The Princess and the Frog
2008,50,Dec 12-14,"$78,517,597 ",-47.50%,"$91,696,655 ",-43.10%,105,The Day the Earth Stood Still
2018,51,Dec 21-25Christmas long wknd,"$260,363,074 ",10.10%,"$291,020,519 ",12.10%,60,Aquaman
2018,51,Dec 21-23,"$163,297,800 ",-0.60%,"$178,360,577 ",0.10%,76,Aquaman
2017,51,Dec 22-25Christmas long wknd,"$236,559,567 ",-,"$259,567,981 ",-,62,Star Wars: Episode VIII - The Last Jedi
2017,51,Dec 22-24,"$164,303,262 ",-19.30%,"$178,168,406 ",-15.80%,72,Star Wars: Episode VIII - The Last Jedi
2016,51,Dec 16-18,"$203,485,726 ",-32.80%,"$211,583,035 ",-32.50%,99,Rogue One: A Star Wars Story
2015,51,Dec 18-20,"$302,697,164 ",148%,"$313,284,961 ",131.90%,86,Star Wars: Episode VII - The Force Awakens
2014,51,Dec 19-21,"$122,059,385 ",-9.50%,"$135,107,375 ",-5.90%,78,The Hobbit: The Battle of the Five Armies
2013,51,Dec 20-22,"$134,837,792 ",39.70%,"$143,571,365 ",29.50%,80,The Hobbit: The Desolation of Smaug
2012,51,Dec 21-25Christmas long wknd,"$169,697,974 ",-1.40%,"$204,882,187 ",3.40%,53,The Hobbit: An Unexpected Journey
2012,51,Dec 21-23,"$96,513,334 ",-12.40%,"$110,869,479 ",-13.40%,95,The Hobbit: An Unexpected Journey
2011,51,Dec 23-25,"$110,230,829 ",-11.80%,"$128,078,515 ",-4.90%,82,Mission: Impossible - Ghost Protocol
2011,51,Dec 23-26Christmas long wknd,"$172,035,139 ",-,"$198,065,301 ",-,75,Mission: Impossible - Ghost Protocol
2010,51,Dec 17-19,"$124,993,526 ",-1.10%,"$134,672,257 ",-2.40%,112,TRON: Legacy
2009,51,Dec 18-20,"$126,343,342 ",63.20%,"$137,963,395 ",55.90%,96,Avatar
2008,51,Dec 19-21,"$77,424,767 ",-47.60%,"$88,506,299 ",-44.60%,92,Yes Man
2019,52,"Dec 28-Jan 1, 2019New Year's long wknd","$254,547,234 ",12.60%,"$288,846,349 ",14%,53,Aquaman
2018,52,"Dec 29-Jan 1, 2018New Year's long wknd","$226,045,913 ",-,"$253,441,683 ",-,67,Star Wars: Episode VIII - The Last Jedi
2018,52,Dec 28-30,"$165,718,403 ",-4.40%,"$188,210,389 ",-3%,78,Aquaman
2017,52,Dec 29-31,"$173,344,651 ",5%,"$194,096,602 ",7%,74,Star Wars: Episode VIII - The Last Jedi
2016,52,Dec 23-25,"$165,020,197 ",-39.60%,"$181,350,322 ",-38.80%,82,Rogue One: A Star Wars Story
2016,52,Dec 23-26Christmas long wknd,"$250,611,546 ",-,"$274,763,402 ",-,67,Rogue One: A Star Wars Story
2015,52,Dec 25-27,"$273,024,546 ",53%,"$296,447,415 ",41.50%,72,Star Wars: Episode VII - The Force Awakens
2014,52,Dec 26-28,"$178,499,687 ",6.40%,"$209,570,080 ",6.30%,83,The Hobbit: The Battle of the Five Armies
2013,52,"Dec 28-Jan 1, 2013New Year's long wknd","$237,786,853 ",37.20%,"$277,443,906 ",38.60%,54,The Hobbit: An Unexpected Journey
2013,52,Dec 27-29,"$167,837,974 ",8.10%,"$197,177,755 ",8.60%,81,The Hobbit: The Desolation of Smaug
2012,52,Dec 28-30,"$155,214,547 ",15.40%,"$181,537,855 ",17.30%,90,The Hobbit: An Unexpected Journey
2012,52,"Dec 30-Jan 2, 2012New Year's long wknd","$173,320,352 ",-,"$200,114,665 ",-,76,Mission: Impossible - Ghost Protocol
2012,52,"Dec 30-Jan 1, 2012","$134,488,475 ",8.30%,"$154,783,233 ",10.60%,81,Mission: Impossible - Ghost Protocol
2010,52,Dec 24-26,"$124,133,496 ",-51.40%,"$139,938,201 ",-48.20%,97,Little Fockers
2009,52,Dec 25-27,"$255,212,095 ",50.10%,"$270,119,719 ",34%,83,Avatar
2008,52,"Dec 28-Jan 1, 2008New Year's long wknd","$232,891,078 ",33%,"$275,032,134 ",29.10%,74,National Treasure: Book of Secrets
2008,52,Dec 26-28,"$169,982,431 ",7.60%,"$201,594,006 ",8.40%,85,Marley & Me
