TW,LW,Title,Studio,Weekend Gross,% Change,Theater Count,Change,Average,Total Gross,Budget*,Week #,ith year,ith week
1,2,Jumanji: Welcome to the Jungle,Sony,"$37,233,653 ",-25.60%,3801,36,"$9,796 ","$245,606,319 ",$90 ,3,2018,1
2,N,Insidious: The Last Key,Uni.,"$29,581,355 ",-,3116,-,"$9,493 ","$29,581,355 ",$10 ,1,2018,1
3,1,Star Wars: The Last Jedi,BV,"$23,728,944 ",-54.80%,4232,-,"$5,607 ","$572,691,546 ",$317 ,4,2018,1
4,4,The Greatest Showman,Fox,"$13,770,951 ",-11.30%,3342,26,"$4,121 ","$76,875,323 ",$84 ,3,2018,1
5,3,Pitch Perfect 3,Uni.,"$10,298,345 ",-38.70%,3458,-10,"$2,978 ","$86,055,435 ",$45 ,3,2018,1
6,5,Ferdinand,Fox,"$7,697,773 ",-32.40%,3156,-181,"$2,439 ","$70,466,891 ",$111 ,4,2018,1
7,13,Molly's Game,STX,"$6,856,578 ",191.80%,1608,"1,337","$4,264 ","$14,073,138 ",-,2,2018,1
8,8,Darkest Hour,Focus,"$6,050,225 ",10.30%,1733,790,"$3,491 ","$28,086,332 ",-,7,2018,1
9,6,Coco,BV,"$5,382,651 ",-27.90%,1894,-210,"$2,842 ","$191,925,612 ",-,7,2018,1
10,7,All the Money in the World,TriS,"$3,571,226 ",-36.10%,2123,49,"$1,682 ","$20,153,135 ",-,2,2018,1
1,1,Jumanji: Welcome to the Jungle,Sony,"$28,101,972 ",-24.50%,3849,48,"$7,301 ","$284,237,881 ",$90 ,4,2018,2
2,15,The Post,Fox,"$19,361,968 ",1040.30%,2819,"2,783","$6,868 ","$23,851,205 ",$50 ,4,2018,2
3,N,The Commuter,LGF,"$13,701,452 ",-,2892,-,"$4,738 ","$13,701,452 ",-,1,2018,2
4,4,The Greatest Showman,Fox,"$12,467,471 ",-9.50%,2938,-404,"$4,244 ","$95,221,339 ",$84 ,4,2018,2
5,2,Insidious: The Last Key,Uni.,"$12,419,715 ",-58.00%,3150,34,"$3,943 ","$48,660,855 ",$10 ,2,2018,2
6,3,Star Wars: The Last Jedi,BV,"$11,854,481 ",-50.00%,3090,-1142,"$3,836 ","$592,129,065 ",$317 ,5,2018,2
7,N,Paddington 2,WB,"$11,001,961 ",-,3702,-,"$2,972 ","$11,001,961 ",-,1,2018,2
8,N,Proud Mary,SGem,"$9,959,053 ",-,2125,-,"$4,687 ","$9,959,053 ",$14 ,1,2018,2
9,5,Pitch Perfect 3,Uni.,"$5,994,400 ",-41.80%,2505,-953,"$2,393 ","$94,993,625 ",$45 ,4,2018,2
10,8,Darkest Hour,Focus,"$4,462,740 ",-26.20%,1693,-40,"$2,636 ","$35,678,292 ",-,8,2018,2
1,1,Jumanji: Welcome to the Jungle,Sony,"$19,505,170 ",-30.60%,3704,-145,"$5,266 ","$316,450,318 ",$90 ,5,2018,3
2,N,12 Strong,WB,"$15,815,025 ",-,3002,-,"$5,268 ","$15,815,025 ",-,1,2018,3
3,N,Den of Thieves,STX,"$15,206,108 ",-,2432,-,"$6,253 ","$15,206,108 ",-,1,2018,3
4,2,The Post,Fox,"$11,716,960 ",-39.50%,2851,32,"$4,110 ","$44,758,362 ",$50 ,5,2018,3
5,4,The Greatest Showman,Fox,"$10,644,824 ",-14.60%,2823,-115,"$3,771 ","$113,125,431 ",$84 ,5,2018,3
6,7,Paddington 2,WB,"$8,009,129 ",-27.20%,3702,-,"$2,163 ","$24,810,362 ",-,2,2018,3
7,3,The Commuter,LGF,"$6,603,842 ",-51.80%,2892,-,"$2,283 ","$25,627,371 ",-,2,2018,3
8,6,Star Wars: The Last Jedi,BV,"$6,555,435 ",-44.70%,2456,-634,"$2,669 ","$604,273,911 ",$317 ,6,2018,3
9,5,Insidious: The Last Key,Uni.,"$5,874,055 ",-52.70%,2546,-604,"$2,307 ","$58,658,320 ",$10 ,3,2018,3
10,N,Forever My Girl,RAtt.,"$4,245,630 ",-,1114,-,"$3,811 ","$4,245,630 ",$3.50 ,1,2018,3
1,N,Maze Runner: The Death Cure,Fox,"$24,167,011 ",-,3787,-,"$6,382 ","$24,167,011 ",$62 ,1,2018,4
2,1,Jumanji: Welcome to the Jungle,Sony,"$16,144,874 ",-17.20%,3553,-151,"$4,544 ","$337,802,077 ",$90 ,6,2018,4
3,23,Hostiles,ENTMP,"$10,110,739 ",1642.40%,2816,"2,697","$3,590 ","$11,958,534 ",-,6,2018,4
4,5,The Greatest Showman,Fox,"$9,550,367 ",-10.30%,2663,-160,"$3,586 ","$126,525,599 ",$84 ,6,2018,4
5,4,The Post,Fox,"$9,107,141 ",-22.30%,2640,-211,"$3,450 ","$58,793,064 ",$50 ,6,2018,4
6,2,12 Strong,WB,"$8,686,066 ",-45.10%,3018,16,"$2,878 ","$29,810,676 ",-,2,2018,4
7,3,Den of Thieves,STX,"$8,632,808 ",-43.20%,2432,-,"$3,550 ","$28,775,253 ",-,2,2018,4
8,16,The Shape of Water,FoxS,"$5,922,553 ",170.90%,1854,"1,001","$3,194 ","$37,901,298 ",-,9,2018,4
9,6,Paddington 2,WB,"$5,668,433 ",-29.20%,2792,-910,"$2,030 ","$32,118,849 ",-,3,2018,4
10,N,Padmaavat,VPD,"$4,493,384 ",-,326,-,"$13,783 ","$5,000,650 ",-,1,2018,4
1,2,Jumanji: Welcome to the Jungle,Sony,"$10,930,222 ",-32.30%,3352,-201,"$3,261 ","$352,572,974 ",$90 ,7,2018,5
2,1,Maze Runner: The Death Cure,Fox,"$10,474,895 ",-56.70%,3793,6,"$2,762 ","$40,035,094 ",$62 ,2,2018,5
3,N,Winchester,LGF,"$9,307,626 ",-,2480,-,"$3,753 ","$9,307,626 ",-,1,2018,5
4,4,The Greatest Showman,Fox,"$7,695,644 ",-19.40%,2588,-75,"$2,974 ","$137,370,816 ",$84 ,7,2018,5
5,5,The Post,Fox,"$5,218,122 ",-42.70%,2462,-178,"$2,119 ","$67,202,632 ",$50 ,7,2018,5
6,3,Hostiles,ENTMP,"$5,108,228 ",-49.50%,2934,118,"$1,741 ","$20,822,641 ",-,7,2018,5
7,6,12 Strong,WB,"$4,706,481 ",-45.80%,2918,-100,"$1,613 ","$37,300,034 ",-,3,2018,5
8,7,Den of Thieves,STX,"$4,551,163 ",-47.30%,2112,-320,"$2,155 ","$36,152,095 ",-,3,2018,5
9,8,The Shape of Water,FoxS,"$4,448,520 ",-24.90%,2341,487,"$1,900 ","$44,728,570 ",-,10,2018,5
10,9,Paddington 2,WB,"$3,277,453 ",-42.20%,2388,-404,"$1,372 ","$36,481,132 ",-,4,2018,5
1,N,Fifty Shades Freed,Uni.,"$38,560,195 ",-,3768,-,"$10,234 ","$38,560,195 ",$55 ,1,2018,6
2,N,Peter Rabbit,Sony,"$25,010,928 ",-,3725,-,"$6,714 ","$25,010,928 ",$50 ,1,2018,6
3,N,The 15:17 to Paris,WB,"$12,554,286 ",-,3042,-,"$4,127 ","$12,554,286 ",$30 ,1,2018,6
4,1,Jumanji: Welcome to the Jungle,Sony,"$10,023,344 ",-8.30%,3136,-216,"$3,196 ","$365,855,215 ",$90 ,8,2018,6
5,4,The Greatest Showman,Fox,"$6,443,343 ",-16.30%,2373,-215,"$2,715 ","$146,579,213 ",$84 ,8,2018,6
6,2,Maze Runner: The Death Cure,Fox,"$6,222,303 ",-40.60%,2923,-870,"$2,129 ","$49,240,432 ",$62 ,3,2018,6
7,3,Winchester,LGF,"$5,211,217 ",-44.00%,2480,-,"$2,101 ","$17,338,575 ",-,2,2018,6
8,5,The Post,Fox,"$3,631,998 ",-30.40%,1865,-597,"$1,947 ","$72,968,518 ",$50 ,8,2018,6
9,9,The Shape of Water,FoxS,"$3,177,255 ",-28.60%,1780,-561,"$1,785 ","$49,942,946 ",-,11,2018,6
10,8,Den of Thieves,STX,"$2,999,379 ",-34.10%,1468,-644,"$2,043 ","$41,070,702 ",-,4,2018,6
1,N,Black Panther,BV,"$202,003,951 ",-,4020,-,"$50,250 ","$202,003,951 ",-,1,2018,7
2,2,Peter Rabbit,Sony,"$17,506,207 ",-30.00%,3725,-,"$4,700 ","$48,478,749 ",$50 ,2,2018,7
3,1,Fifty Shades Freed,Uni.,"$17,307,545 ",-55.10%,3768,-,"$4,593 ","$76,499,000 ",$55 ,2,2018,7
4,4,Jumanji: Welcome to the Jungle,Sony,"$7,937,970 ",-20.80%,2800,-336,"$2,835 ","$377,616,535 ",$90 ,9,2018,7
5,3,The 15:17 to Paris,WB,"$7,586,015 ",-39.60%,3042,-,"$2,494 ","$25,333,732 ",$30 ,2,2018,7
6,5,The Greatest Showman,Fox,"$5,033,518 ",-21.90%,1936,-437,"$2,600 ","$154,411,874 ",$84 ,9,2018,7
7,N,Early Man,LGF,"$3,190,525 ",-,2494,-,"$1,279 ","$3,190,525 ",-,1,2018,7
8,6,Maze Runner: The Death Cure,Fox,"$2,600,395 ",-58.20%,1892,-1031,"$1,374 ","$54,080,521 ",$62 ,4,2018,7
9,7,Winchester,LGF,"$2,205,695 ",-57.70%,1479,-1001,"$1,491 ","$21,835,874 ",-,3,2018,7
10,8,The Post,Fox,"$1,988,634 ",-45.20%,1050,-815,"$1,894 ","$76,598,006 ",$50 ,9,2018,7
1,1,Black Panther,BV,"$111,658,835 ",-44.70%,4020,-,"$27,776 ","$403,613,257 ",-,2,2018,8
2,N,Game Night,WB (NL),"$17,005,332 ",-,3488,-,"$4,875 ","$17,005,332 ",$37 ,1,2018,8
3,2,Peter Rabbit,Sony,"$12,760,382 ",-27.10%,3707,-18,"$3,442 ","$71,506,084 ",$50 ,3,2018,8
4,N,Annihilation,Par.,"$11,071,584 ",-,2012,-,"$5,503 ","$11,071,584 ",$40 ,1,2018,8
5,3,Fifty Shades Freed,Uni.,"$7,147,285 ",-58.70%,3265,-503,"$2,189 ","$89,793,065 ",$55 ,3,2018,8
6,4,Jumanji: Welcome to the Jungle,Sony,"$5,650,497 ",-28.80%,2519,-281,"$2,243 ","$387,284,712 ",$90 ,10,2018,8
7,5,The 15:17 to Paris,WB,"$3,573,259 ",-52.90%,2752,-290,"$1,298 ","$32,231,011 ",$30 ,3,2018,8
8,6,The Greatest Showman,Fox,"$3,411,649 ",-32.20%,1601,-335,"$2,131 ","$160,778,519 ",$84 ,10,2018,8
9,N,Every Day (2018),Orion,"$3,016,149 ",-,1667,-,"$1,809 ","$3,016,149 ",$4.90 ,1,2018,8
10,7,Early Man,LGF,"$1,773,963 ",-44.40%,2494,-,$711 ,"$6,853,385 ",-,2,2018,8
1,1,Black Panther,BV,"$66,306,935 ",-40.60%,4084,64,"$16,236 ","$501,706,972 ",-,3,2018,9
2,N,Red Sparrow,Fox,"$16,853,422 ",-,3056,-,"$5,515 ","$16,853,422 ",$69 ,1,2018,9
3,N,Death Wish (2018),MGM,"$13,010,267 ",-,2847,-,"$4,570 ","$13,010,267 ",$30 ,1,2018,9
4,2,Game Night,WB (NL),"$10,412,496 ",-38.80%,3502,14,"$2,973 ","$33,240,262 ",$37 ,2,2018,9
5,3,Peter Rabbit,Sony,"$10,005,177 ",-21.60%,3607,-100,"$2,774 ","$84,065,553 ",$50 ,4,2018,9
6,4,Annihilation,Par.,"$5,607,902 ",-49.30%,2112,100,"$2,655 ","$20,594,644 ",$40 ,2,2018,9
7,6,Jumanji: Welcome to the Jungle,Sony,"$4,438,090 ",-21.50%,2313,-206,"$1,919 ","$393,139,443 ",$90 ,11,2018,9
8,5,Fifty Shades Freed,Uni.,"$3,400,505 ",-52.40%,2614,-651,"$1,301 ","$95,689,965 ",$55 ,4,2018,9
9,8,The Greatest Showman,Fox,"$2,703,357 ",-20.80%,1407,-194,"$1,921 ","$164,644,800 ",$84 ,11,2018,9
10,9,Every Day (2018),Orion,"$1,542,354 ",-48.90%,1669,2,$924 ,"$5,243,158 ",$4.90 ,2,2018,9
1,1,Black Panther,BV,"$40,817,579 ",-38.40%,3942,-142,"$10,355 ","$561,697,180 ",-,4,2018,10
2,N,A Wrinkle in Time,BV,"$33,123,609 ",-,3980,-,"$8,323 ","$33,123,609 ",-,1,2018,10
3,N,Strangers: Prey at Night,Aviron,"$10,402,271 ",-,2464,-,"$4,222 ","$10,402,271 ",-,1,2018,10
4,2,Red Sparrow,Fox,"$8,502,263 ",-49.60%,3064,8,"$2,775 ","$31,471,006 ",$69 ,2,2018,10
5,4,Game Night,WB (NL),"$7,863,391 ",-24.50%,3061,-441,"$2,569 ","$45,004,023 ",$37 ,3,2018,10
6,5,Peter Rabbit,Sony,"$6,775,718 ",-32.30%,3112,-495,"$2,177 ","$93,433,524 ",$50 ,5,2018,10
7,3,Death Wish (2018),MGM,"$6,581,130 ",-49.40%,2882,35,"$2,284 ","$23,856,431 ",$30 ,2,2018,10
8,6,Annihilation,Par.,"$3,302,319 ",-41.10%,1709,-403,"$1,932 ","$26,246,833 ",$40 ,3,2018,10
9,N,The Hurricane Heist,ENTMP,"$3,024,399 ",-,2402,-,"$1,259 ","$3,024,399 ",$35 ,1,2018,10
10,7,Jumanji: Welcome to the Jungle,Sony,"$2,742,244 ",-38.20%,2157,-156,"$1,271 ","$397,250,264 ",$90 ,12,2018,10
1,1,Black Panther,BV,"$26,650,690 ",-34.70%,3834,-108,"$6,951 ","$605,027,218 ",-,5,2018,11
2,N,Tomb Raider,WB,"$23,633,317 ",-,3854,-,"$6,132 ","$23,633,317 ",$94 ,1,2018,11
3,N,I Can Only Imagine,RAtt.,"$17,108,914 ",-,1629,-,"$10,503 ","$17,108,914 ",$7 ,1,2018,11
4,2,A Wrinkle in Time,BV,"$16,256,879 ",-50.90%,3980,-,"$4,085 ","$60,751,533 ",-,2,2018,11
5,N,"Love, Simon",Fox,"$11,756,244 ",-,2402,-,"$4,894 ","$11,756,244 ",$17 ,1,2018,11
6,5,Game Night,WB (NL),"$5,602,230 ",-28.80%,2686,-375,"$2,086 ","$54,206,414 ",$37 ,4,2018,11
7,6,Peter Rabbit,Sony,"$5,201,647 ",-23.20%,2725,-387,"$1,909 ","$102,441,915 ",$50 ,6,2018,11
8,3,Strangers: Prey at Night,Aviron,"$4,701,089 ",-54.80%,2464,-,"$1,908 ","$18,503,141 ",-,2,2018,11
9,4,Red Sparrow,Fox,"$4,531,187 ",-46.70%,2583,-481,"$1,754 ","$39,664,829 ",$69 ,3,2018,11
10,7,Death Wish (2018),MGM,"$3,368,565 ",-48.80%,2676,-206,"$1,259 ","$29,950,250 ",$30 ,3,2018,11
1,N,Pacific Rim Uprising,Uni.,"$28,116,535 ",-,3708,-,"$7,583 ","$28,116,535 ",$150 ,1,2018,12
2,1,Black Panther,BV,"$17,099,618 ",-35.80%,3370,-464,"$5,074 ","$631,357,854 ",-,6,2018,12
3,3,I Can Only Imagine,RAtt.,"$13,614,967 ",-20.40%,2253,624,"$6,043 ","$38,094,458 ",$7 ,2,2018,12
4,N,Sherlock Gnomes,Par.,"$10,604,774 ",-,3662,-,"$2,896 ","$10,604,774 ",$59 ,1,2018,12
5,2,Tomb Raider,WB,"$10,102,616 ",-57.30%,3854,-,"$2,621 ","$41,420,724 ",$94 ,2,2018,12
6,4,A Wrinkle in Time,BV,"$8,215,492 ",-49.50%,3423,-557,"$2,400 ","$74,058,099 ",-,3,2018,12
7,5,"Love, Simon",Fox,"$7,607,451 ",-35.30%,2434,32,"$3,125 ","$23,503,052 ",$17 ,2,2018,12
8,N,"Paul, Apostle of Christ",Affirm,"$5,172,585 ",-,1473,-,"$3,512 ","$5,172,585 ",$5 ,1,2018,12
9,6,Game Night,WB (NL),"$4,131,191 ",-26.30%,1866,-820,"$2,214 ","$60,784,726 ",$37 ,5,2018,12
10,N,Midnight Sun,Global Road,"$4,003,993 ",-,2173,-,"$1,843 ","$4,003,993 ",-,1,2018,12
1,N,Ready Player One,WB,"$41,764,050 ",-,4234,-,"$9,864 ","$53,710,325 ",$175 ,1,2018,13
2,N,Tyler Perry's Acrimony,LGF,"$17,170,707 ",-,2006,-,"$8,560 ","$17,170,707 ",-,1,2018,13
3,2,Black Panther,BV,"$11,486,915 ",-32.80%,2988,-382,"$3,844 ","$650,923,549 ",-,7,2018,13
4,3,I Can Only Imagine,RAtt.,"$10,466,845 ",-23.10%,2648,395,"$3,953 ","$55,292,182 ",$7 ,3,2018,13
5,1,Pacific Rim Uprising,Uni.,"$9,370,405 ",-66.70%,3708,-,"$2,527 ","$45,836,225 ",$150 ,2,2018,13
6,4,Sherlock Gnomes,Par.,"$7,001,570 ",-34.00%,3662,-,"$1,912 ","$22,822,216 ",$59 ,2,2018,13
7,5,Tomb Raider,WB,"$4,922,048 ",-51.30%,2788,-1066,"$1,765 ","$50,715,273 ",$94 ,3,2018,13
8,6,A Wrinkle in Time,BV,"$4,842,624 ",-41.10%,2367,-1056,"$2,046 ","$83,399,038 ",-,4,2018,13
9,7,"Love, Simon",Fox,"$4,767,488 ",-37.30%,2024,-410,"$2,355 ","$32,108,320 ",$17 ,3,2018,13
10,8,"Paul, Apostle of Christ",Affirm,"$3,457,864 ",-33.20%,1473,-,"$2,347 ","$11,488,702 ",$5 ,2,2018,13
1,N,A Quiet Place,Par.,"$50,203,562 ",-,3508,-,"$14,311 ","$50,203,562 ",$17 ,1,2018,14
2,1,Ready Player One,WB,"$24,624,178 ",-41.00%,4234,-,"$5,816 ","$96,484,703 ",$175 ,2,2018,14
3,N,Blockers,Uni.,"$20,556,350 ",-,3379,-,"$6,084 ","$20,556,350 ",$21 ,1,2018,14
4,3,Black Panther,BV,"$8,704,968 ",-24.20%,2747,-241,"$3,169 ","$665,630,708 ",-,8,2018,14
5,2,Tyler Perry's Acrimony,LGF,"$8,380,983 ",-51.20%,2006,-,"$4,178 ","$31,665,563 ",-,2,2018,14
6,4,I Can Only Imagine,RAtt.,"$7,806,552 ",-25.40%,2894,246,"$2,697 ","$68,533,754 ",$7 ,4,2018,14
7,N,Chappaquiddick,ENTMP,"$5,765,854 ",-,1560,-,"$3,696 ","$5,765,854 ",-,1,2018,14
8,6,Sherlock Gnomes,Par.,"$5,436,068 ",-22.40%,2733,-929,"$1,989 ","$33,734,129 ",$59 ,3,2018,14
9,5,Pacific Rim Uprising,Uni.,"$4,824,245 ",-48.50%,2627,-1081,"$1,836 ","$54,837,305 ",$150 ,3,2018,14
10,11,Isle Of Dogs,FoxS,"$4,562,854 ",55.00%,554,389,"$8,236 ","$12,011,788 ",-,3,2018,14
1,N,Rampage (2018),WB (NL),"$35,753,093 ",-,4101,-,"$8,718 ","$35,753,093 ",$120 ,1,2018,15
2,1,A Quiet Place,Par.,"$32,970,049 ",-34.30%,3589,81,"$9,186 ","$100,005,934 ",$17 ,2,2018,15
3,N,Truth or Dare,Uni.,"$18,667,855 ",-,3029,-,"$6,163 ","$18,667,855 ",$3.50 ,1,2018,15
4,2,Ready Player One,WB,"$11,519,388 ",-53.20%,3661,-573,"$3,147 ","$114,922,186 ",$175 ,3,2018,15
5,3,Blockers,Uni.,"$10,770,310 ",-47.60%,3418,39,"$3,151 ","$37,403,980 ",$21 ,2,2018,15
6,4,Black Panther,BV,"$5,777,896 ",-33.60%,2180,-567,"$2,650 ","$674,233,418 ",-,9,2018,15
7,10,Isle Of Dogs,FoxS,"$5,475,139 ",20.00%,1939,"1,385","$2,824 ","$18,926,003 ",-,4,2018,15
8,6,I Can Only Imagine,RAtt.,"$4,146,261 ",-46.90%,2573,-321,"$1,611 ","$75,297,826 ",$7 ,5,2018,15
9,5,Tyler Perry's Acrimony,LGF,"$3,652,698 ",-56.40%,1332,-674,"$2,742 ","$37,828,175 ",-,3,2018,15
10,7,Chappaquiddick,ENTMP,"$3,059,561 ",-46.90%,1645,85,"$1,860 ","$11,040,943 ",-,2,2018,15
1,2,A Quiet Place,Par.,"$20,911,809 ",-36.60%,3808,219,"$5,492 ","$131,270,520 ",$17 ,3,2018,16
2,1,Rampage (2018),WB (NL),"$20,094,294 ",-43.80%,4115,14,"$4,883 ","$65,694,360 ",$120 ,2,2018,16
3,N,I Feel Pretty,STX,"$16,030,218 ",-,3440,-,"$4,660 ","$16,030,218 ",$32 ,1,2018,16
4,N,Super Troopers 2,Fox,"$15,181,624 ",-,2038,-,"$7,449 ","$15,181,624 ",$13.50 ,1,2018,16
5,3,Truth or Dare,Uni.,"$7,793,425 ",-58.30%,3068,39,"$2,540 ","$30,268,840 ",$3.50 ,2,2018,16
6,4,Ready Player One,WB,"$7,418,738 ",-35.60%,3208,-453,"$2,313 ","$126,100,064 ",$175 ,4,2018,16
7,5,Blockers,Uni.,"$6,835,145 ",-36.50%,3134,-284,"$2,181 ","$48,102,190 ",$21 ,3,2018,16
8,6,Black Panther,BV,"$4,932,627 ",-14.60%,1930,-250,"$2,556 ","$681,374,736 ",-,10,2018,16
9,N,Traffik,LGF,"$3,941,338 ",-,1046,-,"$3,768 ","$3,941,338 ",-,1,2018,16
10,7,Isle Of Dogs,FoxS,"$3,461,633 ",-36.80%,1947,8,"$1,778 ","$24,422,171 ",-,5,2018,16
1,N,Avengers: Infinity War,BV,"$257,698,183 ",-,4474,-,"$57,599 ","$257,698,183 ",-,1,2018,17
2,1,A Quiet Place,Par.,"$11,004,977 ",-47.40%,3565,-243,"$3,087 ","$148,528,278 ",$17 ,4,2018,17
3,3,I Feel Pretty,STX,"$8,176,757 ",-49.00%,3440,-,"$2,377 ","$29,620,318 ",$32 ,2,2018,17
4,2,Rampage (2018),WB (NL),"$7,205,315 ",-64.10%,3508,-607,"$2,054 ","$78,030,872 ",$120 ,3,2018,17
5,8,Black Panther,BV,"$4,736,428 ",-4.00%,1650,-280,"$2,871 ","$688,364,917 ",-,11,2018,17
6,4,Super Troopers 2,Fox,"$3,729,287 ",-75.40%,2125,87,"$1,755 ","$22,214,216 ",$13.50 ,2,2018,17
7,5,Truth or Dare,Uni.,"$3,268,145 ",-58.10%,2420,-648,"$1,350 ","$35,374,140 ",$3.50 ,3,2018,17
8,7,Blockers,Uni.,"$2,975,260 ",-56.50%,2324,-810,"$1,280 ","$53,246,750 ",$21 ,4,2018,17
9,6,Ready Player One,WB,"$2,563,325 ",-65.40%,2365,-843,"$1,084 ","$130,811,543 ",$175 ,5,2018,17
10,9,Traffik,LGF,"$1,654,694 ",-58.00%,1046,-,"$1,582 ","$6,786,968 ",-,2,2018,17
1,1,Avengers: Infinity War,BV,"$114,774,810 ",-55.50%,4474,-,"$25,654 ","$453,107,350 ",-,2,2018,18
2,N,Overboard (2018),PNT,"$14,711,101 ",-,1623,-,"$9,064 ","$14,711,101 ",$12 ,1,2018,18
3,2,A Quiet Place,Par.,"$7,763,085 ",-29.50%,3413,-152,"$2,275 ","$160,057,471 ",$17 ,5,2018,18
4,3,I Feel Pretty,STX,"$5,050,520 ",-38.20%,3232,-208,"$1,563 ","$37,948,803 ",$32 ,3,2018,18
5,4,Rampage (2018),WB (NL),"$4,637,400 ",-35.60%,3151,-357,"$1,472 ","$84,801,710 ",$120 ,4,2018,18
6,N,Tully (2018),Focus,"$3,282,610 ",-,1353,-,"$2,426 ","$3,282,610 ",-,1,2018,18
7,5,Black Panther,BV,"$3,254,977 ",-31.30%,1641,-9,"$1,984 ","$693,235,592 ",-,12,2018,18
8,7,Truth or Dare,Uni.,"$1,887,970 ",-42.20%,1904,-516,$992 ,"$38,238,330 ",$3.50 ,4,2018,18
9,6,Super Troopers 2,Fox,"$1,871,303 ",-49.80%,2118,-7,$884 ,"$25,502,004 ",$13.50 ,3,2018,18
10,8,Blockers,Uni.,"$1,751,340 ",-41.10%,1672,-652,"$1,047 ","$56,222,840 ",$21 ,5,2018,18
1,1,Avengers: Infinity War,BV,"$62,078,047 ",-45.90%,4474,-,"$13,875 ","$548,090,150 ",-,3,2018,19
2,N,Life of the Party,WB (NL),"$17,886,075 ",-,3656,-,"$4,892 ","$17,886,075 ",-,1,2018,19
3,N,Breaking In (2018),Uni.,"$17,630,285 ",-,2537,-,"$6,949 ","$17,630,285 ",$6 ,1,2018,19
4,2,Overboard (2018),PNT,"$9,864,415 ",-32.90%,2006,383,"$4,917 ","$29,358,392 ",$12 ,2,2018,19
5,3,A Quiet Place,Par.,"$6,455,396 ",-16.80%,3144,-269,"$2,053 ","$169,608,030 ",$17 ,6,2018,19
6,4,I Feel Pretty,STX,"$3,805,437 ",-24.70%,2858,-374,"$1,332 ","$43,952,013 ",$32 ,4,2018,19
7,5,Rampage (2018),WB (NL),"$3,462,442 ",-25.30%,2548,-603,"$1,359 ","$89,827,105 ",$120 ,5,2018,19
8,6,Tully (2018),Focus,"$2,248,945 ",-31.50%,1356,3,"$1,659 ","$6,992,005 ",-,2,2018,19
9,7,Black Panther,BV,"$2,077,207 ",-36.20%,1370,-271,"$1,516 ","$696,331,818 ",-,13,2018,19
10,15,RBG,Magn.,"$1,188,186 ",105.40%,179,145,"$6,638 ","$2,025,953 ",-,2,2018,19
1,N,Deadpool 2,Fox,"$125,507,153 ",-,4349,-,"$28,859 ","$125,507,153 ",$110 ,1,2018,20
2,1,Avengers: Infinity War,BV,"$29,452,903 ",-52.60%,4002,-472,"$7,360 ","$595,813,862 ",-,4,2018,20
3,N,Book Club,Par.,"$13,582,231 ",-,2781,-,"$4,884 ","$13,582,231 ",-,1,2018,20
4,2,Life of the Party,WB (NL),"$7,603,850 ",-57.50%,3656,-,"$2,080 ","$30,915,357 ",-,2,2018,20
5,3,Breaking In (2018),Uni.,"$6,826,385 ",-61.30%,2537,-,"$2,691 ","$29,106,095 ",$6 ,2,2018,20
6,N,Show Dogs,Global Road,"$6,023,972 ",-,3212,-,"$1,875 ","$6,023,972 ",-,1,2018,20
7,4,Overboard (2018),PNT,"$4,625,858 ",-53.10%,1820,-186,"$2,542 ","$36,874,428 ",$12 ,3,2018,20
8,5,A Quiet Place,Par.,"$3,944,442 ",-38.90%,2327,-817,"$1,695 ","$176,080,755 ",$17 ,7,2018,20
9,7,Rampage (2018),WB (NL),"$1,577,260 ",-54.40%,1466,-1082,"$1,076 ","$92,500,589 ",$120 ,6,2018,20
10,14,Super Troopers 2,Fox,"$1,294,113 ",31.70%,478,-901,"$2,707 ","$29,106,469 ",$13.50 ,5,2018,20
1,N,Solo: A Star Wars Story,BV,"$84,420,489 ",-,4381,-,"$19,270 ","$84,420,489 ",$275 ,1,2018,21
2,1,Deadpool 2,Fox,"$43,463,043 ",-65.40%,4349,-,"$9,994 ","$208,170,395 ",$110 ,2,2018,21
3,2,Avengers: Infinity War,BV,"$17,294,657 ",-41.30%,3768,-234,"$4,590 ","$622,489,295 ",-,5,2018,21
4,3,Book Club,Par.,"$10,071,681 ",-25.80%,2810,29,"$3,584 ","$32,279,691 ",-,2,2018,21
5,4,Life of the Party,WB (NL),"$5,379,490 ",-29.30%,2937,-719,"$1,832 ","$39,364,476 ",-,3,2018,21
6,5,Breaking In (2018),Uni.,"$4,284,585 ",-37.20%,1985,-552,"$2,158 ","$35,873,240 ",$6 ,3,2018,21
7,6,Show Dogs,Global Road,"$3,267,165 ",-45.80%,3212,-,"$1,017 ","$10,861,890 ",-,2,2018,21
8,7,Overboard (2018),PNT,"$3,133,567 ",-32.30%,1196,-624,"$2,620 ","$41,627,980 ",$12 ,4,2018,21
9,8,A Quiet Place,Par.,"$2,435,143 ",-38.30%,1524,-803,"$1,598 ","$180,133,522 ",$17 ,8,2018,21
10,12,RBG,Magn.,"$1,288,422 ",2.80%,415,40,"$3,105 ","$5,902,521 ",-,4,2018,21
1,1,Solo: A Star Wars Story,BV,"$29,396,882 ",-65.20%,4381,-,"$6,710 ","$148,989,574 ",$275 ,2,2018,22
2,2,Deadpool 2,Fox,"$23,178,597 ",-46.70%,4161,-188,"$5,570 ","$254,506,035 ",$110 ,3,2018,22
3,N,Adrift,STX,"$11,603,039 ",-,3015,-,"$3,848 ","$11,603,039 ",$35 ,1,2018,22
4,3,Avengers: Infinity War,BV,"$10,507,279 ",-39.20%,3570,-198,"$2,943 ","$643,006,211 ",-,6,2018,22
5,4,Book Club,Par.,"$7,039,033 ",-30.10%,3169,359,"$2,221 ","$47,555,781 ",-,3,2018,22
6,N,Upgrade,BH Tilt,"$4,670,905 ",-,1457,-,"$3,206 ","$4,670,905 ",-,1,2018,22
7,5,Life of the Party,WB (NL),"$3,504,625 ",-34.90%,2511,-426,"$1,396 ","$46,350,255 ",-,4,2018,22
8,6,Breaking In (2018),Uni.,"$2,811,515 ",-34.40%,1682,-303,"$1,672 ","$41,341,530 ",$6 ,4,2018,22
9,N,Action Point,Par.,"$2,390,164 ",-,2032,-,"$1,176 ","$2,390,164 ",$19 ,1,2018,22
10,8,Overboard (2018),PNT,"$1,949,527 ",-37.80%,1228,32,"$1,588 ","$45,497,721 ",$12 ,5,2018,22
1,N,Ocean's 8,WB,"$41,607,378 ",-,4145,-,"$10,038 ","$41,607,378 ",$70 ,1,2018,23
2,1,Solo: A Star Wars Story,BV,"$15,748,575 ",-46.40%,4335,-46,"$3,633 ","$176,700,049 ",$275 ,3,2018,23
3,2,Deadpool 2,Fox,"$14,148,517 ",-39.00%,3823,-338,"$3,701 ","$279,164,058 ",$110 ,4,2018,23
4,N,Hereditary,A24,"$13,575,172 ",-,2964,-,"$4,580 ","$13,575,173 ",-,1,2018,23
5,4,Avengers: Infinity War,BV,"$7,238,699 ",-31.10%,2882,-688,"$2,512 ","$655,136,398 ",-,7,2018,23
6,3,Adrift,STX,"$5,272,049 ",-54.60%,3015,-,"$1,749 ","$21,962,065 ",$35 ,2,2018,23
7,5,Book Club,Par.,"$4,285,456 ",-39.10%,2802,-367,"$1,529 ","$56,959,580 ",-,4,2018,23
8,N,Hotel Artemis,Global Road,"$3,232,790 ",-,2407,-,"$1,343 ","$3,232,790 ",-,1,2018,23
9,6,Upgrade,BH Tilt,"$2,384,415 ",-49.00%,1458,1,"$1,635 ","$9,346,020 ",-,2,2018,23
10,7,Life of the Party,WB (NL),"$2,167,142 ",-38.20%,1842,-669,"$1,177 ","$50,328,719 ",-,5,2018,23
1,N,Incredibles 2,BV,"$182,687,905 ",-,4410,-,"$41,426 ","$182,687,905 ",-,1,2018,24
2,1,Ocean's 8,WB,"$18,968,184 ",-54.40%,4145,-,"$4,576 ","$78,588,354 ",$70 ,2,2018,24
3,N,Tag,WB (NL),"$14,947,396 ",-,3382,-,"$4,420 ","$14,947,396 ",$28 ,1,2018,24
4,2,Solo: A Star Wars Story,BV,"$10,001,056 ",-36.50%,3182,-1153,"$3,143 ","$193,765,143 ",$275 ,4,2018,24
5,3,Deadpool 2,Fox,"$8,681,501 ",-38.60%,3212,-611,"$2,703 ","$294,562,309 ",$110 ,5,2018,24
6,N,Superfly,Sony,"$6,870,740 ",-,2220,-,"$3,095 ","$9,012,057 ",$16 ,1,2018,24
7,4,Hereditary,A24,"$6,855,063 ",-49.50%,2998,34,"$2,287 ","$27,016,183 ",-,2,2018,24
8,5,Avengers: Infinity War,BV,"$5,442,261 ",-24.80%,2164,-718,"$2,515 ","$664,346,211 ",-,8,2018,24
9,6,Adrift,STX,"$2,200,332 ",-58.30%,1929,-1086,"$1,141 ","$26,905,478 ",$35 ,3,2018,24
10,7,Book Club,Par.,"$1,827,492 ",-57.40%,1656,-1146,"$1,104 ","$61,977,585 ",-,5,2018,24
1,N,Jurassic World: Fallen Kingdom,Uni.,"$148,024,610 ",-,4475,-,"$33,078 ","$148,024,610 ",$170 ,1,2018,25
2,1,Incredibles 2,BV,"$80,347,651 ",-56.00%,4410,-,"$18,219 ","$349,794,341 ",-,2,2018,25
3,2,Ocean's 8,WB,"$11,546,462 ",-39.10%,3656,-489,"$3,158 ","$100,282,222 ",$70 ,3,2018,25
4,3,Tag,WB (NL),"$8,251,230 ",-44.80%,3382,-,"$2,440 ","$30,418,775 ",$28 ,2,2018,25
5,5,Deadpool 2,Fox,"$5,271,882 ",-39.30%,2420,-792,"$2,178 ","$304,172,203 ",$110 ,6,2018,25
6,4,Solo: A Star Wars Story,BV,"$4,507,532 ",-54.90%,2338,-844,"$1,928 ","$202,639,402 ",$275 ,5,2018,25
7,7,Hereditary,A24,"$3,628,688 ",-47.10%,2002,-996,"$1,813 ","$34,820,653 ",-,3,2018,25
8,6,Superfly,Sony,"$3,404,964 ",-50.40%,2220,-,"$1,534 ","$15,321,359 ",$16 ,2,2018,25
9,8,Avengers: Infinity War,BV,"$2,584,228 ",-52.50%,1456,-708,"$1,775 ","$669,568,677 ",-,9,2018,25
10,15,Won't You Be My Neighbor?,Focus,"$1,821,089 ",81.60%,348,252,"$5,233 ","$4,076,867 ",-,3,2018,25
1,1,Jurassic World: Fallen Kingdom,Uni.,"$60,912,195 ",-58.80%,4485,10,"$13,581 ","$265,699,530 ",$170 ,2,2018,26
2,2,Incredibles 2,BV,"$46,417,761 ",-42.20%,4410,-,"$10,526 ","$440,601,275 ",-,3,2018,26
3,N,Sicario: Day of the Soldado,Sony,"$19,007,566 ",-,3055,-,"$6,222 ","$19,007,566 ",$35 ,1,2018,26
4,N,Uncle Drew,LG/S,"$15,242,781 ",-,2742,-,"$5,559 ","$15,242,781 ",-,1,2018,26
5,3,Ocean's 8,WB,"$8,332,661 ",-27.80%,3426,-230,"$2,432 ","$115,004,842 ",$70 ,4,2018,26
6,4,Tag,WB (NL),"$5,880,731 ",-28.70%,3176,-206,"$1,852 ","$41,133,539 ",$28 ,3,2018,26
7,5,Deadpool 2,Fox,"$3,574,451 ",-32.20%,2094,-326,"$1,707 ","$310,474,309 ",$110 ,7,2018,26
8,N,Sanju,FIP,"$2,723,349 ",-,356,-,"$7,650 ","$2,723,658 ",-,1,2018,26
9,6,Solo: A Star Wars Story,BV,"$2,687,670 ",-40.40%,1654,-684,"$1,625 ","$207,673,785 ",$275 ,6,2018,26
10,10,Won't You Be My Neighbor?,Focus,"$2,421,975 ",33.00%,654,306,"$3,703 ","$7,619,057 ",-,4,2018,26
1,N,Ant-Man and the Wasp,BV,"$75,812,205 ",-,4206,-,"$18,025 ","$75,812,205 ",-,1,2018,27
2,1,Jurassic World: Fallen Kingdom,Uni.,"$28,632,375 ",-53.00%,4349,-136,"$6,584 ","$333,390,040 ",$170 ,3,2018,27
3,2,Incredibles 2,BV,"$28,406,423 ",-38.80%,4113,-297,"$6,906 ","$503,767,837 ",-,4,2018,27
4,N,The First Purge,Uni.,"$17,374,280 ",-,3031,-,"$5,732 ","$31,280,225 ",$13 ,1,2018,27
5,3,Sicario: Day of the Soldado,Sony,"$7,624,500 ",-59.90%,3055,-,"$2,496 ","$35,626,570 ",$35 ,2,2018,27
6,4,Uncle Drew,LG/S,"$6,606,643 ",-56.70%,2742,-,"$2,409 ","$29,930,263 ",-,2,2018,27
7,5,Ocean's 8,WB,"$5,067,750 ",-39.20%,2604,-822,"$1,946 ","$126,533,978 ",$70 ,5,2018,27
8,6,Tag,WB (NL),"$3,029,790 ",-48.50%,2157,-1019,"$1,405 ","$48,255,471 ",$28 ,4,2018,27
9,10,Won't You Be My Neighbor?,Focus,"$2,571,210 ",6.20%,893,239,"$2,879 ","$12,362,937 ",-,5,2018,27
10,7,Deadpool 2,Fox,"$1,675,074 ",-53.10%,1267,-827,"$1,322 ","$314,546,474 ",$110 ,8,2018,27
1,N,Hotel Transylvania 3: Summer Vacation,Sony,"$44,076,225 ",-,4267,-,"$10,330 ","$45,352,609 ",$80 ,1,2018,28
2,1,Ant-Man and the Wasp,BV,"$29,097,859 ",-61.60%,4206,-,"$6,918 ","$133,083,084 ",-,2,2018,28
3,N,Skyscraper,Uni.,"$24,905,015 ",-,3782,-,"$6,585 ","$24,905,015 ",$125 ,1,2018,28
4,3,Incredibles 2,BV,"$16,262,898 ",-42.70%,3705,-408,"$4,389 ","$535,861,390 ",-,5,2018,28
5,2,Jurassic World: Fallen Kingdom,Uni.,"$16,199,430 ",-43.40%,3695,-654,"$4,384 ","$363,981,645 ",$170 ,4,2018,28
6,4,The First Purge,Uni.,"$9,312,530 ",-46.40%,3038,7,"$3,065 ","$49,690,500 ",$13 ,2,2018,28
7,16,Sorry to Bother You,Annapurna,"$4,208,881 ",478.70%,805,789,"$5,228 ","$5,273,833 ",-,2,2018,28
8,5,Sicario: Day of the Soldado,Sony,"$3,881,050 ",-49.10%,2006,-1049,"$1,935 ","$43,231,395 ",$35 ,3,2018,28
9,6,Uncle Drew,LG/S,"$3,186,625 ",-51.80%,1702,-1040,"$1,872 ","$36,653,665 ",-,3,2018,28
10,7,Ocean's 8,WB,"$2,907,356 ",-42.60%,1618,-986,"$1,797 ","$132,253,292 ",$70 ,6,2018,28
1,N,The Equalizer 2,Sony,"$36,011,640 ",-,3388,-,"$10,629 ","$36,011,640 ",$62 ,1,2018,29
2,N,Mamma Mia! Here We Go Again,Uni.,"$34,952,180 ",-,3317,-,"$10,537 ","$34,952,180 ",$75 ,1,2018,29
3,1,Hotel Transylvania 3: Summer Vacation,Sony,"$23,765,709 ",-46.10%,4267,-,"$5,570 ","$91,704,977 ",$80 ,2,2018,29
4,2,Ant-Man and the Wasp,BV,"$16,507,156 ",-43.30%,3778,-428,"$4,369 ","$165,005,448 ",-,3,2018,29
5,4,Incredibles 2,BV,"$11,895,063 ",-26.90%,3164,-541,"$3,760 ","$557,710,503 ",-,6,2018,29
6,3,Skyscraper,Uni.,"$11,360,030 ",-54.40%,3822,40,"$2,972 ","$47,149,150 ",$125 ,2,2018,29
7,5,Jurassic World: Fallen Kingdom,Uni.,"$11,263,420 ",-30.50%,3381,-314,"$3,331 ","$384,164,925 ",$170 ,5,2018,29
8,6,The First Purge,Uni.,"$5,105,305 ",-45.20%,2331,-707,"$2,190 ","$60,316,670 ",$13 ,3,2018,29
9,N,Unfriended: Dark Web,BH Tilt,"$3,653,035 ",-,1546,-,"$2,363 ","$3,653,035 ",$1 ,1,2018,29
10,7,Sorry to Bother You,Annapurna,"$2,863,420 ",-32.00%,1050,245,"$2,727 ","$10,292,624 ",-,3,2018,29
1,N,Mission: Impossible - Fallout,Par.,"$61,236,534 ",-,4386,-,"$13,962 ","$61,236,534 ",$178 ,1,2018,30
2,2,Mamma Mia! Here We Go Again,Uni.,"$15,100,095 ",-56.80%,3514,197,"$4,297 ","$70,524,620 ",$75 ,2,2018,30
3,1,The Equalizer 2,Sony,"$14,020,017 ",-61.10%,3388,-,"$4,138 ","$64,251,362 ",$62 ,2,2018,30
4,3,Hotel Transylvania 3: Summer Vacation,Sony,"$12,253,640 ",-48.40%,4005,-262,"$3,060 ","$119,177,141 ",$80 ,3,2018,30
5,N,Teen Titans Go! To The Movies,WB,"$10,411,189 ",-,3188,-,"$3,266 ","$10,411,189 ",$10 ,1,2018,30
6,4,Ant-Man and the Wasp,BV,"$8,766,100 ",-46.90%,3013,-765,"$2,909 ","$183,490,227 ",-,4,2018,30
7,5,Incredibles 2,BV,"$7,257,113 ",-39.00%,2616,-548,"$2,774 ","$572,880,761 ",-,7,2018,30
8,7,Jurassic World: Fallen Kingdom,Uni.,"$6,729,735 ",-40.30%,2685,-696,"$2,506 ","$397,508,235 ",$170 ,6,2018,30
9,6,Skyscraper,Uni.,"$5,341,455 ",-53.00%,2773,-1049,"$1,926 ","$59,091,215 ",$125 ,3,2018,30
10,8,The First Purge,Uni.,"$2,215,400 ",-56.60%,1400,-931,"$1,582 ","$65,469,275 ",$13 ,4,2018,30
1,1,Mission: Impossible - Fallout,Par.,"$35,323,815 ",-42.30%,4395,9,"$8,037 ","$124,811,186 ",$178 ,2,2018,31
2,N,Disney's Christopher Robin,BV,"$24,585,139 ",-,3602,-,"$6,825 ","$24,585,139 ",$75 ,1,2018,31
3,N,The Spy Who Dumped Me,LGF,"$12,103,043 ",-,3111,-,"$3,890 ","$12,103,043 ",$40 ,1,2018,31
4,2,Mamma Mia! Here We Go Again,Uni.,"$9,003,030 ",-40.40%,3359,-155,"$2,680 ","$91,247,580 ",$75 ,3,2018,31
5,3,The Equalizer 2,Sony,"$8,755,907 ",-37.50%,2725,-663,"$3,213 ","$79,812,172 ",$62 ,3,2018,31
6,4,Hotel Transylvania 3: Summer Vacation,Sony,"$8,004,571 ",-34.70%,3162,-843,"$2,531 ","$136,260,452 ",$80 ,4,2018,31
7,6,Ant-Man and the Wasp,BV,"$6,364,500 ",-27.40%,2233,-780,"$2,850 ","$195,645,935 ",-,5,2018,31
8,N,The Darkest Minds,Fox,"$5,842,609 ",-,3127,-,"$1,868 ","$5,842,609 ",$34 ,1,2018,31
9,7,Incredibles 2,BV,"$4,980,232 ",-31.40%,1802,-814,"$2,764 ","$583,112,522 ",-,8,2018,31
10,5,Teen Titans Go! To The Movies,WB,"$4,776,775 ",-54.10%,3188,-,"$1,498 ","$20,701,332 ",$10 ,2,2018,31
1,N,The Meg,WB,"$45,402,195 ",-,4118,-,"$11,025 ","$45,402,195 ",$130 ,1,2018,32
2,1,Mission: Impossible - Fallout,Par.,"$19,352,090 ",-45.20%,3888,-507,"$4,977 ","$161,319,374 ",$178 ,3,2018,32
3,2,Disney's Christopher Robin,BV,"$12,960,057 ",-47.30%,3602,-,"$3,598 ","$50,549,374 ",$75 ,2,2018,32
4,N,Slender Man,SGem,"$11,371,866 ",-,2358,-,"$4,823 ","$11,371,866 ",$10 ,1,2018,32
5,N,BlacKkKlansman,Focus,"$10,845,330 ",-,1512,-,"$7,173 ","$10,845,330 ",$15 ,1,2018,32
6,3,The Spy Who Dumped Me,LGF,"$6,462,612 ",-46.60%,3111,-,"$2,077 ","$24,422,997 ",$40 ,2,2018,32
7,4,Mamma Mia! Here We Go Again,Uni.,"$5,861,715 ",-34.90%,2812,-547,"$2,085 ","$103,870,915 ",$75 ,4,2018,32
8,5,The Equalizer 2,Sony,"$5,408,237 ",-38.20%,2373,-352,"$2,279 ","$89,554,165 ",$62 ,4,2018,32
9,6,Hotel Transylvania 3: Summer Vacation,Sony,"$5,210,815 ",-34.90%,2589,-573,"$2,013 ","$146,988,206 ",$80 ,5,2018,32
10,7,Ant-Man and the Wasp,BV,"$4,103,636 ",-35.50%,1863,-370,"$2,203 ","$203,573,980 ",-,6,2018,32
1,N,Crazy Rich Asians,WB,"$26,510,140 ",-,3384,-,"$7,834 ","$35,276,909 ",$30 ,1,2018,33
2,1,The Meg,WB,"$21,151,012 ",-53.40%,4118,-,"$5,136 ","$83,760,074 ",$130 ,2,2018,33
3,N,Mile 22,STX,"$13,710,825 ",-,3520,-,"$3,895 ","$13,710,825 ",$50 ,1,2018,33
4,2,Mission: Impossible - Fallout,Par.,"$10,773,347 ",-44.30%,3482,-406,"$3,094 ","$181,012,068 ",$178 ,4,2018,33
5,N,Alpha,Studio 8,"$10,352,512 ",-,2719,-,"$3,807 ","$10,352,512 ",$51 ,1,2018,33
6,3,Disney's Christopher Robin,BV,"$8,861,530 ",-31.60%,3602,-,"$2,460 ","$66,878,940 ",$75 ,3,2018,33
7,5,BlacKkKlansman,Focus,"$7,383,195 ",-31.90%,1788,276,"$4,129 ","$23,392,685 ",$15 ,2,2018,33
8,4,Slender Man,SGem,"$4,801,712 ",-57.80%,2358,-,"$2,036 ","$20,578,291 ",$10 ,2,2018,33
9,9,Hotel Transylvania 3: Summer Vacation,Sony,"$3,768,479 ",-27.70%,2187,-402,"$1,723 ","$153,962,179 ",$80 ,6,2018,33
10,7,Mamma Mia! Here We Go Again,Uni.,"$3,405,405 ",-41.90%,2270,-542,"$1,500 ","$111,222,895 ",$75 ,5,2018,33
1,1,Crazy Rich Asians,WB,"$24,808,202 ",-6.40%,3526,142,"$7,036 ","$76,617,149 ",$30 ,2,2018,34
2,2,The Meg,WB,"$12,812,615 ",-39.40%,4031,-87,"$3,179 ","$105,083,261 ",$130 ,3,2018,34
3,N,The Happytime Murders,STX,"$9,532,425 ",-,3256,-,"$2,928 ","$9,532,425 ",$40 ,1,2018,34
4,4,Mission: Impossible - Fallout,Par.,"$8,087,385 ",-24.90%,3052,-430,"$2,650 ","$193,988,045 ",$178 ,5,2018,34
5,3,Mile 22,STX,"$6,366,042 ",-53.60%,3520,-,"$1,809 ","$25,506,996 ",$50 ,2,2018,34
6,6,Disney's Christopher Robin,BV,"$6,261,783 ",-29.30%,3394,-208,"$1,845 ","$77,550,566 ",$75 ,4,2018,34
7,5,Alpha,Studio 8,"$6,002,359 ",-42.00%,2719,-,"$2,208 ","$20,562,933 ",$51 ,2,2018,34
8,7,BlacKkKlansman,Focus,"$5,098,405 ",-30.90%,1914,126,"$2,664 ","$31,791,945 ",$15 ,3,2018,34
9,N,A.X.L.,Global Road,"$2,798,229 ",-,1710,-,"$1,636 ","$2,798,229 ",-,1,2018,34
10,8,Slender Man,SGem,"$2,790,564 ",-41.90%,2065,-293,"$1,351 ","$25,408,680 ",$10 ,3,2018,34
1,1,Crazy Rich Asians,WB,"$21,964,345 ",-11.50%,3865,339,"$5,683 ","$110,691,733 ",$30 ,3,2018,35
2,2,The Meg,WB,"$10,535,459 ",-17.80%,3761,-270,"$2,801 ","$120,521,875 ",$130 ,4,2018,35
3,4,Mission: Impossible - Fallout,Par.,"$7,032,499 ",-13.00%,2639,-413,"$2,665 ","$204,379,028 ",$178 ,6,2018,35
4,22,Searching,SGem,"$6,066,463 ",1460.40%,1207,"1,198","$5,026 ","$6,574,943 ",-,2,2018,35
5,N,Operation Finale,MGM,"$6,022,758 ",-,1818,-,"$3,313 ","$7,749,853 ",$24 ,1,2018,35
6,6,Disney's Christopher Robin,BV,"$5,277,955 ",-15.70%,2925,-469,"$1,804 ","$85,686,823 ",$75 ,5,2018,35
7,7,Alpha,Studio 8,"$4,548,627 ",-24.20%,2881,162,"$1,579 ","$27,470,847 ",$51 ,3,2018,35
8,3,The Happytime Murders,STX,"$4,382,781 ",-54.00%,3256,-,"$1,346 ","$16,998,475 ",$40 ,2,2018,35
9,8,BlacKkKlansman,Focus,"$4,202,080 ",-17.60%,1766,-148,"$2,379 ","$38,394,905 ",$15 ,4,2018,35
10,5,Mile 22,STX,"$3,765,869 ",-40.80%,2950,-570,"$1,277 ","$31,952,203 ",$50 ,3,2018,35
1,N,The Nun,WB (NL),"$53,807,379 ",-,3876,-,"$13,882 ","$53,807,379 ",$22 ,1,2018,36
2,N,Peppermint,STX,"$13,423,255 ",-,2980,-,"$4,504 ","$13,423,255 ",$25 ,1,2018,36
3,1,Crazy Rich Asians,WB,"$13,148,404 ",-40.10%,3865,-,"$3,402 ","$135,770,569 ",$30 ,4,2018,36
4,2,The Meg,WB,"$6,094,327 ",-42.20%,3511,-250,"$1,736 ","$131,637,101 ",$130 ,5,2018,36
5,4,Searching,SGem,"$4,570,235 ",-24.70%,2009,802,"$2,275 ","$14,366,365 ",-,3,2018,36
6,3,Mission: Impossible - Fallout,Par.,"$3,885,798 ",-44.70%,2334,-305,"$1,665 ","$212,202,565 ",$178 ,7,2018,36
7,6,Disney's Christopher Robin,BV,"$3,404,931 ",-35.50%,2518,-407,"$1,352 ","$91,934,021 ",$75 ,6,2018,36
8,5,Operation Finale,MGM,"$2,871,184 ",-52.30%,1818,-,"$1,579 ","$13,935,630 ",$24 ,2,2018,36
9,9,BlacKkKlansman,Focus,"$2,609,915 ",-37.90%,1547,-219,"$1,687 ","$43,498,445 ",$15 ,5,2018,36
10,7,Alpha,Studio 8,"$2,517,768 ",-44.60%,2521,-360,$999 ,"$32,460,286 ",$51 ,4,2018,36
1,N,The Predator (2018),Fox,"$24,632,284 ",-,4037,-,"$6,102 ","$24,632,284 ",$88 ,1,2018,37
2,1,The Nun,WB (NL),"$18,238,263 ",-66.10%,3876,-,"$4,705 ","$85,114,588 ",$22 ,2,2018,37
3,N,A Simple Favor,LGF,"$16,011,689 ",-,3102,-,"$5,162 ","$16,011,689 ",$20 ,1,2018,37
4,N,White Boy Rick,Studio 8,"$8,860,431 ",-,2504,-,"$3,539 ","$8,860,431 ",$29 ,1,2018,37
5,3,Crazy Rich Asians,WB,"$8,688,369 ",-33.90%,3385,-480,"$2,567 ","$149,540,273 ",$30 ,5,2018,37
6,2,Peppermint,STX,"$6,004,227 ",-55.30%,2980,-,"$2,015 ","$24,180,031 ",$25 ,2,2018,37
7,4,The Meg,WB,"$3,862,851 ",-36.60%,2851,-660,"$1,355 ","$137,145,041 ",$130 ,6,2018,37
8,5,Searching,SGem,"$3,179,538 ",-30.40%,2009,-,"$1,583 ","$19,600,641 ",-,4,2018,37
9,6,Mission: Impossible - Fallout,Par.,"$2,285,225 ",-41.20%,1761,-573,"$1,298 ","$216,105,562 ",$178 ,8,2018,37
10,N,Unbroken: Path to Redemption,PFR,"$2,238,723 ",-,1620,-,"$1,382 ","$2,238,723 ",-,1,2018,37
1,N,The House With A Clock In Its Walls,Uni.,"$26,608,020 ",-,3592,-,"$7,408 ","$26,608,020 ",$42 ,1,2018,38
2,3,A Simple Favor,LGF,"$10,252,206 ",-36.00%,3102,-,"$3,305 ","$32,414,620 ",$20 ,2,2018,38
3,2,The Nun,WB (NL),"$9,965,635 ",-45.40%,3707,-169,"$2,688 ","$100,610,942 ",$22 ,3,2018,38
4,1,The Predator (2018),Fox,"$9,176,459 ",-62.70%,4070,33,"$2,255 ","$40,911,581 ",$88 ,2,2018,38
5,5,Crazy Rich Asians,WB,"$6,346,641 ",-27.00%,2802,-583,"$2,265 ","$159,271,124 ",$30 ,6,2018,38
6,4,White Boy Rick,Studio 8,"$4,857,655 ",-45.20%,2504,-,"$1,940 ","$17,268,023 ",$29 ,2,2018,38
7,6,Peppermint,STX,"$3,684,122 ",-38.60%,2680,-300,"$1,375 ","$30,296,681 ",$25 ,3,2018,38
8,N,Fahrenheit 11/9,Briarcliff,"$3,008,563 ",-,1719,-,"$1,750 ","$3,008,563 ",-,1,2018,38
9,7,The Meg,WB,"$2,265,438 ",-41.40%,2003,-848,"$1,131 ","$140,438,357 ",$130 ,7,2018,38
10,8,Searching,SGem,"$2,150,829 ",-32.40%,1787,-222,"$1,204 ","$23,091,173 ",-,5,2018,38
1,N,Night School (2018),Uni.,"$27,257,615 ",-,3010,-,"$9,056 ","$27,257,615 ",$29 ,1,2018,39
2,N,Smallfoot,WB,"$23,045,635 ",-,4131,-,"$5,579 ","$23,045,635 ",-,1,2018,39
3,1,The House With A Clock In Its Walls,Uni.,"$12,605,120 ",-52.60%,3592,-,"$3,509 ","$44,858,345 ",$42 ,2,2018,39
4,2,A Simple Favor,LGF,"$6,540,666 ",-36.20%,3073,-29,"$2,128 ","$43,007,474 ",$20 ,3,2018,39
5,3,The Nun,WB (NL),"$5,428,875 ",-45.50%,3331,-376,"$1,630 ","$109,011,923 ",$22 ,4,2018,39
6,N,Hell Fest,LGF,"$5,130,963 ",-,2297,-,"$2,234 ","$5,130,963 ",$5.50 ,1,2018,39
7,5,Crazy Rich Asians,WB,"$4,102,788 ",-35.40%,2347,-455,"$1,748 ","$165,634,563 ",$30 ,7,2018,39
8,4,The Predator (2018),Fox,"$3,860,826 ",-57.90%,2926,-1144,"$1,319 ","$47,795,077 ",$88 ,3,2018,39
9,6,White Boy Rick,Studio 8,"$2,402,240 ",-50.50%,2017,-487,"$1,191 ","$21,732,021 ",$29 ,3,2018,39
10,7,Peppermint,STX,"$1,766,458 ",-52.10%,2002,-678,$882 ,"$33,523,366 ",$25 ,4,2018,39
1,N,Venom (2018),Sony,"$80,255,756 ",-,4250,-,"$18,884 ","$80,255,756 ",$100 ,1,2018,40
2,N,A Star is Born (2018),WB,"$42,908,051 ",-,3686,-,"$11,641 ","$44,258,051 ",$36 ,1,2018,40
3,2,Smallfoot,WB,"$14,402,559 ",-37.50%,4131,-,"$3,486 ","$42,263,504 ",-,2,2018,40
4,1,Night School (2018),Uni.,"$12,514,925 ",-54.10%,3019,9,"$4,145 ","$46,991,280 ",$29 ,2,2018,40
5,3,The House With A Clock In Its Walls,Uni.,"$7,332,665 ",-41.80%,3463,-129,"$2,117 ","$55,089,225 ",$42 ,3,2018,40
6,4,A Simple Favor,LGF,"$3,424,954 ",-47.60%,2408,-665,"$1,422 ","$49,004,310 ",$20 ,4,2018,40
7,5,The Nun,WB (NL),"$2,703,281 ",-50.20%,2264,-1067,"$1,194 ","$113,460,591 ",$22 ,5,2018,40
8,7,Crazy Rich Asians,WB,"$2,166,626 ",-47.20%,1466,-881,"$1,478 ","$169,241,568 ",$30 ,8,2018,40
9,6,Hell Fest,LGF,"$2,083,759 ",-59.40%,2297,-,$907 ,"$8,873,235 ",$5.50 ,2,2018,40
10,N,MET Opera: Aida,Fathom,"$1,187,275 ",-,699,-,"$1,699 ","$1,187,275 ",-,1,2018,40
1,1,Venom (2018),Sony,"$35,006,107 ",-56.40%,4250,-,"$8,237 ","$142,108,258 ",$100 ,2,2018,41
2,2,A Star is Born (2018),WB,"$28,445,205 ",-33.70%,3708,22,"$7,671 ","$94,605,565 ",$36 ,2,2018,41
3,N,First Man,Uni.,"$16,006,065 ",-,3640,-,"$4,397 ","$16,006,065 ",$59 ,1,2018,41
4,N,Goosebumps 2: Haunted Halloween,Sony,"$15,802,225 ",-,3521,-,"$4,488 ","$15,802,225 ",$35 ,1,2018,41
5,3,Smallfoot,WB,"$9,066,837 ",-37.00%,3606,-525,"$2,514 ","$57,375,058 ",-,3,2018,41
6,4,Night School (2018),Uni.,"$7,751,255 ",-38.10%,2780,-239,"$2,788 ","$59,560,205 ",$29 ,3,2018,41
7,N,Bad Times At The El Royale,Fox,"$7,132,647 ",-,2808,-,"$2,540 ","$7,132,647 ",$32 ,1,2018,41
8,5,The House With A Clock In Its Walls,Uni.,"$3,844,240 ",-47.60%,2791,-672,"$1,377 ","$62,119,740 ",$42 ,4,2018,41
9,14,The Hate U Give,Fox,"$1,736,842 ",239.20%,248,212,"$7,003 ","$2,449,156 ",$23 ,2,2018,41
10,7,The Nun,WB (NL),"$1,345,355 ",-50.20%,1174,-1090,"$1,146 ","$115,900,401 ",$22 ,6,2018,41
1,N,Halloween (2018),Uni.,"$76,221,545 ",-,3928,-,"$19,405 ","$76,221,545 ",$10 ,1,2018,42
2,2,A Star is Born (2018),WB,"$19,051,082 ",-33.00%,3884,176,"$4,905 ","$126,127,328 ",$36 ,3,2018,42
3,1,Venom (2018),Sony,"$18,043,887 ",-48.50%,3887,-363,"$4,642 ","$171,063,982 ",$100 ,3,2018,42
4,4,Goosebumps 2: Haunted Halloween,Sony,"$9,721,173 ",-38.50%,3521,-,"$2,761 ","$28,810,985 ",$35 ,2,2018,42
5,3,First Man,Uni.,"$8,327,135 ",-48.00%,3640,-,"$2,288 ","$29,762,185 ",$59 ,2,2018,42
6,9,The Hate U Give,Fox,"$7,602,108 ",337.70%,2303,"2,055","$3,301 ","$10,743,981 ",$23 ,3,2018,42
7,5,Smallfoot,WB,"$6,576,876 ",-27.50%,3032,-574,"$2,169 ","$66,327,911 ",-,4,2018,42
8,6,Night School (2018),Uni.,"$4,892,515 ",-36.90%,2296,-484,"$2,131 ","$66,799,340 ",$29 ,4,2018,42
9,7,Bad Times At The El Royale,Fox,"$3,420,067 ",-52.10%,2808,-,"$1,218 ","$13,461,868 ",$32 ,2,2018,42
10,15,The Old Man & the Gun,FoxS,"$2,134,481 ",132.60%,802,574,"$2,661 ","$4,285,337 ",-,4,2018,42
1,1,Halloween (2018),Uni.,"$31,419,070 ",-58.80%,3990,62,"$7,874 ","$126,075,470 ",$10 ,2,2018,43
2,2,A Star is Born (2018),WB,"$14,037,079 ",-26.30%,3904,20,"$3,596 ","$148,614,479 ",$36 ,4,2018,43
3,3,Venom (2018),Sony,"$10,652,381 ",-41.00%,3567,-320,"$2,986 ","$187,134,695 ",$100 ,4,2018,43
4,4,Goosebumps 2: Haunted Halloween,Sony,"$7,284,207 ",-25.10%,3723,202,"$1,957 ","$38,133,016 ",$35 ,3,2018,43
5,N,Hunter Killer,LG/S,"$6,653,777 ",-,2728,-,"$2,439 ","$6,653,777 ",$40 ,1,2018,43
6,6,The Hate U Give,Fox,"$5,101,859 ",-32.90%,2375,72,"$2,148 ","$18,301,864 ",$23 ,4,2018,43
7,5,First Man,Uni.,"$4,865,575 ",-41.60%,2959,-681,"$1,644 ","$37,808,655 ",$59 ,3,2018,43
8,7,Smallfoot,WB,"$4,761,614 ",-27.60%,2662,-370,"$1,789 ","$72,602,664 ",-,5,2018,43
9,8,Night School (2018),Uni.,"$3,236,025 ",-33.90%,1991,-305,"$1,625 ","$71,433,050 ",$29 ,5,2018,43
10,21,Mid90s,A24,"$2,980,505 ",1054.50%,1206,"1,202","$2,471 ","$3,330,676 ",-,2,2018,43
1,N,Bohemian Rhapsody,Fox,"$51,061,119 ",-,4000,-,"$12,765 ","$51,061,119 ",$52 ,1,2018,44
2,N,The Nutcracker and the Four Realms,BV,"$20,352,491 ",-,3766,-,"$5,404 ","$20,352,491 ",$120 ,1,2018,44
3,N,Nobody's Fool,Par.,"$13,743,111 ",-,2468,-,"$5,569 ","$13,743,111 ",$19 ,1,2018,44
4,2,A Star is Born (2018),WB,"$11,003,083 ",-21.60%,3431,-473,"$3,207 ","$165,537,649 ",$36 ,5,2018,44
5,1,Halloween (2018),Uni.,"$10,830,865 ",-65.50%,3775,-215,"$2,869 ","$150,224,570 ",$10 ,3,2018,44
6,3,Venom (2018),Sony,"$7,877,174 ",-26.10%,3067,-500,"$2,568 ","$198,690,522 ",$100 ,5,2018,44
7,8,Smallfoot,WB,"$3,861,672 ",-18.90%,2002,-660,"$1,929 ","$77,540,973 ",-,6,2018,44
8,4,Goosebumps 2: Haunted Halloween,Sony,"$3,773,720 ",-48.20%,2828,-895,"$1,334 ","$43,906,036 ",$35 ,4,2018,44
9,5,Hunter Killer,LG/S,"$3,528,129 ",-47.00%,2720,-8,"$1,297 ","$12,968,245 ",$40 ,2,2018,44
10,6,The Hate U Give,Fox,"$3,353,422 ",-34.30%,1507,-868,"$2,225 ","$23,414,346 ",$23 ,5,2018,44
1,N,Dr. Seuss' The Grinch (2018),Uni.,"$67,572,855 ",-,4141,-,"$16,318 ","$67,572,855 ",$75 ,1,2018,45
2,1,Bohemian Rhapsody,Fox,"$31,201,568 ",-38.90%,4000,-,"$7,800 ","$100,362,116 ",$52 ,2,2018,45
3,N,Overlord,Par.,"$10,202,108 ",-,2859,-,"$3,568 ","$10,202,108 ",$38 ,1,2018,45
4,2,The Nutcracker and the Four Realms,BV,"$10,086,869 ",-50.40%,3766,-,"$2,678 ","$35,778,403 ",$120 ,2,2018,45
5,4,A Star is Born (2018),WB,"$8,105,163 ",-26.30%,2848,-583,"$2,846 ","$178,115,551 ",$36 ,6,2018,45
6,N,The Girl in the Spider's Web: A New Dragon Tattoo Story,Sony,"$7,810,112 ",-,2929,-,"$2,666 ","$7,810,112 ",$43 ,1,2018,45
7,3,Nobody's Fool,Par.,"$6,636,242 ",-51.70%,2468,-,"$2,689 ","$24,372,350 ",$19 ,2,2018,45
8,6,Venom (2018),Sony,"$4,915,378 ",-37.60%,2351,-716,"$2,091 ","$206,298,981 ",$100 ,6,2018,45
9,5,Halloween (2018),Uni.,"$3,998,885 ",-63.10%,2717,-1058,"$1,472 ","$156,968,730 ",$10 ,4,2018,45
10,10,The Hate U Give,Fox,"$2,051,363 ",-38.80%,1108,-399,"$1,851 ","$26,687,246 ",$23 ,6,2018,45
1,N,Fantastic Beasts: The Crimes of Grindelwald,WB,"$62,163,104 ",-,4163,-,"$14,932 ","$62,163,104 ",$200 ,1,2018,46
2,1,Dr. Seuss' The Grinch (2018),Uni.,"$38,587,130 ",-42.90%,4141,-,"$9,318 ","$126,963,410 ",$75 ,2,2018,46
3,2,Bohemian Rhapsody,Fox,"$16,042,965 ",-48.60%,3810,-190,"$4,211 ","$128,228,824 ",$52 ,3,2018,46
4,N,Instant Family,Par.,"$14,504,315 ",-,3286,-,"$4,414 ","$14,504,315 ",$48 ,1,2018,46
5,N,Widows,Fox,"$12,361,307 ",-,2803,-,"$4,410 ","$12,361,307 ",$42 ,1,2018,46
6,4,The Nutcracker and the Four Realms,BV,"$4,772,950 ",-52.70%,2635,-1131,"$1,811 ","$43,965,640 ",$120 ,3,2018,46
7,5,A Star is Born (2018),WB,"$4,293,663 ",-47.00%,2010,-838,"$2,136 ","$185,784,570 ",$36 ,7,2018,46
8,3,Overlord,Par.,"$3,790,251 ",-62.80%,2859,-,"$1,326 ","$17,683,140 ",$38 ,2,2018,46
9,6,The Girl in the Spider's Web: A New Dragon Tattoo Story,Sony,"$2,501,616 ",-68.00%,2929,-,$854 ,"$13,292,139 ",$43 ,2,2018,46
10,N,Burn the Stage: The Movie,Trafalgar,"$2,420,197 ",-,629,-,"$3,848 ","$3,643,903 ",-,1,2018,46
1,N,Ralph Breaks the Internet,BV,"$56,237,634 ",-,4017,-,"$14,000 ","$84,750,405 ",$175 ,1,2018,47
2,N,Creed II,MGM,"$35,574,710 ",-,3441,-,"$10,338 ","$56,007,007 ",$50 ,1,2018,47
3,2,Dr. Seuss' The Grinch (2018),Uni.,"$30,392,220 ",-21.20%,3960,-181,"$7,675 ","$180,494,990 ",$75 ,3,2018,47
4,1,Fantastic Beasts: The Crimes of Grindelwald,WB,"$29,375,498 ",-52.70%,4163,-,"$7,056 ","$116,554,309 ",$200 ,2,2018,47
5,3,Bohemian Rhapsody,Fox,"$14,001,156 ",-12.70%,2927,-883,"$4,783 ","$152,158,106 ",$52 ,4,2018,47
6,4,Instant Family,Par.,"$12,310,708 ",-15.10%,3286,-,"$3,746 ","$35,564,886 ",$48 ,2,2018,47
7,N,Robin Hood (2018),LG/S,"$9,195,670 ",-,2827,-,"$3,253 ","$14,297,995 ",$100 ,1,2018,47
8,5,Widows,Fox,"$8,231,373 ",-33.40%,2803,-,"$2,937 ","$25,862,333 ",$42 ,2,2018,47
9,22,Green Book,Uni.,"$5,501,520 ",1616.90%,1063,"1,038","$5,175 ","$7,860,501 ",$23 ,2,2018,47
10,7,A Star is Born (2018),WB,"$3,016,129 ",-29.80%,1202,-808,"$2,509 ","$191,003,172 ",$36 ,8,2018,47
1,1,Ralph Breaks the Internet,BV,"$25,566,945 ",-54.50%,4017,-,"$6,365 ","$119,105,178 ",$175 ,2,2018,48
2,3,Dr. Seuss' The Grinch (2018),Uni.,"$17,926,785 ",-41.00%,3934,-26,"$4,557 ","$203,705,980 ",$75 ,4,2018,48
3,2,Creed II,MGM,"$16,639,048 ",-53.20%,3576,135,"$4,653 ","$80,975,332 ",$50 ,2,2018,48
4,4,Fantastic Beasts: The Crimes of Grindelwald,WB,"$11,361,556 ",-61.30%,3851,-312,"$2,950 ","$134,502,962 ",$200 ,3,2018,48
5,5,Bohemian Rhapsody,Fox,"$8,008,587 ",-42.80%,3007,80,"$2,663 ","$164,331,737 ",$52 ,5,2018,48
6,6,Instant Family,Par.,"$7,170,076 ",-41.80%,3376,90,"$2,124 ","$45,947,845 ",$48 ,3,2018,48
7,N,The Possession of Hannah Grace,SGem,"$6,401,744 ",-,2065,-,"$3,100 ","$6,401,744 ",$7.70 ,1,2018,48
8,7,Robin Hood (2018),LG/S,"$4,781,624 ",-48.00%,2827,-,"$1,691 ","$21,809,306 ",$100 ,2,2018,48
9,8,Widows,Fox,"$4,403,153 ",-46.50%,2393,-410,"$1,840 ","$33,063,398 ",$42 ,3,2018,48
10,9,Green Book,Uni.,"$3,931,220 ",-28.50%,1065,2,"$3,691 ","$14,045,711 ",$23 ,3,2018,48
1,1,Ralph Breaks the Internet,BV,"$16,253,831 ",-36.40%,3795,-222,"$4,283 ","$140,971,716 ",$175 ,3,2018,49
2,2,Dr. Seuss' The Grinch (2018),Uni.,"$15,039,050 ",-16.10%,3841,-93,"$3,915 ","$223,324,225 ",$75 ,5,2018,49
3,3,Creed II,MGM,"$9,975,167 ",-40.00%,3752,176,"$2,659 ","$96,124,564 ",$50 ,3,2018,49
4,4,Fantastic Beasts: The Crimes of Grindelwald,WB,"$6,953,846 ",-38.80%,3451,-400,"$2,015 ","$145,356,370 ",$200 ,4,2018,49
5,5,Bohemian Rhapsody,Fox,"$6,141,666 ",-23.30%,2953,-54,"$2,080 ","$173,710,836 ",$52 ,6,2018,49
6,6,Instant Family,Par.,"$5,756,311 ",-19.70%,3426,50,"$1,680 ","$54,317,053 ",$48 ,4,2018,49
7,10,Green Book,Uni.,"$3,905,030 ",-0.70%,1181,116,"$3,307 ","$19,946,941 ",$23 ,4,2018,49
8,8,Robin Hood (2018),LG/S,"$3,531,994 ",-26.10%,2573,-254,"$1,373 ","$27,236,187 ",$100 ,3,2018,49
9,7,The Possession of Hannah Grace,SGem,"$3,170,546 ",-50.50%,2298,233,"$1,380 ","$11,502,095 ",$7.70 ,2,2018,49
10,9,Widows,Fox,"$3,150,274 ",-28.50%,2161,-232,"$1,458 ","$38,206,080 ",$42 ,4,2018,49
1,N,Spider-Man: Into The Spider-Verse,Sony,"$35,363,376 ",-,3813,-,"$9,274 ","$35,363,376 ",$90 ,1,2018,50
2,N,The Mule,WB,"$17,509,431 ",-,2588,-,"$6,766 ","$17,509,431 ",$50 ,1,2018,50
3,2,Dr. Seuss' The Grinch (2018),Uni.,"$11,753,665 ",-21.80%,3680,-161,"$3,194 ","$239,463,375 ",$75 ,6,2018,50
4,1,Ralph Breaks the Internet,BV,"$9,274,018 ",-42.90%,3575,-220,"$2,594 ","$154,149,896 ",$175 ,4,2018,50
5,N,Mortal Engines,Uni.,"$7,559,850 ",-,3103,-,"$2,436 ","$7,559,850 ",$100 ,1,2018,50
6,3,Creed II,MGM,"$5,385,914 ",-46.00%,3107,-645,"$1,733 ","$104,870,060 ",$50 ,4,2018,50
7,5,Bohemian Rhapsody,Fox,"$4,314,179 ",-29.80%,2213,-740,"$1,949 ","$180,612,379 ",$52 ,7,2018,50
8,6,Instant Family,Par.,"$3,790,287 ",-34.20%,2860,-566,"$1,325 ","$60,288,341 ",$48 ,5,2018,50
9,4,Fantastic Beasts: The Crimes of Grindelwald,WB,"$3,789,839 ",-45.50%,2606,-845,"$1,454 ","$151,793,249 ",$200 ,5,2018,50
10,7,Green Book,Uni.,"$2,774,630 ",-28.90%,1215,34,"$2,284 ","$24,654,996 ",$23 ,5,2018,50
1,N,Aquaman,WB,"$67,873,522 ",-,4125,-,"$16,454 ","$72,573,522 ",-,1,2018,51
2,N,Mary Poppins Returns,BV,"$23,523,121 ",-,4090,-,"$5,751 ","$32,337,792 ",$130 ,1,2018,51
3,N,Bumblebee,Par.,"$21,654,047 ",-,3550,-,"$6,100 ","$21,654,047 ",$135 ,1,2018,51
4,1,Spider-Man: Into The Spider-Verse,Sony,"$16,463,662 ",-53.40%,3813,-,"$4,318 ","$64,563,725 ",$90 ,2,2018,51
5,2,The Mule,WB,"$9,500,985 ",-45.70%,2656,68,"$3,577 ","$35,204,450 ",$50 ,2,2018,51
6,3,Dr. Seuss' The Grinch (2018),Uni.,"$8,458,030 ",-28.00%,2780,-900,"$3,042 ","$253,498,005 ",$75 ,7,2018,51
7,N,Second Act,STX,"$6,489,983 ",-,2607,-,"$2,489 ","$6,489,983 ",$16 ,1,2018,51
8,4,Ralph Breaks the Internet,BV,"$4,702,425 ",-49.30%,2495,-1080,"$1,885 ","$162,197,355 ",$175 ,5,2018,51
9,N,Welcome to Marwen,Uni.,"$2,354,205 ",-,1911,-,"$1,232 ","$2,354,205 ",$39 ,1,2018,51
10,18,Mary Queen of Scots,Focus,"$2,277,820 ",225.50%,795,729,"$2,865 ","$3,581,575 ",-,3,2018,51
1,1,Aquaman,WB,"$52,114,571 ",-23.20%,4125,-,"$12,634 ","$189,048,186 ",-,2,2018,52
2,2,Mary Poppins Returns,BV,"$28,353,117 ",20.50%,4090,-,"$6,932 ","$99,263,875 ",$130 ,2,2018,52
3,3,Bumblebee,Par.,"$20,906,146 ",-3.50%,3550,-,"$5,889 ","$67,184,166 ",$135 ,2,2018,52
4,4,Spider-Man: Into The Spider-Verse,Sony,"$18,794,532 ",14.20%,3813,-,"$4,929 ","$104,123,262 ",$90 ,3,2018,52
5,5,The Mule,WB,"$12,162,024 ",28.00%,2787,131,"$4,364 ","$61,109,209 ",$50 ,3,2018,52
6,N,Vice,Annapurna,"$7,768,371 ",-,2442,-,"$3,181 ","$17,674,487 ",-,1,2018,52
7,N,Holmes and Watson,Sony,"$7,411,522 ",-,2776,-,"$2,670 ","$19,817,930 ",$42 ,1,2018,52
8,7,Second Act,STX,"$7,359,691 ",13.40%,2607,-,"$2,823 ","$21,923,753 ",$16 ,2,2018,52
9,8,Ralph Breaks the Internet,BV,"$6,726,184 ",43.00%,2343,-152,"$2,871 ","$175,907,767 ",$175 ,6,2018,52
10,6,Dr. Seuss' The Grinch (2018),Uni.,"$4,122,245 ",-51.30%,2555,-225,"$1,613 ","$265,457,730 ",$75 ,8,2018,52
