year,week,Rank,LW,Release,Distributor,Gross,%± LW,Theaters,Change,Average,Total Gross,Weeks
2018,1,1,2,Jumanji: Welcome to the Jungle,Sony Pictures Releasing,"$37,233,653",-25.6%,3801,+36,"$9,795","$245,606,319",3
2018,1,2,-,Insidious: The Last Key,Universal Pictures,"$29,581,355",-,3116,-,"$9,493","$29,581,355",1
2018,1,3,1,Star Wars: Episode VIII - The Last Jedi,Walt Disney Studios Motion Pictures,"$23,728,944",-54.8%,4232,-,"$5,607","$572,691,546",4
2018,1,4,4,The Greatest Showman,Fox,"$13,770,951",-11.3%,3342,+26,"$4,120","$76,875,323",3
2018,1,5,3,Pitch Perfect 3,Universal Pictures,"$10,298,345",-38.7%,3458,-10,"$2,978","$86,055,435",3
2018,1,6,5,Ferdinand,Fox,"$7,697,773",-32.4%,3156,-181,"$2,439","$70,466,891",4
2018,1,7,13,Molly's Game,STX Entertainment,"$6,856,578",+191.8%,1608,"+1,337","$4,264","$14,073,138",2
2018,1,8,8,Darkest Hour,Focus Features,"$6,050,225",+10.3%,1733,+790,"$3,491","$28,086,332",7
2018,1,9,6,Coco,Walt Disney Studios Motion Pictures,"$5,382,651",-27.9%,1894,-210,"$2,841","$191,925,612",7
2018,1,10,7,All the Money in the World,Concorde Film,"$3,571,226",-36.1%,2123,+49,"$1,682","$20,153,135",2
2018,1,11,11,The Shape of Water,Fox Searchlight Pictures,"$3,139,084",-11.1%,804,+48,"$3,904","$21,692,548",6
2018,1,12,22,"I, Tonya",Neon,"$2,445,878",+273.1%,256,+207,"$9,554","$5,419,565",5
2018,1,13,12,Wonder,Lionsgate,"$2,381,646",-26.7%,1258,+65,"$1,893","$126,638,732",8
2018,1,14,9,Downsizing,Paramount Pictures,"$2,202,311",-53.2%,2020,-648,"$1,090","$22,932,429",3
2018,1,15,24,The Post,Fox,"$1,698,027",+202.6%,36,+27,"$47,167","$3,847,683",3
2018,1,16,14,Lady Bird,A24,"$1,572,031",+7.2%,562,+170,"$2,797","$34,128,122",10
2018,1,17,10,Father Figures,Warner Bros.,"$1,262,474",-67%,1717,-1185,$735,"$16,772,934",3
2018,1,18,20,Call Me by Your Name,Sony Pictures Classics,"$747,129",-,117,+2,"$6,385","$6,073,058",7
2018,1,19,16,The Disaster Artist,A24,"$746,034",-20%,478,-29,"$1,560","$19,431,782",6
2018,1,20,21,"Three Billboards Outside Ebbing, Missouri",Fox Searchlight Pictures,"$705,188",+4.4%,310,+44,"$2,274","$25,392,902",9
2018,1,21,15,Justice League,Warner Bros.,"$556,851",-53.5%,518,-697,"$1,075","$227,032,490",8
2018,1,22,19,Thor: Ragnarok,Walt Disney Studios Motion Pictures,"$514,940",-39.8%,325,-215,"$1,584","$312,459,726",10
2018,1,23,17,Daddy's Home 2,Paramount Pictures,"$473,493",-48.6%,429,-341,"$1,103","$102,934,995",9
2018,1,24,23,Murder on the Orient Express,Fox,"$450,509",-26.9%,314,-77,"$1,434","$101,555,644",9
2018,1,25,18,Tiger Zinda Hai,-,"$367,679",-60.1%,166,-118,"$2,214","$5,560,921",3
2018,1,26,28,Along with the Gods: The Two Worlds,Well Go USA Entertainment,"$277,065",+43.3%,35,+18,"$7,916","$1,118,190",3
2018,1,27,39,Hostiles,Entertainment Studios Motion Pictures,"$268,373",+702.2%,46,+41,"$5,834","$393,565",3
2018,1,28,26,Phantom Thread,Focus Features,"$240,240",+11%,6,+2,"$40,040","$947,190",2
2018,1,29,30,The Ex-File 3: Return of the Exes,China Lion Film Distribution,"$177,110",+41.4%,17,-4,"$10,418","$518,184",2
2018,1,30,25,The Star,Sony Pictures Releasing,"$140,805",-71%,268,-393,$525,"$40,448,404",8
2018,1,31,35,Blade Runner 2049,Warner Bros.,"$100,018",+113.5%,133,+58,$752,"$91,800,042",14
2018,1,32,29,A Bad Moms Christmas,STX Entertainment,"$81,907",-48.2%,144,-70,$568,"$72,080,547",10
2018,1,33,27,Youth,China Lion Film Distribution,"$80,501",-59.6%,30,-5,"$2,683","$1,814,247",4
2018,1,34,-,Goldbuster,Well Go USA Entertainment,"$79,180",-,24,-,"$3,299","$79,180",1
2018,1,35,31,Loving Vincent,Good Deed Entertainment,"$72,135",+5.5%,58,+3,"$1,243","$6,388,510",16
2018,1,36,34,The Florida Project,A24,"$63,094",+25.2%,37,+4,"$1,705","$5,412,776",14
2018,1,37,33,Geostorm,Warner Bros.,"$52,219",-5.8%,93,-17,$561,"$33,681,965",12
2018,1,38,-,Namiya,China Lion Film Distribution,"$39,584",-,21,-,"$1,884","$39,584",1
2018,1,39,36,Only the Brave,Sony Pictures Releasing,"$37,116",-12.4%,69,-17,$537,"$18,255,680",12
2018,1,40,41,The Square,Magnolia Pictures,"$32,634",+47.6%,25,+10,"$1,305","$1,284,672",11
2018,1,41,48,"Roman J. Israel, Esq.",Sony Pictures Releasing,"$27,636",+140.1%,80,+47,$345,"$11,887,893",8
2018,1,42,40,Jane,Abramorama,"$25,151",-6%,19,-2,"$1,323","$1,544,602",12
2018,1,43,54,A Beautiful Planet,IMAX,"$24,499",+261.1%,9,+2,"$2,722","$12,952,818",89
2018,1,44,-,Film Stars Don't Die in Liverpool,Sony Pictures Classics,"$22,866",-,4,-,"$5,716","$82,300",2
2018,1,45,32,The Man Who Invented Christmas,Bleecker Street Media,"$21,255",-68.4%,70,-76,$303,"$5,652,907",7
2018,1,46,37,Wonder Wheel,Amazon Studios,"$20,871",-42.9%,29,-26,$719,"$1,363,787",6
2018,1,47,-,Faces Places,Cohen Media Group,"$20,160",-,13,+5,-,"$640,750",14
2018,1,48,-,Bombshell: The Hedy Lamarr Story,Zeitgeist Films,"$16,666",-,8,-,"$2,083","$177,078",7
2018,1,49,43,The Other Side of Hope,Janus Films,"$14,076",-,7,+1,"$2,010","$163,529",6
2018,1,50,44,Happy End,Sony Pictures Classics,"$13,699",-0.7%,6,+3,"$2,283","$83,292",3
2018,1,51,51,In the Fade,Magnolia Pictures,"$12,764",+22.1%,6,+3,"$2,127","$36,522",2
2018,1,52,-,Tom of Finland,Kino Lorber,"$12,444",-,3,-,"$4,148","$323,048",13
2018,1,53,-,Django,Under The Milky Way,"$11,722",-,4,-,"$2,930","$11,722",1
2018,1,54,55,Island of Lemurs: Madagascar,Warner Bros.,"$9,491",+39.9%,2,-,"$4,745","$11,085,909",197
2018,1,55,-,The Sacrifice2017 Re-release,Kino Lorber,"$8,272",-,2,-,"$4,136","$25,402",12
2018,1,56,60,The Breadwinner,GKIDS,"$7,747",+111.6%,10,-,$774,"$233,919",8
2018,1,57,52,Big Sonia,Argot Pictures,"$7,017",-28.8%,1,-,"$7,017","$129,869",8
2018,1,58,47,Same Kind of Different as Me,Pure Flix Entertainment,"$6,368",-44.8%,20,-20,$318,"$6,410,279",12
2018,1,59,62,My Friend Dahmer,FilmRise,"$6,186",+82.7%,2,-,"$3,093","$1,310,242",10
2018,1,60,-,In Between,Film Movement,"$5,888",-,2,-,"$2,944","$11,498",1
2018,1,61,42,Just Getting Started,Broad Green Pictures,"$5,699",-62.7%,5,-10,"$1,139","$6,058,383",5
2018,1,62,50,Marshall,Open Road Films (II),"$5,470",-48.4%,41,-9,$133,"$9,480,742",13
2018,1,63,59,Under the Sea 3D,Warner Bros.,"$5,321",+0.8%,2,-1,"$2,660","$35,689,488",465
2018,1,64,-,Bob le Flambeur,Rialto Pictures,"$4,623",-,1,-,"$4,623","$4,623",1
2018,1,65,69,Thelma,The Orchard,"$4,127",+194.2%,8,+2,$515,"$137,420",9
2018,1,66,57,1945,Menemsha Films,"$3,832",-35.2%,4,-5,$958,"$258,392",10
2018,1,67,56,Hubble 3D,Warner Bros.,"$3,553",-45.5%,1,-,"$3,553","$51,984,404",408
2018,1,68,-,Brimstone & Glory,Oscilloscope,"$3,501",-,5,-,$700,"$32,059",11
2018,1,69,-,In the Land of Pomegranates,First Run,"$3,072",-,1,-,"$3,072","$3,072",1
2018,1,70,63,Quest,First Run,"$3,065",+9.3%,2,-,"$1,532","$41,271",6
2018,1,71,65,God's Own Country,Orion Pictures,"$2,362",-8.7%,3,-1,$787,"$319,787",11
2018,1,72,-,Nocturama,Grasshopper Film,"$2,012",-,4,-,$503,"$28,303",22
2018,1,73,68,Novitiate,Sony Pictures Classics,"$1,859",+2.4%,5,-1,$371,"$570,409",11
2018,1,74,67,The Lucky Man,Indican Pictures,"$1,644",-27.1%,2,-,$822,"$12,619",3
2018,1,75,-,Escapes,Grasshopper Film,"$1,554",-,2,-,$777,"$17,266",24
2018,1,76,-,Chavela,Music Box Films,"$1,310",-,1,-,"$1,310","$144,764",14
2018,1,77,-,BPM (Beats Per Minute),The Orchard,"$1,107",-,7,-,$158,"$93,961",12
2018,1,78,-,Bronx Gothic,Grasshopper Film,$977,-,2,-,$488,"$26,974",26
2018,1,79,73,The Fencer2016 Re-release,CFI Releasing,$968,+211.3%,2,+1,$484,"$95,339",25
2018,1,80,71,Permanent,Magnolia Pictures,$690,-33.1%,3,-,$230,"$12,777",4
2018,1,81,74,The Paris Opera,Film Movement,$652,+624.4%,1,-,$652,"$53,468",12
2018,1,82,-,Aida's Secrets,Music Box Films,$464,-,1,-,$464,"$96,104",12
2018,1,83,-,Ichi the Killer2017 Re-release,Well Go USA Entertainment,$440,-,1,-,$440,"$6,426",9
2018,1,84,-,Bad Lucky Goat,Film Movement,$372,-,1,-,$372,"$4,720",13
2018,1,85,-,Born to Be Wild,Warner Bros.,$369,-,2,-,$184,"$25,617,951",353
2018,1,86,-,The Crime of Monsieur Lange,Rialto Pictures,$349,-,1,-,$349,"$27,823",8
2018,1,87,70,On the Beach at Night Alone,The Cinema Guild,$228,-82.7%,2,-,$114,"$31,448",8
2018,1,88,66,Let There Be Light,Atlas Distribution Company,$68,-97.2%,2,-6,$34,"$7,210,748",11
2018,1,89,-,Porto,Kino Lorber,$60,-,1,-,$60,"$11,323",8
2018,2,1,1,Jumanji: Welcome to the Jungle,Sony Pictures Releasing,"$28,101,972",-24.5%,3849,+48,"$7,301","$284,237,881",4
2018,2,2,15,The Post,Fox,"$19,361,968","+1,040.3%",2819,"+2,783","$6,868","$23,851,205",4
2018,2,3,-,The Commuter,Lionsgate,"$13,701,452",-,2892,-,"$4,737","$13,701,452",1
2018,2,4,4,The Greatest Showman,Fox,"$12,467,471",-9.5%,2938,-404,"$4,243","$95,221,339",4
2018,2,5,2,Insidious: The Last Key,Universal Pictures,"$12,419,715",-58%,3150,+34,"$3,942","$48,660,855",2
2018,2,6,3,Star Wars: Episode VIII - The Last Jedi,Walt Disney Studios Motion Pictures,"$11,854,481",-50%,3090,-1142,"$3,836","$592,129,065",5
2018,2,7,-,Paddington 2,Warner Bros.,"$11,001,961",-,3702,-,"$2,971","$11,001,961",1
2018,2,8,-,Proud Mary,Screen Gems,"$9,959,053",-,2125,-,"$4,686","$9,959,053",1
2018,2,9,5,Pitch Perfect 3,Universal Pictures,"$5,994,400",-41.8%,2505,-953,"$2,392","$94,993,625",4
2018,2,10,8,Darkest Hour,Focus Features,"$4,462,740",-26.2%,1693,-40,"$2,635","$35,678,292",8
2018,2,11,7,Molly's Game,STX Entertainment,"$3,872,307",-43.5%,1708,+100,"$2,267","$20,701,404",3
2018,2,12,6,Ferdinand,Fox,"$3,529,153",-54.2%,2154,-1002,"$1,638","$75,557,247",5
2018,2,13,12,"I, Tonya",Neon,"$3,362,738",+37.5%,517,+261,"$6,504","$10,061,554",6
2018,2,14,9,Coco,Walt Disney Studios Motion Pictures,"$3,331,878",-38.1%,1362,-532,"$2,446","$196,875,318",8
2018,2,15,11,The Shape of Water,Fox Searchlight Pictures,"$2,835,459",-9.7%,723,-81,"$3,921","$26,557,351",7
2018,2,16,20,"Three Billboards Outside Ebbing, Missouri",Fox Searchlight Pictures,"$2,518,115",+257.1%,1022,+712,"$2,463","$28,726,574",10
2018,2,17,16,Lady Bird,A24,"$1,768,536",+12.5%,652,+90,"$2,712","$36,984,745",11
2018,2,18,10,All the Money in the World,Concorde Film,"$1,223,993",-65.7%,1408,-715,$869,"$23,050,053",3
2018,2,19,13,Wonder,Lionsgate,"$1,210,294",-49.2%,970,-288,"$1,247","$128,598,868",9
2018,2,20,28,Phantom Thread,Focus Features,"$1,147,815",+377.8%,62,+56,"$18,513","$2,229,593",3
2018,2,21,18,Call Me by Your Name,Sony Pictures Classics,"$710,773",-4.9%,174,+57,"$4,084","$7,226,368",8
2018,2,22,19,The Disaster Artist,A24,"$461,484",-38.1%,371,-107,"$1,243","$20,325,591",7
2018,2,23,62,Marshall,Open Road Films (II),"$410,928","+7,412.4%",378,+337,"$1,087","$9,895,116",14
2018,2,24,22,Thor: Ragnarok,Walt Disney Studios Motion Pictures,"$370,959",-28%,242,-83,"$1,532","$313,012,279",11
2018,2,25,14,Downsizing,Paramount Pictures,"$302,309",-86.3%,412,-1608,$733,"$24,100,548",4
2018,2,26,27,Hostiles,Entertainment Studios Motion Pictures,"$273,262",+1.8%,42,-4,"$6,506","$818,730",4
2018,2,27,24,Murder on the Orient Express,Fox,"$257,346",-42.9%,272,-42,$946,"$101,985,707",10
2018,2,28,21,Justice League,Warner Bros.,"$255,287",-54.2%,226,-292,"$1,129","$227,461,230",9
2018,2,29,-,Condorito: The Movie,Lionsgate,"$248,456",-,153,-,"$1,623","$248,456",1
2018,2,30,23,Daddy's Home 2,Paramount Pictures,"$199,245",-57.9%,201,-228,$991,"$103,251,200",10
2018,2,31,26,Along with the Gods: The Two Worlds,Well Go USA Entertainment,"$193,290",-30.2%,32,-3,"$6,040","$1,470,029",4
2018,2,32,-,The Opera House,Fathom Events,"$191,466",-,604,-,$316,"$191,466",1
2018,2,33,-,The Treasure of the Sierra Madre,Fathom Events,"$144,074",-,631,-,$228,"$144,074",1
2018,2,34,29,The Ex-File 3: Return of the Exes,China Lion Film Distribution,"$112,424",-36.5%,24,+7,"$4,684","$724,521",3
2018,2,35,30,The Star,Sony Pictures Releasing,"$105,721",-24.9%,160,-108,$660,"$40,587,546",9
2018,2,36,17,Father Figures,Warner Bros.,"$97,380",-92.3%,201,-1516,$484,"$17,313,822",4
2018,2,37,31,Blade Runner 2049,Warner Bros.,"$70,014",-30%,125,-8,$560,"$91,917,746",15
2018,2,38,36,The Florida Project,A24,"$53,267",-15.6%,40,+3,"$1,331","$5,501,213",15
2018,2,39,-,The Brawler,Eros International,"$47,808",-,19,-,"$2,516","$47,808",1
2018,2,40,35,Loving Vincent,Good Deed Entertainment,"$42,594",-41%,40,-18,"$1,064","$6,478,819",17
2018,2,41,-,Parchi,Atlas Distribution Company,"$34,437",-,39,-,$883,"$34,437",1
2018,2,42,44,Film Stars Don't Die in Liverpool,Sony Pictures Classics,"$32,905",+43.9%,9,+5,"$3,656","$130,021",3
2018,2,43,34,Goldbuster,Well Go USA Entertainment,"$27,837",-64.8%,6,-18,"$4,639","$146,219",2
2018,2,44,-,The Insult,Cohen Media Group,"$24,957",-,3,-,-,"$24,957",1
2018,2,45,39,Only the Brave,Sony Pictures Releasing,"$23,346",-37.1%,54,-15,$432,"$18,295,185",13
2018,2,46,50,Happy End,Sony Pictures Classics,"$22,845",+66.8%,11,+5,"$2,076","$116,340",4
2018,2,47,33,Youth,China Lion Film Distribution,"$20,837",-74.1%,7,-23,"$2,976","$1,871,012",5
2018,2,48,-,Wastelander,Indican Pictures,"$20,768",-,22,-,$944,"$20,768",1
2018,2,49,40,The Square,Magnolia Pictures,"$20,700",-36.6%,19,-6,"$1,089","$1,322,359",12
2018,2,50,51,In the Fade,Magnolia Pictures,"$19,715",+54.5%,10,+4,"$1,971","$70,146",3
2018,2,51,42,Jane,Abramorama,"$18,999",-24.5%,18,-1,"$1,055","$1,587,320",13
2018,2,52,48,Bombshell: The Hedy Lamarr Story,Zeitgeist Films,"$17,015",+2.1%,12,+4,"$1,417","$199,166",8
2018,2,53,43,A Beautiful Planet,IMAX,"$15,577",-36.4%,12,+3,"$1,298","$12,986,644",90
2018,2,54,41,"Roman J. Israel, Esq.",Sony Pictures Releasing,"$12,773",-53.8%,42,-38,$304,"$11,915,451",9
2018,2,55,-,Faces Places,Cohen Media Group,"$11,566",-,13,-,$889,"$672,642",15
2018,2,56,38,Namiya,China Lion Film Distribution,"$10,475",-73.5%,7,-14,"$1,496","$64,974",2
2018,2,57,59,My Friend Dahmer,FilmRise,"$9,652",+56%,2,-,"$4,826","$1,322,519",11
2018,2,58,52,Tom of Finland,Kino Lorber,"$8,959",-28%,4,+1,"$2,239","$340,750",14
2018,2,59,-,Memories of Underdevelopment2018 Re-release,Janus Films,"$8,244",-,1,-,"$8,244","$8,224",1
2018,2,60,60,In Between,Film Movement,"$7,020",+19.2%,4,+2,"$1,755","$23,886",2
2018,2,61,-,Birdboy: The Forgotten Children,GKIDS,"$6,912",-,9,-,$768,"$20,069",5
2018,2,62,54,Island of Lemurs: Madagascar,Warner Bros.,"$6,709",-29.3%,4,+2,"$1,677","$11,098,590",198
2018,2,63,57,Big Sonia,Argot Pictures,"$6,512",-7.2%,2,+1,"$3,256","$139,686",9
2018,2,64,46,Wonder Wheel,Amazon Studios,"$6,113",-70.7%,10,-19,$611,"$1,380,847",7
2018,2,65,56,The Breadwinner,GKIDS,"$5,791",-25.2%,6,-4,$965,"$242,270",9
2018,2,66,45,The Man Who Invented Christmas,Bleecker Street Media,"$5,556",-73.9%,21,-49,$264,"$5,669,852",8
2018,2,67,-,My Art,Film Movement,"$5,538",-,1,-,"$5,538","$5,538",1
2018,2,68,-,Freak Show,IFC Films,"$4,809",-,1,-,"$4,809","$4,809",1
2018,2,69,53,Django,Under The Milky Way,"$4,508",-61.5%,5,+1,$901,"$18,348",2
2018,2,70,55,The Sacrifice2017 Re-release,Kino Lorber,"$3,709",-55.2%,4,+2,$927,"$36,498",13
2018,2,71,-,Vazante,Music Box Films,"$3,489",-,1,-,"$3,489","$3,489",1
2018,2,72,58,Same Kind of Different as Me,Pure Flix Entertainment,"$3,476",-45.4%,11,-9,$316,"$6,416,932",13
2018,2,73,-,Humor Me,Shout! Factory,"$3,342",-,1,-,"$3,342","$3,342",1
2018,2,74,49,The Other Side of Hope,Janus Films,"$3,302",-76.5%,2,-5,"$1,651","$176,464",7
2018,2,75,86,The Crime of Monsieur Lange,Rialto Pictures,"$3,301",+845.8%,3,+2,"$1,100","$31,534",9
2018,2,76,74,The Lucky Man,Indican Pictures,"$2,559",+55.7%,3,+1,$853,"$15,622",4
2018,2,77,61,Just Getting Started,Broad Green Pictures,"$1,994",-65%,1,-4,"$1,994","$6,064,130",6
2018,2,78,66,1945,Menemsha Films,"$1,822",-52.5%,4,-,$455,"$264,307",11
2018,2,79,67,Hubble 3D,Warner Bros.,"$1,810",-49.1%,1,-,"$1,810","$51,987,915",409
2018,2,80,89,Porto,Kino Lorber,"$1,719","+2,765%",1,-,"$1,719","$13,072",9
2018,2,81,65,Thelma,The Orchard,"$1,652",-60%,4,-4,$413,"$139,798",10
2018,2,82,-,Félicité,Strand Releasing,"$1,559",-,4,-,$389,"$10,238",12
2018,2,83,88,Let There Be Light,Atlas Distribution Company,"$1,272","+1,770.6%",2,-,$636,"$7,212,146",12
2018,2,84,71,God's Own Country,Orion Pictures,"$1,200",-49.2%,2,-1,$600,"$323,394",12
2018,2,85,73,Novitiate,Sony Pictures Classics,"$1,052",-43.4%,4,-1,$263,"$572,308",12
2018,2,86,63,Under the Sea 3D,Warner Bros.,$807,-84.8%,4,+2,$201,"$35,690,621",466
2018,2,87,77,BPM (Beats Per Minute),The Orchard,$631,-43%,3,-4,$210,"$96,150",13
2018,2,88,83,Ichi the Killer2017 Re-release,Well Go USA Entertainment,$624,+41.8%,1,-,$624,"$7,050",10
2018,2,89,87,On the Beach at Night Alone,The Cinema Guild,$570,+150%,3,+1,$190,"$32,478",9
2018,2,90,-,30 Years of Garbage: The Garbage Pail Kids Story,Indican Pictures,$356,-,1,-,$356,"$27,160",23
2018,2,91,82,Aida's Secrets,Music Box Films,$306,-34.1%,1,-,$306,"$97,564",13
2018,2,92,79,The Fencer2016 Re-release,CFI Releasing,$291,-69.9%,1,-1,$291,"$95,835",26
2018,2,93,-,Journey to the South Pacific,IMAX,$136,-,1,-,$136,"$7,621,084",216
2018,2,94,84,Bad Lucky Goat,Film Movement,$136,-63.4%,1,-,$136,"$4,930",14
2018,2,95,85,Born to Be Wild,Warner Bros.,$70,-81%,3,+1,$23,"$25,619,513",354
2018,3,1,1,Jumanji: Welcome to the Jungle,Sony Pictures Releasing,"$19,505,170",-30.6%,3704,-145,"$5,265","$316,450,318",5
2018,3,2,-,12 Strong,Warner Bros.,"$15,815,025",-,3002,-,"$5,268","$15,815,025",1
2018,3,3,-,Den of Thieves,STX Entertainment,"$15,206,108",-,2432,-,"$6,252","$15,206,108",1
2018,3,4,2,The Post,Fox,"$11,716,960",-39.5%,2851,+32,"$4,109","$44,758,362",5
2018,3,5,4,The Greatest Showman,Fox,"$10,644,824",-14.6%,2823,-115,"$3,770","$113,125,431",5
2018,3,6,7,Paddington 2,Warner Bros.,"$8,009,129",-27.2%,3702,-,"$2,163","$24,810,362",2
2018,3,7,3,The Commuter,Lionsgate,"$6,603,842",-51.8%,2892,-,"$2,283","$25,627,371",2
2018,3,8,6,Star Wars: Episode VIII - The Last Jedi,Walt Disney Studios Motion Pictures,"$6,555,435",-44.7%,2456,-634,"$2,669","$604,273,911",6
2018,3,9,5,Insidious: The Last Key,Universal Pictures,"$5,874,055",-52.7%,2546,-604,"$2,307","$58,658,320",3
2018,3,10,-,Forever My Girl,Roadside Attractions,"$4,245,630",-,1114,-,"$3,811","$4,245,630",1
2018,3,11,8,Proud Mary,Screen Gems,"$3,568,996",-64.2%,2125,-,"$1,679","$16,850,600",2
2018,3,12,20,Phantom Thread,Focus Features,"$3,246,720",+182.9%,896,+834,"$3,623","$6,059,449",4
2018,3,13,9,Pitch Perfect 3,Universal Pictures,"$3,022,185",-49.6%,1772,-733,"$1,705","$100,535,230",5
2018,3,14,13,"I, Tonya",Neon,"$2,861,168",-14.9%,799,+282,"$3,580","$14,509,885",7
2018,3,15,10,Darkest Hour,Focus Features,"$2,729,810",-38.8%,1341,-352,"$2,035","$40,792,987",9
2018,3,16,15,The Shape of Water,Fox Searchlight Pictures,"$2,186,311",-22.9%,853,+130,"$2,563","$30,195,358",8
2018,3,17,16,"Three Billboards Outside Ebbing, Missouri",Fox Searchlight Pictures,"$1,917,162",-23.9%,954,-68,"$2,009","$31,994,519",11
2018,3,18,14,Coco,Walt Disney Studios Motion Pictures,"$1,910,672",-42.7%,878,-484,"$2,176","$200,726,972",9
2018,3,19,12,Ferdinand,Fox,"$1,686,160",-52.2%,1212,-942,"$1,391","$79,172,376",6
2018,3,20,11,Molly's Game,STX Entertainment,"$1,622,177",-58.1%,1091,-617,"$1,486","$24,280,686",4
2018,3,21,21,Call Me by Your Name,Sony Pictures Classics,"$1,437,889",+102.3%,815,+641,"$1,764","$9,135,264",9
2018,3,22,17,Lady Bird,A24,"$1,194,401",-32.5%,675,+23,"$1,769","$39,053,636",12
2018,3,23,26,Hostiles,Entertainment Studios Motion Pictures,"$580,260",+112.3%,119,+77,"$4,876","$1,560,561",5
2018,3,24,19,Wonder,Lionsgate,"$536,824",-55.6%,496,-474,"$1,082","$129,891,525",10
2018,3,25,18,All the Money in the World,Concorde Film,"$377,888",-69.1%,374,-1034,"$1,010","$24,106,979",4
2018,3,26,-,Mary and the Witch's Flower,GKIDS,"$348,475",-,161,-,"$2,164","$1,515,939",1
2018,3,27,-,The Bolshoi Ballet: Live From Moscow - Romeo and Juliet,Fathom Events,"$256,025",-,361,-,$709,"$256,025",1
2018,3,28,24,Thor: Ragnarok,Walt Disney Studios Motion Pictures,"$234,516",-36.8%,184,-58,"$1,274","$313,433,047",12
2018,3,29,30,Daddy's Home 2,Paramount Pictures,"$210,675",+5.7%,183,-18,"$1,151","$103,543,455",11
2018,3,30,27,Murder on the Orient Express,Fox,"$181,210",-29.6%,202,-70,$897,"$102,303,321",11
2018,3,31,22,The Disaster Artist,A24,"$174,998",-62.1%,147,-224,"$1,190","$20,726,034",8
2018,3,32,28,Justice League,Warner Bros.,"$126,109",-50.6%,151,-75,$835,"$227,702,179",10
2018,3,33,31,Along with the Gods: The Two Worlds,Well Go USA Entertainment,"$103,706",-46.3%,24,-8,"$4,321","$1,684,791",5
2018,3,34,29,Condorito: The Movie,Lionsgate,"$76,014",-69.4%,134,-19,$567,"$400,460",2
2018,3,35,35,The Star,Sony Pictures Releasing,"$73,445",-30.5%,132,-28,$556,"$40,715,377",10
2018,3,36,25,Downsizing,Paramount Pictures,"$70,037",-76.8%,134,-278,$522,"$24,314,346",5
2018,3,37,-,The Final Year,Magnolia Pictures,"$67,971",-,35,-,"$1,942","$67,971",1
2018,3,38,-,The Room2017 Re-release,Fathom Events,"$65,723",-,170,-,$386,"$549,602",2
2018,3,39,37,Blade Runner 2049,Warner Bros.,"$49,170",-29.8%,124,-1,$396,"$92,001,208",16
2018,3,40,38,The Florida Project,A24,"$38,903",-27%,37,-3,"$1,051","$5,571,691",16
2018,3,41,34,The Ex-File 3: Return of the Exes,China Lion Film Distribution,"$38,658",-65.6%,21,-3,"$1,840","$808,378",4
2018,3,42,36,Father Figures,Warner Bros.,"$38,300",-60.7%,96,-105,$398,"$17,388,350",5
2018,3,43,42,Film Stars Don't Die in Liverpool,Sony Pictures Classics,"$35,255",+7.1%,16,+7,"$2,203","$190,829",4
2018,3,44,46,Happy End,Sony Pictures Classics,"$30,403",+33.1%,18,+7,"$1,689","$161,783",5
2018,3,45,40,Loving Vincent,Good Deed Entertainment,"$29,372",-31%,35,-5,$839,"$6,532,388",18
2018,3,46,-,The Insult,Cohen Media Group,"$23,222",-,3,-,"$7,740","$64,642",2
2018,3,47,53,A Beautiful Planet,IMAX,"$18,250",+17.2%,12,-,"$1,520","$13,051,669",91
2018,3,48,-,The Road Movie,Oscilloscope,"$17,175",-,19,-,$903,"$17,175",1
2018,3,49,50,In the Fade,Magnolia Pictures,"$16,227",-17.7%,9,-1,"$1,803","$101,082",4
2018,3,50,45,Only the Brave,Sony Pictures Releasing,"$15,506",-33.6%,43,-11,$360,"$18,324,258",14
2018,3,51,43,Goldbuster,Well Go USA Entertainment,"$13,770",-50.5%,6,-,"$2,295","$173,006",3
2018,3,52,49,The Square,Magnolia Pictures,"$13,064",-36.9%,9,-10,"$1,451","$1,351,205",13
2018,3,53,52,Bombshell: The Hedy Lamarr Story,Zeitgeist Films,"$12,346",-27.4%,6,-6,"$2,057","$217,460",9
2018,3,54,51,Jane,Abramorama,"$11,587",-39%,12,-6,$965,"$1,625,674",14
2018,3,55,39,The Brawler,Eros International,"$11,406",-76.1%,19,-,$600,"$74,075",2
2018,3,56,41,Parchi,Atlas Distribution Company,"$10,710",-68.9%,10,-29,"$1,071","$59,577",2
2018,3,57,55,Faces Places,Cohen Media Group,"$9,772",-15.5%,7,-6,"$1,396","$696,989",16
2018,3,58,-,Beuys,Kino Lorber,"$9,084",-,2,-,"$4,542","$11,613",1
2018,3,59,48,Wastelander,Indican Pictures,"$8,631",-58.4%,9,-13,$959,"$35,711",2
2018,3,60,-,Ridge Runners,Indican Pictures,"$8,015",-,7,-,"$1,145","$8,015",1
2018,3,61,57,My Friend Dahmer,FilmRise,"$7,311",-24.3%,2,-,"$3,655","$1,332,948",12
2018,3,62,-,Tall: The American Skyscraper and Louis Sullivan,The Cinema Guild,"$7,216",-,1,-,"$7,216","$7,216",1
2018,3,63,64,Wonder Wheel,Amazon Studios,"$6,380",+4.4%,6,-4,"$1,063","$1,392,830",8
2018,3,64,-,The Ciambra,IFC Films,"$6,330",-,1,-,"$6,330","$6,330",1
2018,3,65,69,Django,Under The Milky Way,"$6,005",+33.2%,7,+2,$857,"$29,294",3
2018,3,66,60,In Between,Film Movement,"$5,898",-16%,7,+3,$842,"$33,660",3
2018,3,67,54,"Roman J. Israel, Esq.",Sony Pictures Releasing,"$5,581",-56.3%,25,-17,$223,"$11,926,994",10
2018,3,68,47,Youth,China Lion Film Distribution,"$5,241",-74.8%,3,-4,"$1,747","$1,888,311",6
2018,3,69,62,Island of Lemurs: Madagascar,Warner Bros.,"$5,010",-25.3%,3,-1,"$1,670","$11,108,930",199
2018,3,70,68,Freak Show,IFC Films,"$4,927",+2.5%,7,+6,$703,"$12,489",2
2018,3,71,86,Under the Sea 3D,Warner Bros.,"$4,837",+499.4%,6,+2,$806,"$35,696,979",467
2018,3,72,78,1945,Menemsha Films,"$3,733",+104.9%,6,+2,$622,"$269,204",12
2018,3,73,61,Birdboy: The Forgotten Children,GKIDS,"$3,730",-46%,5,-4,$746,"$29,692",6
2018,3,74,79,Hubble 3D,Warner Bros.,"$3,595",+98.6%,4,+3,$898,"$51,996,447",410
2018,3,75,-,Mama Africa2018 Re-release,ArtMattan Productions,"$3,495",-,1,-,"$3,495","$3,495",1
2018,3,76,63,Big Sonia,Argot Pictures,"$3,330",-48.9%,2,-,"$1,665","$146,696",10
2018,3,77,67,My Art,Film Movement,"$3,131",-43.5%,2,+1,"$1,565","$11,126",2
2018,3,78,59,Memories of Underdevelopment2018 Re-release,Janus Films,"$2,916",-64.6%,1,-,"$2,916","$19,461",2
2018,3,79,73,Humor Me,Shout! Factory,"$2,851",-14.7%,2,+1,"$1,425","$7,984",2
2018,3,80,65,The Breadwinner,GKIDS,"$2,796",-51.7%,4,-2,$699,"$250,729",10
2018,3,81,70,The Sacrifice2017 Re-release,Kino Lorber,"$2,677",-27.8%,3,-1,$892,"$41,447",14
2018,3,82,81,Thelma,The Orchard,"$2,582",+56.3%,3,-1,$860,"$143,575",11
2018,3,83,72,Same Kind of Different as Me,Pure Flix Entertainment,"$2,492",-28.3%,9,-2,$276,"$6,421,634",14
2018,3,84,-,Kangaroo,Abramorama,"$2,282",-,2,-,"$1,141","$2,282",1
2018,3,85,95,Born to Be Wild,Warner Bros.,"$2,199","+3,041.4%",6,+3,$366,"$25,623,439",355
2018,3,86,-,In Search of Fellini,-,"$1,976",-,1,-,"$1,976","$12,772",19
2018,3,87,77,Just Getting Started,Broad Green Pictures,"$1,970",-1.2%,1,-,"$1,970","$6,067,735",7
2018,3,88,58,Tom of Finland,Kino Lorber,"$1,874",-79.1%,2,-2,$937,"$347,038",15
2018,3,89,66,The Man Who Invented Christmas,Bleecker Street Media,"$1,778",-68%,8,-13,$222,"$5,675,534",9
2018,3,90,76,The Lucky Man,Indican Pictures,"$1,722",-32.7%,2,-1,$861,"$18,892",5
2018,3,91,74,The Other Side of Hope,Janus Films,"$1,718",-48%,1,-1,"$1,718","$179,848",8
2018,3,92,85,Novitiate,Sony Pictures Classics,"$1,504",+43%,6,+2,$250,"$574,809",13
2018,3,93,82,Félicité,Strand Releasing,"$1,327",-14.9%,5,+1,$265,"$12,022",13
2018,3,94,-,The Paris Opera,Film Movement,"$1,312",-,1,-,"$1,312","$55,482",14
2018,3,95,-,The Divine Order,Zeitgeist Films,$908,-,2,-,$454,"$66,258",13
2018,3,96,75,The Crime of Monsieur Lange,Rialto Pictures,$877,-73.4%,1,-2,$877,"$33,542",10
2018,3,97,71,Vazante,Music Box Films,$784,-77.5%,1,-,$784,"$6,318",2
2018,3,98,83,Let There Be Light,Atlas Distribution Company,$541,-57.5%,1,-1,$541,"$7,214,987",13
2018,3,99,80,Porto,Kino Lorber,$278,-83.8%,2,+1,$139,"$13,784",10
2018,3,100,87,BPM (Beats Per Minute),The Orchard,$276,-56.3%,1,-2,$276,"$97,151",14
2018,3,101,84,God's Own Country,Orion Pictures,$155,-87.1%,1,-1,$155,"$324,569",13
2018,3,102,-,Shadowman,Film Movement,$73,-,1,-,$73,"$11,572",8
2018,3,103,89,On the Beach at Night Alone,The Cinema Guild,$59,-89.6%,1,-2,$59,"$32,799",10
2018,4,1,-,Maze Runner: The Death Cure,Fox,"$24,167,011",-,3787,-,"$6,381","$24,167,011",1
2018,4,2,1,Jumanji: Welcome to the Jungle,Sony Pictures Releasing,"$16,144,874",-17.2%,3553,-151,"$4,544","$337,802,077",6
2018,4,3,23,Hostiles,Entertainment Studios Motion Pictures,"$10,110,739","+1,642.4%",2816,"+2,697","$3,590","$11,958,534",6
2018,4,4,5,The Greatest Showman,Fox,"$9,550,367",-10.3%,2663,-160,"$3,586","$126,525,599",6
2018,4,5,4,The Post,Fox,"$9,107,141",-22.3%,2640,-211,"$3,449","$58,793,064",6
2018,4,6,2,12 Strong,Warner Bros.,"$8,686,066",-45.1%,3018,+16,"$2,878","$29,810,676",2
2018,4,7,3,Den of Thieves,STX Entertainment,"$8,632,808",-43.2%,2432,-,"$3,549","$28,775,253",2
2018,4,8,16,The Shape of Water,Fox Searchlight Pictures,"$5,922,553",+170.9%,1854,"+1,001","$3,194","$37,901,298",9
2018,4,9,6,Paddington 2,Warner Bros.,"$5,668,433",-29.2%,2792,-910,"$2,030","$32,118,849",3
2018,4,10,-,Padmaavat,-,"$4,493,384",-,326,-,"$13,783","$5,000,650",1
2018,4,11,8,Star Wars: Episode VIII - The Last Jedi,Walt Disney Studios Motion Pictures,"$4,254,001",-35.1%,1745,-711,"$2,437","$610,795,822",7
2018,4,12,17,"Three Billboards Outside Ebbing, Missouri",Fox Searchlight Pictures,"$3,840,684",+100.3%,1457,+503,"$2,636","$37,251,635",12
2018,4,13,10,Forever My Girl,Roadside Attractions,"$3,569,890",-15.9%,1424,+310,"$2,506","$9,129,049",2
2018,4,14,7,The Commuter,Lionsgate,"$3,412,694",-48.3%,1811,-1081,"$1,884","$31,389,883",3
2018,4,15,9,Insidious: The Last Key,Universal Pictures,"$3,189,055",-45.7%,1901,-645,"$1,677","$63,449,355",4
2018,4,16,14,"I, Tonya",Neon,"$3,028,658",+5.9%,960,+161,"$3,154","$18,904,773",8
2018,4,17,12,Phantom Thread,Focus Features,"$2,981,885",-8.2%,1021,+125,"$2,920","$10,713,694",5
2018,4,18,15,Darkest Hour,Focus Features,"$2,886,835",+5.8%,1333,-8,"$2,165","$45,199,242",10
2018,4,19,22,Lady Bird,A24,"$1,887,226",+58%,1172,+497,"$1,610","$41,610,318",13
2018,4,20,-,Puccini: Tosca,Fathom Events,"$1,498,309",-,691,-,"$2,168","$1,498,309",1
2018,4,21,18,Coco,Walt Disney Studios Motion Pictures,"$1,435,157",-24.9%,621,-257,"$2,311","$202,702,394",10
2018,4,22,13,Pitch Perfect 3,Universal Pictures,"$1,367,760",-54.7%,1039,-733,"$1,316","$102,718,890",6
2018,4,23,11,Proud Mary,Screen Gems,"$1,326,285",-62.8%,1003,-1122,"$1,322","$19,250,153",3
2018,4,24,21,Call Me by Your Name,Sony Pictures Classics,"$1,289,639",-10.3%,815,-,"$1,582","$11,300,179",10
2018,4,25,19,Ferdinand,Fox,"$1,020,203",-39.5%,675,-537,"$1,511","$80,551,057",7
2018,4,26,20,Molly's Game,STX Entertainment,"$900,977",-44.5%,556,-535,"$1,620","$25,902,410",5
2018,4,27,24,Wonder,Lionsgate,"$430,758",-19.8%,349,-147,"$1,234","$130,563,198",11
2018,4,28,32,Justice League,Warner Bros.,"$306,788",+143.3%,244,+93,"$1,257","$228,050,134",11
2018,4,29,25,All the Money in the World,Concorde Film,"$224,789",-40.5%,227,-147,$990,"$24,530,696",5
2018,4,30,28,Thor: Ragnarok,Walt Disney Studios Motion Pictures,"$181,829",-22.5%,150,-34,"$1,212","$313,694,838",13
2018,4,31,-,Get Out,Universal Pictures,"$165,675",-,468,-,$354,"$175,852,545",49
2018,4,32,29,Daddy's Home 2,Paramount Pictures,"$152,768",-27.5%,145,-38,"$1,053","$103,751,252",12
2018,4,33,26,Mary and the Witch's Flower,GKIDS,"$136,114",-60.9%,77,-84,"$1,767","$1,784,811",2
2018,4,34,30,Murder on the Orient Express,Fox,"$127,129",-29.8%,179,-23,$710,"$102,513,318",12
2018,4,35,31,The Disaster Artist,A24,"$99,095",-43.4%,84,-63,"$1,179","$20,910,950",9
2018,4,36,36,Downsizing,Paramount Pictures,"$71,321",+1.8%,113,-21,$631,"$24,418,729",6
2018,4,37,46,The Insult,Cohen Media Group,"$60,872",-,10,+7,-,"$143,712",3
2018,4,38,33,Along with the Gods: The Two Worlds,Well Go USA Entertainment,"$60,073",-42.1%,16,-8,"$3,754","$1,800,193",6
2018,4,39,40,The Florida Project,A24,"$58,071",+49.3%,33,-4,"$1,759","$5,659,113",17
2018,4,40,35,The Star,Sony Pictures Releasing,"$52,898",-28%,97,-35,$545,"$40,785,511",11
2018,4,41,37,The Final Year,Magnolia Pictures,"$37,694",-44.5%,33,-2,"$1,142","$141,550",2
2018,4,42,43,Film Stars Don't Die in Liverpool,Sony Pictures Classics,"$34,229",-2.9%,19,+3,"$1,801","$246,262",5
2018,4,43,49,In the Fade,Magnolia Pictures,"$30,833",+90%,22,+13,"$1,401","$142,269",5
2018,4,44,39,Blade Runner 2049,Warner Bros.,"$24,132",-50.9%,72,-52,$335,"$92,044,134",17
2018,4,45,45,Loving Vincent,Good Deed Entertainment,"$23,647",-19.5%,21,-14,"$1,126","$6,580,924",19
2018,4,46,52,The Square,Magnolia Pictures,"$23,449",+79.5%,19,+10,"$1,234","$1,384,256",14
2018,4,47,34,Condorito: The Movie,Lionsgate,"$23,312",-69.3%,36,-98,$647,"$442,934",3
2018,4,48,44,Happy End,Sony Pictures Classics,"$21,008",-30.9%,14,-4,"$1,500","$197,697",6
2018,4,49,47,A Beautiful Planet,IMAX,"$16,669",-8.7%,13,+1,"$1,282","$13,085,603",92
2018,4,50,53,Bombshell: The Hedy Lamarr Story,Zeitgeist Films,"$14,561",+17.9%,7,+1,"$2,080","$240,206",10
2018,4,51,57,Faces Places,Cohen Media Group,"$14,068",-,10,+3,-,"$722,829",17
2018,4,52,42,Father Figures,Warner Bros.,"$13,116",-65.8%,44,-52,$298,"$17,413,119",6
2018,4,53,79,Humor Me,Shout! Factory,"$11,538",+304.7%,5,+3,"$2,307","$21,007",3
2018,4,54,67,"Roman J. Israel, Esq.",Sony Pictures Releasing,"$11,421",+104.6%,31,+6,$368,"$11,942,780",11
2018,4,55,-,Desolation,Parade Deck Films,"$11,320",-,2,-,"$5,660","$11,320",1
2018,4,56,-,Have a Nice Day,Strand Releasing,"$10,463",-,1,-,"$10,463","$10,463",1
2018,4,57,54,Jane,Abramorama,"$10,201",-12%,9,-3,"$1,133","$1,642,109",15
2018,4,58,-,Keys to the Heart,CJ Entertainment,"$9,851",-,2,-,"$4,925","$9,851",1
2018,4,59,50,Only the Brave,Sony Pictures Releasing,"$9,437",-39.1%,26,-17,$362,"$18,340,051",15
2018,4,60,58,Beuys,Kino Lorber,"$7,684",-15.4%,2,-,"$3,842","$24,953",2
2018,4,61,41,The Ex-File 3: Return of the Exes,China Lion Film Distribution,"$7,648",-80.2%,3,-18,"$2,549","$831,466",5
2018,4,62,64,The Ciambra,IFC Films,"$7,559",+19.4%,2,+1,"$3,779","$17,433",2
2018,4,63,63,Wonder Wheel,Amazon Studios,"$6,517",+2.1%,5,-1,"$1,303","$1,403,237",9
2018,4,64,59,Wastelander,Indican Pictures,"$5,929",-31.3%,7,-2,$847,"$49,731",3
2018,4,65,60,Ridge Runners,Indican Pictures,"$5,802",-27.6%,6,-1,$967,"$19,256",2
2018,4,66,65,Django,Under The Milky Way,"$5,455",-9.2%,7,-,$779,"$40,728",4
2018,4,67,69,Island of Lemurs: Madagascar,Warner Bros.,"$5,373",+7.2%,5,+2,"$1,074","$11,117,279",200
2018,4,68,-,Like Me,Kino Lorber,"$5,064",-,3,-,"$1,688","$5,664",1
2018,4,69,76,Big Sonia,Argot Pictures,"$5,055",+51.8%,3,+1,"$1,685","$154,416",11
2018,4,70,56,Parchi,Atlas Distribution Company,"$4,595",-57.1%,1,-9,"$4,595","$67,123",3
2018,4,71,80,The Breadwinner,GKIDS,"$4,532",+62.1%,4,-,"$1,133","$256,205",11
2018,4,72,71,Under the Sea 3D,Warner Bros.,"$4,522",-6.5%,5,-1,$904,"$35,701,972",468
2018,4,73,-,Please Stand By,Magnolia Pictures,"$4,090",-,5,-,$818,"$4,090",1
2018,4,74,61,My Friend Dahmer,FilmRise,"$4,068",-44.4%,1,-1,"$4,068","$1,343,935",13
2018,4,75,48,The Road Movie,Oscilloscope,"$4,019",-76.6%,7,-12,$574,"$28,700",2
2018,4,76,51,Goldbuster,Well Go USA Entertainment,"$4,006",-70.9%,2,-4,"$2,003","$184,075",4
2018,4,77,97,Vazante,Music Box Films,"$3,991",+409.1%,4,+3,$997,"$10,902",3
2018,4,78,85,Born to Be Wild,Warner Bros.,"$3,730",+69.6%,7,+1,$532,"$25,628,328",356
2018,4,79,-,Kickboxer: Retaliation,Well Go USA Entertainment,"$3,061",-,10,-,$306,"$3,061",1
2018,4,80,66,In Between,Film Movement,"$2,803",-52.5%,5,-2,$560,"$39,708",4
2018,4,81,-,Chavela,Music Box Films,"$2,789",-,3,-,$929,"$148,666",17
2018,4,82,100,BPM (Beats Per Minute),The Orchard,"$2,579",+834.4%,4,+3,$644,"$99,972",15
2018,4,83,73,Birdboy: The Forgotten Children,GKIDS,"$2,393",-35.8%,3,-2,$797,"$33,860",7
2018,4,84,74,Hubble 3D,Warner Bros.,"$2,177",-39.4%,2,-2,"$1,088","$52,000,383",411
2018,4,85,101,God's Own Country,Orion Pictures,"$1,980","+1,177.4%",2,+1,$990,"$326,549",14
2018,4,86,75,Mama Africa2018 Re-release,ArtMattan Productions,"$1,689",-51.7%,1,-,"$1,689","$8,123",2
2018,4,87,70,Freak Show,IFC Films,"$1,641",-66.7%,8,+1,$205,"$16,136",3
2018,4,88,92,Novitiate,Sony Pictures Classics,"$1,427",-5.1%,4,-2,$356,"$577,501",14
2018,4,89,90,The Lucky Man,Indican Pictures,"$1,388",-19.4%,2,-,$694,"$20,736",6
2018,4,90,72,1945,Menemsha Films,"$1,334",-64.3%,2,-4,$667,"$272,771",13
2018,4,91,103,On the Beach at Night Alone,The Cinema Guild,"$1,054","+1,686.4%",3,+2,$351,"$33,869",11
2018,4,92,-,West of the Jordan River,Kino Lorber,"$1,047",-,1,-,"$1,047","$1,047",1
2018,4,93,95,The Divine Order,Zeitgeist Films,"$1,046",+15.2%,3,+1,$348,"$68,046",14
2018,4,94,78,Memories of Underdevelopment2018 Re-release,Janus Films,"$1,003",-65.6%,1,-,"$1,003","$22,792",3
2018,4,95,-,The Ghosts of Johnson Woods,Driving With Our Eyes Shut,$810,-,1,-,$810,"$3,145",61
2018,4,96,102,Shadowman,Film Movement,$808,"+1,006.8%",3,+2,$269,"$12,380",9
2018,4,97,91,The Other Side of Hope,Janus Films,$716,-58.3%,1,-,$716,"$181,322",9
2018,4,98,-,Space Station 3D,IMAX,$612,-,2,-,$306,"$93,315,534",824
2018,4,99,-,Aida's Secrets,Music Box Films,$559,-,2,-,$279,"$98,468",15
2018,4,100,81,The Sacrifice2017 Re-release,Kino Lorber,$453,-83.1%,1,-2,$453,"$43,989",15
2018,4,101,83,Same Kind of Different as Me,Pure Flix Entertainment,$420,-83.1%,3,-6,$140,"$6,423,312",15
2018,4,102,-,30 Years of Garbage: The Garbage Pail Kids Story,Indican Pictures,$350,-,1,-,$350,"$27,643",25
2018,4,103,68,Youth,China Lion Film Distribution,$238,-95.5%,1,-2,$238,"$1,891,956",7
2018,4,104,88,Tom of Finland,Kino Lorber,$76,-95.9%,2,-,$38,"$348,362",16
2018,5,1,2,Jumanji: Welcome to the Jungle,Sony Pictures Releasing,"$10,930,222",-32.3%,3352,-201,"$3,260","$352,572,974",7
2018,5,2,1,Maze Runner: The Death Cure,Fox,"$10,474,895",-56.7%,3793,+6,"$2,761","$40,035,094",2
2018,5,3,-,Winchester,Lionsgate,"$9,307,626",-,2480,-,"$3,753","$9,307,626",1
2018,5,4,4,The Greatest Showman,Fox,"$7,695,644",-19.4%,2588,-75,"$2,973","$137,370,816",7
2018,5,5,5,The Post,Fox,"$5,218,122",-42.7%,2462,-178,"$2,119","$67,202,632",7
2018,5,6,3,Hostiles,Entertainment Studios Motion Pictures,"$5,108,228",-49.5%,2934,+118,"$1,741","$20,822,641",7
2018,5,7,6,12 Strong,Warner Bros.,"$4,706,481",-45.8%,2918,-100,"$1,612","$37,300,034",3
2018,5,8,7,Den of Thieves,STX Entertainment,"$4,551,163",-47.3%,2112,-320,"$2,154","$36,152,095",3
2018,5,9,8,The Shape of Water,Fox Searchlight Pictures,"$4,448,520",-24.9%,2341,+487,"$1,900","$44,728,570",10
2018,5,10,9,Paddington 2,Warner Bros.,"$3,277,453",-42.2%,2388,-404,"$1,372","$36,481,132",4
2018,5,11,12,"Three Billboards Outside Ebbing, Missouri",Fox Searchlight Pictures,"$3,013,022",-21.5%,1726,+269,"$1,745","$41,777,073",13
2018,5,12,16,"I, Tonya",Neon,"$2,469,724",-18.5%,1450,+490,"$1,703","$22,553,609",9
2018,5,13,10,Padmaavat,-,"$2,438,930",-45.7%,354,+28,"$6,889","$8,900,499",2
2018,5,14,18,Darkest Hour,Focus Features,"$2,362,975",-18.1%,1486,+153,"$1,590","$48,786,132",11
2018,5,15,11,Star Wars: Episode VIII - The Last Jedi,Walt Disney Studios Motion Pictures,"$2,338,242",-45%,1467,-278,"$1,593","$614,455,022",8
2018,5,16,13,Forever My Girl,Roadside Attractions,"$2,290,241",-35.8%,1427,+3,"$1,604","$12,551,895",3
2018,5,17,17,Phantom Thread,Focus Features,"$2,129,155",-28.6%,1186,+165,"$1,795","$14,163,264",6
2018,5,18,21,Coco,Walt Disney Studios Motion Pictures,"$1,729,708",+20.5%,1636,"+1,015","$1,057","$204,789,437",11
2018,5,19,14,The Commuter,Lionsgate,"$1,666,757",-51.2%,1494,-317,"$1,115","$34,266,504",4
2018,5,20,15,Insidious: The Last Key,Universal Pictures,"$1,462,810",-54.1%,1253,-648,"$1,167","$65,753,770",5
2018,5,21,19,Lady Bird,A24,"$1,315,538",-30.3%,1109,-63,"$1,186","$43,688,875",14
2018,5,22,24,Call Me by Your Name,Sony Pictures Classics,"$885,090",-31.4%,581,-234,"$1,523","$12,825,208",11
2018,5,23,22,Pitch Perfect 3,Universal Pictures,"$792,105",-42.1%,951,-88,$832,"$103,882,990",7
2018,5,24,26,Molly's Game,STX Entertainment,"$789,247",-12.4%,843,+287,$936,"$27,055,182",6
2018,5,25,25,Ferdinand,Fox,"$676,990",-33.6%,575,-100,"$1,177","$81,441,623",8
2018,5,26,23,Proud Mary,Screen Gems,"$548,420",-58.6%,513,-490,"$1,069","$20,194,353",4
2018,5,27,-,Bilal: A New Breed of Hero2018 Re-release,Vertical Entertainment,"$309,951",-,300,-,"$1,033","$309,951",1
2018,5,28,30,Thor: Ragnarok,Walt Disney Studios Motion Pictures,"$244,950",+34.7%,204,+54,"$1,200","$313,996,223",14
2018,5,29,27,Wonder,Lionsgate,"$234,945",-45.5%,256,-93,$917,"$130,954,460",12
2018,5,30,28,Justice League,Warner Bros.,"$194,326",-36.7%,202,-42,$962,"$228,330,112",12
2018,5,31,-,The Bolshoi Ballet: Live From Moscow - The Lady of the Camellias,Fathom Events,"$167,991",-,358,-,$469,"$167,991",1
2018,5,32,29,All the Money in the World,Concorde Film,"$126,890",-43.6%,154,-73,$823,"$24,757,345",6
2018,5,33,-,The Insult,Cohen Media Group,"$110,583",-,37,+27,"$2,988","$278,978",4
2018,5,34,32,Daddy's Home 2,Paramount Pictures,"$96,821",-36.6%,125,-20,$774,"$103,883,617",13
2018,5,35,34,Murder on the Orient Express,Fox,"$72,197",-43.2%,134,-45,$538,"$102,641,814",13
2018,5,36,-,A Fantastic Woman,Sony Pictures Classics,"$64,241",-,5,-,"$12,848","$82,472",1
2018,5,37,-,Till the End of the World,China Lion Film Distribution,"$57,713",-,27,-,"$2,137","$57,713",1
2018,5,38,42,Film Stars Don't Die in Liverpool,Sony Pictures Classics,"$51,614",+50.8%,34,+15,"$1,518","$311,842",6
2018,5,39,33,Mary and the Witch's Flower,GKIDS,"$51,307",-62.3%,30,-47,"$1,710","$1,890,268",3
2018,5,40,35,The Disaster Artist,A24,"$50,923",-48.6%,65,-19,$783,"$21,000,317",10
2018,5,41,39,The Florida Project,A24,"$47,521",-18.2%,38,+5,"$1,250","$5,734,639",18
2018,5,42,31,Get Out,Universal Pictures,"$46,500",-71.9%,134,-334,$347,"$175,987,350",50
2018,5,43,43,In the Fade,Magnolia Pictures,"$41,483",+34.5%,33,+11,"$1,257","$200,840",6
2018,5,44,38,Along with the Gods: The Two Worlds,Well Go USA Entertainment,"$33,769",-43.8%,11,-5,"$3,069","$1,862,665",7
2018,5,45,52,Father Figures,Warner Bros.,"$33,212",+153.2%,90,+46,$369,"$17,450,205",7
2018,5,46,-,Faces Places,Cohen Media Group,"$31,173",-,21,+11,"$1,484","$769,693",18
2018,5,47,40,The Star,Sony Pictures Releasing,"$28,814",-45.5%,72,-25,$400,"$40,826,384",12
2018,5,48,49,A Beautiful Planet,IMAX,"$22,501",+35%,14,+1,"$1,607","$13,123,506",93
2018,5,49,45,Loving Vincent,Good Deed Entertainment,"$20,125",-14.9%,24,+3,$838,"$6,612,298",20
2018,5,50,46,The Square,Magnolia Pictures,"$19,423",-17.2%,19,-,"$1,022","$1,419,695",15
2018,5,51,41,The Final Year,Magnolia Pictures,"$17,313",-54.1%,20,-13,$865,"$173,930",3
2018,5,52,55,Desolation,Parade Deck Films,"$16,500",+45.8%,2,-,"$8,250","$16,500",2
2018,5,53,48,Happy End,Sony Pictures Classics,"$13,709",-34.7%,15,+1,$913,"$221,665",7
2018,5,54,57,Jane,Abramorama,"$13,444",+31.8%,10,+1,"$1,344","$1,670,106",16
2018,5,55,71,The Breadwinner,GKIDS,"$12,061",+166.1%,10,+6,"$1,206","$272,021",12
2018,5,56,56,Have a Nice Day,Strand Releasing,"$11,151",+6.6%,4,+3,"$2,787","$29,609",2
2018,5,57,-,Before We Vanish,-,"$8,370",-,2,-,"$4,185","$8,370",1
2018,5,58,-,24 Frames,Janus Films,"$8,101",-,1,-,"$8,101","$8,101",1
2018,5,59,104,Tom of Finland,Kino Lorber,"$6,391","+8,309.2%",2,-,"$3,195","$354,788",17
2018,5,60,60,Beuys,Kino Lorber,"$5,990",-22%,4,+2,"$1,497","$38,869",3
2018,5,61,-,No Intenso Agora,Icarus Films,"$5,565",-,1,-,"$5,565","$8,142",1
2018,5,62,80,In Between,Film Movement,"$5,247",+87.2%,5,-,"$1,049","$48,300",5
2018,5,63,82,BPM (Beats Per Minute),The Orchard,"$4,982",+93.2%,5,+1,$996,"$107,656",16
2018,5,64,50,Bombshell: The Hedy Lamarr Story,Zeitgeist Films,"$4,907",-66.3%,6,-1,$817,"$251,715",11
2018,5,65,-,Deep Sea,Warner Bros.,"$4,905",-,1,-,"$4,905","$46,271,520",623
2018,5,66,62,The Ciambra,IFC Films,"$4,618",-38.9%,5,+3,$923,"$24,853",3
2018,5,67,54,"Roman J. Israel, Esq.",Sony Pictures Releasing,"$4,390",-61.6%,10,-21,$439,"$11,955,144",12
2018,5,68,84,Hubble 3D,Warner Bros.,"$4,283",+96.7%,3,+1,"$1,427","$52,013,679",412
2018,5,69,53,Humor Me,Shout! Factory,"$4,111",-64.4%,3,-2,"$1,370","$31,275",4
2018,5,70,66,Django,Under The Milky Way,"$4,047",-25.8%,5,-2,$809,"$47,147",5
2018,5,71,74,My Friend Dahmer,FilmRise,"$3,012",-26%,2,+1,"$1,506","$1,349,212",14
2018,5,72,72,Under the Sea 3D,Warner Bros.,"$2,890",-36.1%,5,-,$578,"$35,706,553",469
2018,5,73,69,Big Sonia,Argot Pictures,"$2,858",-43.5%,1,-2,"$2,858","$160,869",12
2018,5,74,-,Spettacolo,Grasshopper Film,"$2,732",-,3,-,$910,"$31,746",22
2018,5,75,64,Wastelander,Indican Pictures,"$2,706",-54.4%,3,-4,$902,"$54,264",4
2018,5,76,61,The Ex-File 3: Return of the Exes,China Lion Film Distribution,"$2,581",-66.3%,2,-1,"$1,290","$837,791",6
2018,5,77,75,The Road Movie,Oscilloscope,"$2,134",-46.9%,6,-1,$355,"$33,001",3
2018,5,78,65,Ridge Runners,Indican Pictures,"$2,106",-63.7%,3,-3,$702,"$22,574",3
2018,5,79,68,Like Me,Kino Lorber,"$2,042",-59.7%,4,+1,$510,"$11,204",2
2018,5,80,77,Vazante,Music Box Films,"$1,874",-53%,5,+1,$374,"$15,745",4
2018,5,81,90,1945,Menemsha Films,"$1,472",+10.3%,1,-1,"$1,472","$278,842",14
2018,5,82,-,Last Men in Aleppo,Grasshopper Film,"$1,424",-,2,-,$712,"$14,120",40
2018,5,83,-,The Cage Fighter,IFC Films,"$1,204",-,2,-,$602,"$1,204",1
2018,5,84,73,Please Stand By,Magnolia Pictures,$990,-75.8%,2,-3,$495,"$7,724",2
2018,5,85,88,Novitiate,Sony Pictures Classics,$980,-31.3%,2,-2,$490,"$579,106",15
2018,5,86,94,Memories of Underdevelopment2018 Re-release,Janus Films,$942,-6.1%,1,-,$942,"$25,275",4
2018,5,87,78,Born to Be Wild,Warner Bros.,$909,-75.6%,8,+1,$113,"$25,632,908",357
2018,5,88,85,God's Own Country,Orion Pictures,$881,-55.5%,1,-1,$881,"$331,205",15
2018,5,89,70,Parchi,Atlas Distribution Company,$860,-81.3%,1,-,$860,"$68,878",4
2018,5,90,89,The Lucky Man,Indican Pictures,$847,-39%,1,-1,$847,"$21,912",7
2018,5,91,-,Nocturama,Grasshopper Film,$815,-,1,-,$815,"$30,157",26
2018,5,92,-,Thelma,The Orchard,$725,-,1,-,$725,"$146,127",13
2018,5,93,-,Let There Be Light,Atlas Distribution Company,$652,-,1,-,$652,"$7,216,464",15
2018,5,94,97,The Other Side of Hope,Janus Films,$637,-11%,1,-,$637,"$182,175",10
2018,5,95,-,To the Arctic 3D,Warner Bros.,$616,-,3,-,$205,"$14,520,665",303
2018,5,96,93,The Divine Order,Zeitgeist Films,$602,-42.4%,2,-1,$301,"$71,135",15
2018,5,97,83,Birdboy: The Forgotten Children,GKIDS,$575,-76%,1,-2,$575,"$36,279",8
2018,5,98,87,Freak Show,IFC Films,$528,-67.8%,4,-4,$132,"$17,874",4
2018,5,99,86,Mama Africa2018 Re-release,ArtMattan Productions,$481,-71.5%,1,-,$481,"$9,808",3
2018,5,100,-,The Crime of Monsieur Lange,Rialto Pictures,$318,-,1,-,$318,"$33,860",12
2018,5,101,-,Ichi the Killer2017 Re-release,Well Go USA Entertainment,$300,-,1,-,$300,"$8,903",13
2018,5,102,-,Porto,Kino Lorber,$171,-,1,-,$171,"$13,955",12
2018,6,1,-,Fifty Shades Freed,Universal Pictures,"$38,560,195",-,3768,-,"$10,233","$38,560,195",1
2018,6,2,-,Peter Rabbit,Sony Pictures Releasing,"$25,010,928",-,3725,-,"$6,714","$25,010,928",1
2018,6,3,-,The 15:17 to Paris,Warner Bros.,"$12,554,286",-,3042,-,"$4,126","$12,554,286",1
2018,6,4,1,Jumanji: Welcome to the Jungle,Sony Pictures Releasing,"$10,023,344",-8.3%,3136,-216,"$3,196","$365,855,215",8
2018,6,5,4,The Greatest Showman,Fox,"$6,443,343",-16.3%,2373,-215,"$2,715","$146,579,213",8
2018,6,6,2,Maze Runner: The Death Cure,Fox,"$6,222,303",-40.6%,2923,-870,"$2,128","$49,240,432",3
2018,6,7,3,Winchester,Lionsgate,"$5,211,217",-44%,2480,-,"$2,101","$17,338,575",2
2018,6,8,5,The Post,Fox,"$3,631,998",-30.4%,1865,-597,"$1,947","$72,968,518",8
2018,6,9,9,The Shape of Water,Fox Searchlight Pictures,"$3,177,255",-28.6%,1780,-561,"$1,784","$49,942,946",11
2018,6,10,8,Den of Thieves,STX Entertainment,"$2,999,379",-34.1%,1468,-644,"$2,043","$41,070,702",4
2018,6,11,6,Hostiles,Entertainment Studios Motion Pictures,"$2,824,754",-44.7%,2214,-720,"$1,275","$26,022,222",8
2018,6,12,7,12 Strong,Warner Bros.,"$2,743,248",-41.7%,1901,-1017,"$1,443","$42,013,427",4
2018,6,13,11,"Three Billboards Outside Ebbing, Missouri",Fox Searchlight Pictures,"$2,302,015",-23.6%,1273,-453,"$1,808","$45,446,821",14
2018,6,14,12,"I, Tonya",Neon,"$1,671,331",-32.3%,1088,-362,"$1,536","$25,348,356",10
2018,6,15,14,Darkest Hour,Focus Features,"$1,604,995",-32.1%,1045,-441,"$1,535","$51,485,087",12
2018,6,16,15,Star Wars: Episode VIII - The Last Jedi,Walt Disney Studios Motion Pictures,"$1,397,413",-40.2%,830,-637,"$1,683","$616,833,692",9
2018,6,17,10,Paddington 2,Warner Bros.,"$1,301,101",-60.3%,1429,-959,$910,"$38,533,465",5
2018,6,18,16,Forever My Girl,Roadside Attractions,"$1,239,673",-45.9%,1088,-339,"$1,139","$14,578,992",4
2018,6,19,17,Phantom Thread,Focus Features,"$1,205,825",-43.4%,558,-628,"$2,160","$16,403,919",7
2018,6,20,-,La Boda de Valentina,-,"$1,147,073",-,331,-,"$3,465","$1,147,073",1
2018,6,21,13,Padmaavat,-,"$1,039,904",-57.4%,282,-72,"$3,687","$10,638,033",3
2018,6,22,21,Lady Bird,A24,"$902,741",-31.4%,651,-458,"$1,386","$45,205,597",15
2018,6,23,18,Coco,Walt Disney Studios Motion Pictures,"$886,289",-48.8%,833,-803,"$1,063","$206,172,630",12
2018,6,24,-,Donizetti: L'Elisir d'Amore,Fathom Events,"$837,262",-,687,-,"$1,218","$837,262",1
2018,6,25,-,Padman,Sony Pictures Releasing,"$740,313",-,152,-,"$4,870","$740,313",1
2018,6,26,-,The Oscar Nominated Short Films 2018: Live Action,Shorts International,"$695,044",-,198,-,"$3,510","$695,044",1
2018,6,27,22,Call Me by Your Name,Sony Pictures Classics,"$675,269",-23.7%,475,-106,"$1,421","$13,937,405",12
2018,6,28,20,Insidious: The Last Key,Universal Pictures,"$596,055",-59.3%,545,-708,"$1,093","$66,768,075",6
2018,6,29,19,The Commuter,Lionsgate,"$575,770",-65.5%,590,-904,$975,"$35,541,634",5
2018,6,30,24,Molly's Game,STX Entertainment,"$453,901",-42.5%,537,-306,$845,"$27,906,604",7
2018,6,31,25,Ferdinand,Fox,"$383,861",-43.3%,387,-188,$991,"$81,981,414",9
2018,6,32,29,Wonder,Lionsgate,"$279,886",+19.1%,261,+5,"$1,072","$131,328,236",13
2018,6,33,23,Pitch Perfect 3,Universal Pictures,"$257,980",-67.4%,317,-634,$813,"$104,388,015",8
2018,6,34,26,Proud Mary,Screen Gems,"$226,265",-58.7%,211,-302,"$1,072","$20,604,576",5
2018,6,35,28,Thor: Ragnarok,Walt Disney Studios Motion Pictures,"$225,071",-8.1%,173,-31,"$1,300","$314,316,296",15
2018,6,36,30,Justice League,Warner Bros.,"$170,569",-12.2%,188,-14,$907,"$228,561,662",13
2018,6,37,-,Mazinger Z: Infinity,Fathom Events,"$137,451",-,482,-,$285,"$137,451",1
2018,6,38,33,The Insult,Cohen Media Group,"$110,122",-0.4%,50,+13,"$2,202","$455,609",5
2018,6,39,36,A Fantastic Woman,Sony Pictures Classics,"$109,481",+70.4%,20,+15,"$5,474","$220,820",2
2018,6,40,-,But Deliver Us from Evil,Indican Pictures,"$99,541",-,247,-,$403,"$99,541",1
2018,6,41,34,Daddy's Home 2,Paramount Pictures,"$84,973",-12.2%,112,-13,$758,"$103,996,842",14
2018,6,42,27,Bilal: A New Breed of Hero2018 Re-release,Vertical Entertainment,"$73,595",-76.3%,90,-210,$817,"$458,829",2
2018,6,43,32,All the Money in the World,Concorde Film,"$58,775",-53.7%,63,-91,$932,"$24,885,219",7
2018,6,44,38,Film Stars Don't Die in Liverpool,Sony Pictures Classics,"$56,956",+10.3%,39,+5,"$1,460","$392,690",7
2018,6,45,35,Murder on the Orient Express,Fox,"$49,652",-31.2%,94,-40,$528,"$102,726,660",14
2018,6,46,-,Bomb City,Gravitas Ventures,"$31,005",-,17,-,"$1,823","$31,005",1
2018,6,47,41,The Florida Project,A24,"$30,674",-35.5%,32,-6,$958,"$5,791,262",19
2018,6,48,40,The Disaster Artist,A24,"$28,774",-43.5%,31,-34,$928,"$21,064,081",11
2018,6,49,48,A Beautiful Planet,IMAX,"$25,508",+13.4%,13,-1,"$1,962","$13,192,326",94
2018,6,50,49,Loving Vincent,Good Deed Entertainment,"$23,226",+15.4%,26,+2,$893,"$6,647,957",21
2018,6,51,43,In the Fade,Magnolia Pictures,"$22,992",-44.6%,26,-7,$884,"$246,429",7
2018,6,52,45,Father Figures,Warner Bros.,"$22,147",-33.3%,62,-28,$357,"$17,490,008",8
2018,6,53,46,Faces Places,Cohen Media Group,"$21,479",-31.1%,14,-7,"$1,534","$812,275",19
2018,6,54,39,Mary and the Witch's Flower,GKIDS,"$21,331",-58.4%,15,-15,"$1,422","$1,933,016",4
2018,6,55,37,Till the End of the World,China Lion Film Distribution,"$18,528",-67.9%,12,-15,"$1,544","$102,888",2
2018,6,56,44,Along with the Gods: The Two Worlds,Well Go USA Entertainment,"$16,694",-50.6%,3,-8,"$5,564","$1,894,785",8
2018,6,57,-,First We Take Brooklyn,-,"$15,845",-,5,-,"$3,169","$15,845",1
2018,6,58,42,Get Out,Universal Pictures,"$15,530",-66.6%,52,-82,$298,"$176,026,220",51
2018,6,59,53,Happy End,Sony Pictures Classics,"$15,406",+12.4%,20,+5,$770,"$245,037",8
2018,6,60,47,The Star,Sony Pictures Releasing,"$14,726",-48.9%,50,-22,$294,"$40,847,995",13
2018,6,61,-,Golden Exits,Vertical Entertainment,"$11,719",-,1,-,"$11,719","$11,719",1
2018,6,62,50,The Square,Magnolia Pictures,"$11,570",-40.4%,11,-8,"$1,051","$1,445,674",16
2018,6,63,57,Before We Vanish,-,"$9,799",+17.1%,5,+3,"$1,959","$26,699",2
2018,6,64,73,Big Sonia,Argot Pictures,"$8,250",+188.7%,1,-,"$8,250","$170,785",13
2018,6,65,55,The Breadwinner,GKIDS,"$8,068",-33.1%,10,-,$806,"$287,774",13
2018,6,66,93,Let There Be Light,Atlas Distribution Company,"$7,590","+1,064.1%",15,+14,$506,"$7,224,786",16
2018,6,67,-,The Female Brain,IFC Films,"$6,886",-,2,-,"$3,443","$6,886",1
2018,6,68,65,Deep Sea,Warner Bros.,"$6,125",+24.9%,3,+2,"$2,041","$46,280,365",624
2018,6,69,56,Have a Nice Day,Strand Releasing,"$5,876",-47.3%,4,-,"$1,469","$41,760",3
2018,6,70,64,Bombshell: The Hedy Lamarr Story,Zeitgeist Films,"$5,513",+12.3%,4,-2,"$1,378","$264,821",12
2018,6,71,-,Island of Lemurs: Madagascar,Warner Bros.,"$5,370",-,5,+2,"$1,074","$11,130,186",202
2018,6,72,-,The Peacemaker,-,"$4,400",-,1,-,-,"$4,400",1
2018,6,73,58,24 Frames,Janus Films,"$4,199",-48.2%,2,+1,"$2,099","$18,304",2
2018,6,74,68,Hubble 3D,Warner Bros.,"$4,022",-6.1%,4,+1,"$1,005","$52,019,098",413
2018,6,75,61,No Intenso Agora,Icarus Films,"$3,222",-42.1%,1,-,"$3,222","$13,772",2
2018,6,76,72,Under the Sea 3D,Warner Bros.,"$2,971",+2.8%,7,+2,$424,"$35,710,286",470
2018,6,77,66,The Ciambra,IFC Films,"$2,318",-49.8%,5,-,$463,"$29,812",4
2018,6,78,67,"Roman J. Israel, Esq.",Sony Pictures Releasing,"$2,176",-50.4%,6,-4,$362,"$11,961,105",13
2018,6,79,54,Jane,Abramorama,"$2,165",-83.9%,3,-7,$721,"$1,681,209",17
2018,6,80,62,In Between,Film Movement,"$2,142",-59.2%,3,-2,$714,"$52,763",6
2018,6,81,60,Beuys,Kino Lorber,"$2,025",-66.2%,1,-3,"$2,025","$43,052",4
2018,6,82,51,The Final Year,Magnolia Pictures,"$1,858",-89.3%,3,-17,$619,"$182,217",4
2018,6,83,59,Tom of Finland,Kino Lorber,"$1,758",-72.5%,2,-,$879,"$359,603",18
2018,6,84,87,Born to Be Wild,Warner Bros.,"$1,536",+69%,6,-2,$256,"$25,635,084",358
2018,6,85,-,Signature Move,Newcity,"$1,291",-,1,-,"$1,291","$30,900",20
2018,6,86,70,Django,Under The Milky Way,"$1,165",-71.2%,2,-3,$582,"$52,692",6
2018,6,87,71,My Friend Dahmer,FilmRise,"$1,138",-62.2%,1,-1,"$1,138","$1,353,774",15
2018,6,88,86,Memories of Underdevelopment2018 Re-release,Janus Films,"$1,089",+15.6%,1,-,"$1,089","$29,245",5
2018,6,89,75,Wastelander,Indican Pictures,"$1,002",-63%,2,-1,$501,"$56,481",5
2018,6,90,85,Novitiate,Sony Pictures Classics,$900,-8.2%,3,+1,$300,"$580,346",16
2018,6,91,78,Ridge Runners,Indican Pictures,$730,-65.3%,2,-1,$365,"$24,309",4
2018,6,92,94,The Other Side of Hope,Janus Films,$730,+14.6%,1,-,$730,"$183,853",11
2018,6,93,90,The Lucky Man,Indican Pictures,$728,-14%,1,-,$728,"$23,063",8
2018,6,94,102,Porto,Kino Lorber,$648,+278.9%,1,-,$648,"$14,995",13
2018,6,95,88,God's Own Country,Orion Pictures,$621,-29.5%,1,-,$621,"$332,220",16
2018,6,96,-,Monster Family,-,$576,-,10,-,$57,$576,1
2018,6,97,-,The Sacrifice2017 Re-release,Kino Lorber,$544,-,1,-,$544,"$50,968",17
2018,6,98,63,BPM (Beats Per Minute),The Orchard,$542,-89.1%,2,-3,$271,"$111,377",17
2018,6,99,-,On the Beach at Night Alone,The Cinema Guild,$511,-,2,-,$255,"$34,666",13
2018,6,100,81,1945,Menemsha Films,$460,-68.8%,1,-,$460,"$279,432",15
2018,6,101,84,Please Stand By,Magnolia Pictures,$410,-58.6%,1,-1,$410,"$8,134",3
2018,6,102,79,Like Me,Kino Lorber,$280,-86.3%,1,-3,$280,"$12,965",3
2018,6,103,80,Vazante,Music Box Films,$200,-89.3%,2,-3,$100,"$17,774",5
2018,6,104,-,Bob le Flambeur,Rialto Pictures,$185,-,1,-,$185,"$9,407",6
2018,6,105,-,Legend of the Mountain,Kino Lorber,$58,-,1,-,$58,"$3,333",2
2018,7,1,-,Black Panther,Walt Disney Studios Motion Pictures,"$202,003,951",-,4020,-,"$50,249","$202,003,951",1
2018,7,2,2,Peter Rabbit,Sony Pictures Releasing,"$17,506,207",-30%,3725,-,"$4,699","$48,478,749",2
2018,7,3,1,Fifty Shades Freed,Universal Pictures,"$17,307,545",-55.1%,3768,-,"$4,593","$76,499,000",2
2018,7,4,4,Jumanji: Welcome to the Jungle,Sony Pictures Releasing,"$7,937,970",-20.8%,2800,-336,"$2,834","$377,616,535",9
2018,7,5,3,The 15:17 to Paris,Warner Bros.,"$7,586,015",-39.6%,3042,-,"$2,493","$25,333,732",2
2018,7,6,5,The Greatest Showman,Fox,"$5,033,518",-21.9%,1936,-437,"$2,599","$154,411,874",9
2018,7,7,-,Early Man,Lionsgate,"$3,190,525",-,2494,-,"$1,279","$3,190,525",1
2018,7,8,6,Maze Runner: The Death Cure,Fox,"$2,600,395",-58.2%,1892,-1031,"$1,374","$54,080,521",4
2018,7,9,7,Winchester,Lionsgate,"$2,205,695",-57.7%,1479,-1001,"$1,491","$21,835,874",3
2018,7,10,8,The Post,Fox,"$1,988,634",-45.2%,1050,-815,"$1,893","$76,598,006",9
2018,7,11,-,Samson,Pure Flix Entertainment,"$1,942,569",-,1249,-,"$1,555","$1,942,569",1
2018,7,12,9,The Shape of Water,Fox Searchlight Pictures,"$1,660,921",-47.7%,957,-823,"$1,735","$53,239,635",12
2018,7,13,13,"Three Billboards Outside Ebbing, Missouri",Fox Searchlight Pictures,"$1,514,240",-34.2%,780,-493,"$1,941","$47,983,746",15
2018,7,14,12,12 Strong,Warner Bros.,"$938,276",-65.8%,815,-1086,"$1,151","$44,086,482",5
2018,7,15,10,Den of Thieves,STX Entertainment,"$933,933",-68.9%,730,-738,"$1,279","$43,435,863",5
2018,7,16,15,Darkest Hour,Focus Features,"$927,190",-42.2%,602,-443,"$1,540","$53,168,882",13
2018,7,17,14,"I, Tonya",Neon,"$907,443",-45.7%,502,-586,"$1,807","$27,011,562",11
2018,7,18,11,Hostiles,Entertainment Studios Motion Pictures,"$837,565",-70.3%,767,-1447,"$1,092","$28,314,390",9
2018,7,19,19,Phantom Thread,Focus Features,"$718,235",-40.4%,355,-203,"$2,023","$17,714,859",8
2018,7,20,-,Detective Chinatown 2,Warner Bros.,"$704,047",-,115,-,"$6,122","$704,047",1
2018,7,21,23,Coco,Walt Disney Studios Motion Pictures,"$689,687",-22.2%,385,-448,"$1,791","$207,170,354",13
2018,7,22,26,The Oscar Nominated Short Films 2018: Live Action,Shorts International,"$680,411",-2.1%,272,+74,"$2,501","$1,747,243",2
2018,7,23,22,Lady Bird,A24,"$623,391",-30.9%,407,-244,"$1,531","$46,269,557",16
2018,7,24,16,Star Wars: Episode VIII - The Last Jedi,Walt Disney Studios Motion Pictures,"$617,698",-55.8%,351,-479,"$1,759","$618,040,475",10
2018,7,25,20,La Boda de Valentina,-,"$532,308",-53.6%,331,-,"$1,608","$2,073,402",2
2018,7,26,27,Call Me by Your Name,Sony Pictures Classics,"$507,912",-24.8%,332,-143,"$1,529","$14,877,572",13
2018,7,27,21,Padmaavat,-,"$475,980",-54.2%,140,-142,"$3,399","$11,436,332",4
2018,7,28,18,Forever My Girl,Roadside Attractions,"$422,932",-65.9%,401,-687,"$1,054","$15,679,599",5
2018,7,29,17,Paddington 2,Warner Bros.,"$401,294",-69.2%,393,-1036,"$1,021","$39,276,352",6
2018,7,30,25,Padman,Sony Pictures Releasing,"$348,897",-52.9%,152,-,"$2,295","$1,344,707",2
2018,7,31,-,Monster Hunt 2,Lionsgate,"$341,834",-,69,-,"$4,954","$341,834",1
2018,7,32,31,Ferdinand,Fox,"$294,904",-23.2%,251,-136,"$1,174","$82,381,301",10
2018,7,33,-,The Philadelphia Story2018 Re-release,Fathom Events,"$258,994",-,630,-,$411,"$258,994",1
2018,7,34,30,Molly's Game,STX Entertainment,"$201,913",-55.5%,170,-367,"$1,187","$28,356,065",8
2018,7,35,32,Wonder,Lionsgate,"$200,428",-28.4%,193,-68,"$1,038","$131,662,322",14
2018,7,36,35,Thor: Ragnarok,Walt Disney Studios Motion Pictures,"$195,697",-13.1%,149,-24,"$1,313","$314,593,821",16
2018,7,37,28,Insidious: The Last Key,Universal Pictures,"$149,630",-74.9%,169,-376,$885,"$67,197,105",7
2018,7,38,33,Pitch Perfect 3,Universal Pictures,"$139,435",-46%,157,-160,$888,"$104,630,980",9
2018,7,39,36,Justice League,Warner Bros.,"$132,292",-22.4%,144,-44,$918,"$228,748,764",14
2018,7,40,44,Film Stars Don't Die in Liverpool,Sony Pictures Classics,"$115,823",+103.4%,107,+68,"$1,082","$539,277",8
2018,7,41,29,The Commuter,Lionsgate,"$114,800",-80.1%,148,-442,$775,"$35,941,298",6
2018,7,42,-,The Monkey King 3,Well Go USA Entertainment,"$95,577",-,34,-,"$2,811","$95,577",1
2018,7,43,39,A Fantastic Woman,Sony Pictures Classics,"$94,282",-13.9%,29,+9,"$3,251","$368,483",3
2018,7,44,38,The Insult,Cohen Media Group,"$84,337",-23.4%,43,-7,"$1,961","$623,467",6
2018,7,45,-,Double Lover,Cohen Media Group,"$62,995",-,50,-,"$1,259","$82,035",1
2018,7,46,34,Proud Mary,Screen Gems,"$40,738",-82%,62,-149,$657,"$20,769,998",6
2018,7,47,49,A Beautiful Planet,IMAX,"$38,434",+50.7%,16,+3,"$2,402","$13,263,517",95
2018,7,48,43,All the Money in the World,Concorde Film,"$37,739",-35.8%,37,-26,"$1,019","$24,956,313",8
2018,7,49,-,The Party,Roadside Attractions,"$37,396",-,3,-,"$12,465","$37,396",1
2018,7,50,100,1945,Menemsha Films,"$32,556","+6,977.4%",7,+6,"$4,650","$312,108",16
2018,7,51,-,Detective K: Secret of the Living Dead,Well Go USA Entertainment,"$30,288",-,9,-,"$3,365","$30,288",1
2018,7,52,-,Loveless,Sony Pictures Classics,"$30,222",-,3,-,"$10,074","$47,263",1
2018,7,53,45,Murder on the Orient Express,Fox,"$27,412",-44.8%,51,-43,$537,"$102,783,519",15
2018,7,54,40,But Deliver Us from Evil,Indican Pictures,"$23,296",-76.6%,112,-135,$208,"$161,369",2
2018,7,55,47,The Florida Project,A24,"$19,567",-36.2%,23,-9,$850,"$5,828,123",20
2018,7,56,-,Nostalgia,Bleecker Street Media,"$15,955",-,3,-,"$5,318","$15,955",1
2018,7,57,57,First We Take Brooklyn,-,"$15,090",-4.8%,4,-1,"$3,772","$35,517",2
2018,7,58,48,The Disaster Artist,A24,"$14,358",-50.1%,23,-8,$624,"$21,094,964",12
2018,7,59,59,Happy End,Sony Pictures Classics,"$10,078",-34.6%,16,-4,$629,"$262,932",9
2018,7,60,51,In the Fade,Magnolia Pictures,"$9,195",-60%,20,-6,$459,"$269,055",8
2018,7,61,62,The Square,Magnolia Pictures,"$8,442",-27%,9,-2,$938,"$1,459,975",17
2018,7,62,61,Golden Exits,Vertical Entertainment,"$8,416",-28.2%,11,+10,$765,"$25,695",2
2018,7,63,42,Bilal: A New Breed of Hero2018 Re-release,Vertical Entertainment,"$8,202",-88.9%,16,-74,$512,"$484,851",3
2018,7,64,71,Island of Lemurs: Madagascar,Warner Bros.,"$7,584",+41.2%,5,-,"$1,516","$11,139,990",203
2018,7,65,76,Under the Sea 3D,Warner Bros.,"$7,461",+151.1%,6,-1,"$1,243","$35,718,738",471
2018,7,66,67,The Female Brain,IFC Films,"$6,858",-0.4%,26,+24,$263,"$16,273",2
2018,7,67,-,Western,The Cinema Guild,"$6,688",-,1,-,"$6,688","$6,688",1
2018,7,68,46,Bomb City,Gravitas Ventures,"$6,672",-78.5%,3,-14,"$2,224","$47,850",2
2018,7,69,68,Deep Sea,Warner Bros.,"$6,515",+6.4%,3,-,"$2,171","$46,293,049",625
2018,7,70,69,Have a Nice Day,Strand Releasing,"$6,228",+6%,8,+4,$778,"$51,335",4
2018,7,71,-,The Boy Downstairs,FilmRise,"$5,995",-,1,-,"$5,995","$5,995",1
2018,7,72,54,Mary and the Witch's Flower,GKIDS,"$5,620",-73.7%,3,-12,"$1,873","$1,951,060",5
2018,7,73,-,Mind Game,GKIDS,"$5,609",-,7,-,$801,"$5,609",1
2018,7,74,-,Tehran Taboo,Kino Lorber,"$4,962",-,1,-,"$4,962","$16,006",1
2018,7,75,-,The Wedding Party 2: Destination Dubai,-,"$4,905",-,2,-,"$2,452","$7,445",1
2018,7,76,53,Faces Places,Cohen Media Group,"$4,024",-81.3%,13,-1,$309,"$830,522",20
2018,7,77,74,Hubble 3D,Warner Bros.,"$3,940",-2%,4,-,$985,"$52,026,437",414
2018,7,78,65,The Breadwinner,GKIDS,"$3,758",-53.4%,16,+6,$234,"$297,693",14
2018,7,79,56,Along with the Gods: The Two Worlds,Well Go USA Entertainment,"$3,288",-80.3%,3,-,"$1,096","$1,904,548",9
2018,7,80,79,Jane,Abramorama,"$3,178",+46.8%,3,-,"$1,059","$1,694,407",18
2018,7,81,80,In Between,Film Movement,"$3,023",+41.1%,4,+1,$755,"$58,258",7
2018,7,82,82,The Final Year,Magnolia Pictures,"$2,558",+37.7%,8,+5,$319,"$186,389",5
2018,7,83,64,Big Sonia,Argot Pictures,"$2,381",-71.1%,1,-,"$2,381","$177,308",14
2018,7,84,84,Born to Be Wild,Warner Bros.,"$1,971",+28.3%,6,-,$328,"$25,640,359",359
2018,7,85,-,Birdboy: The Forgotten Children,GKIDS,"$1,971",-,2,-,$985,"$38,338",10
2018,7,86,66,Let There Be Light,Atlas Distribution Company,"$1,575",-79.2%,15,-,$105,"$7,233,471",17
2018,7,87,81,Beuys,Kino Lorber,"$1,546",-23.7%,2,+1,$773,"$47,623",5
2018,7,88,63,Before We Vanish,-,"$1,232",-87.4%,3,-2,$410,"$31,905",3
2018,7,89,55,Till the End of the World,China Lion Film Distribution,$835,-95.5%,1,-11,$835,"$118,215",3
2018,7,90,83,Tom of Finland,Kino Lorber,$675,-61.6%,1,-1,$675,"$361,507",19
2018,7,91,101,Please Stand By,Magnolia Pictures,$670,+63.4%,1,-,$670,"$9,269",4
2018,7,92,89,Wastelander,Indican Pictures,$608,-39.3%,1,-1,$608,"$57,425",6
2018,7,93,93,The Lucky Man,Indican Pictures,$604,-17%,1,-,$604,"$23,989",9
2018,7,94,91,Ridge Runners,Indican Pictures,$578,-20.8%,1,-1,$578,"$25,129",5
2018,7,95,103,Vazante,Music Box Films,$569,+184.5%,2,-,$284,"$18,465",6
2018,7,96,78,"Roman J. Israel, Esq.",Sony Pictures Releasing,$545,-75%,3,-3,$181,"$11,962,424",14
2018,7,97,-,To the Arctic 3D,Warner Bros.,$396,-,1,-,$396,"$14,521,061",305
2018,7,98,97,The Sacrifice2017 Re-release,Kino Lorber,$380,-30.1%,1,-,$380,"$52,742",18
2018,7,99,95,God's Own Country,Orion Pictures,$315,-49.3%,1,-,$315,"$332,719",17
2018,7,100,98,BPM (Beats Per Minute),The Orchard,$243,-55.2%,2,-,$121,"$111,713",18
2018,7,101,-,Ichi the Killer2017 Re-release,Well Go USA Entertainment,$73,-,1,-,$73,"$12,009",15
2018,7,102,-,Thelma,The Orchard,$61,-,1,-,$61,"$146,188",15
2018,8,1,1,Black Panther,Walt Disney Studios Motion Pictures,"$111,658,835",-44.7%,4020,-,"$27,775","$403,613,257",2
2018,8,2,-,Game Night,Warner Bros.,"$17,005,332",-,3488,-,"$4,875","$17,005,332",1
2018,8,3,2,Peter Rabbit,Sony Pictures Releasing,"$12,760,382",-27.1%,3707,-18,"$3,442","$71,506,084",3
2018,8,4,-,Annihilation,Paramount Pictures,"$11,071,584",-,2012,-,"$5,502","$11,071,584",1
2018,8,5,3,Fifty Shades Freed,Universal Pictures,"$7,147,285",-58.7%,3265,-503,"$2,189","$89,793,065",3
2018,8,6,4,Jumanji: Welcome to the Jungle,Sony Pictures Releasing,"$5,650,497",-28.8%,2519,-281,"$2,243","$387,284,712",10
2018,8,7,5,The 15:17 to Paris,Warner Bros.,"$3,573,259",-52.9%,2752,-290,"$1,298","$32,231,011",3
2018,8,8,6,The Greatest Showman,Fox,"$3,411,649",-32.2%,1601,-335,"$2,130","$160,778,519",10
2018,8,9,-,Every Day,Orion Pictures,"$3,016,149",-,1667,-,"$1,809","$3,016,149",1
2018,8,10,7,Early Man,Lionsgate,"$1,773,963",-44.4%,2494,-,$711,"$6,853,385",2
2018,8,11,13,"Three Billboards Outside Ebbing, Missouri",Fox Searchlight Pictures,"$1,370,863",-9.5%,691,-89,"$1,983","$50,275,442",16
2018,8,12,-,Puccini: La Bohème,Fathom Events,"$1,326,339",-,687,-,"$1,930","$1,326,339",1
2018,8,13,12,The Shape of Water,Fox Searchlight Pictures,"$1,311,276",-21.1%,721,-236,"$1,818","$55,497,120",13
2018,8,14,10,The Post,Fox,"$1,242,239",-37.5%,795,-255,"$1,562","$78,890,240",10
2018,8,15,19,Phantom Thread,Focus Features,"$993,205",+38.3%,651,+296,"$1,525","$19,145,299",9
2018,8,16,11,Samson,Pure Flix Entertainment,"$970,708",-50%,1140,-109,$851,"$3,743,204",2
2018,8,17,8,Maze Runner: The Death Cure,Fox,"$962,619",-63%,952,-940,"$1,011","$56,329,223",5
2018,8,18,9,Winchester,Lionsgate,"$929,450",-57.9%,852,-627,"$1,090","$23,735,224",4
2018,8,19,16,Darkest Hour,Focus Features,"$745,625",-19.6%,795,+193,$937,"$54,465,467",14
2018,8,20,23,Lady Bird,A24,"$669,640",+7.4%,601,+194,"$1,114","$47,459,099",17
2018,8,21,17,"I, Tonya",Neon,"$582,853",-35.8%,423,-79,"$1,377","$28,096,626",12
2018,8,22,-,The Dark Crystal2018 Re-release,Fathom Events,"$548,354",-,609,-,$900,"$548,354",1
2018,8,23,26,Call Me by Your Name,Sony Pictures Classics,"$523,206",+3%,675,+343,$775,"$15,764,116",14
2018,8,24,22,The Oscar Nominated Short Films 2018: Live Action,Shorts International,"$488,311",-28.2%,232,-40,"$2,104","$2,634,591",3
2018,8,25,21,Coco,Walt Disney Studios Motion Pictures,"$469,403",-31.9%,266,-119,"$1,764","$208,032,413",14
2018,8,26,-,Operation Red Sea,Well Go USA Entertainment,"$436,059",-,45,-,"$9,690","$436,059",1
2018,8,27,15,Den of Thieves,STX Entertainment,"$395,974",-57.6%,357,-373,"$1,109","$44,306,529",6
2018,8,28,14,12 Strong,Warner Bros.,"$385,032",-59%,448,-367,$859,"$44,893,967",6
2018,8,29,20,Detective Chinatown 2,Warner Bros.,"$381,886",-45.8%,111,-4,"$3,440","$1,537,464",2
2018,8,30,24,Star Wars: Episode VIII - The Last Jedi,Walt Disney Studios Motion Pictures,"$352,838",-42.9%,292,-59,"$1,208","$618,728,556",11
2018,8,31,18,Hostiles,Entertainment Studios Motion Pictures,"$350,326",-58.2%,416,-351,$842,"$29,133,147",10
2018,8,32,32,Ferdinand,Fox,"$240,571",-18.4%,214,-37,"$1,124","$82,809,980",11
2018,8,33,25,La Boda de Valentina,-,"$228,501",-57.1%,141,-190,"$1,620","$2,508,135",3
2018,8,34,29,Paddington 2,Warner Bros.,"$213,231",-46.9%,281,-112,$758,"$39,802,641",7
2018,8,35,72,Mary and the Witch's Flower,GKIDS,"$203,439","+3,519.9%",3,-,"$67,813","$2,160,432",6
2018,8,36,27,Padmaavat,-,"$187,949",-60.5%,91,-49,"$2,065","$11,846,060",5
2018,8,37,35,Wonder,Lionsgate,"$168,350",-16%,158,-35,"$1,065","$131,947,082",15
2018,8,38,28,Forever My Girl,Roadside Attractions,"$162,660",-61.5%,218,-183,$746,"$16,024,892",6
2018,8,39,43,A Fantastic Woman,Sony Pictures Classics,"$158,254",+67.9%,78,+49,"$2,028","$585,333",4
2018,8,40,36,Thor: Ragnarok,Walt Disney Studios Motion Pictures,"$137,366",-29.8%,131,-18,"$1,048","$314,812,368",17
2018,8,41,34,Molly's Game,STX Entertainment,"$125,445",-37.9%,104,-66,"$1,206","$28,595,534",9
2018,8,42,41,The Commuter,Lionsgate,"$113,208",-1.4%,138,-10,$820,"$36,114,858",7
2018,8,43,30,Padman,Sony Pictures Releasing,"$103,019",-70.5%,95,-57,"$1,084","$1,602,164",3
2018,8,44,49,The Party,Roadside Attractions,"$100,474",+168.7%,30,+27,"$3,349","$151,976",2
2018,8,45,31,Monster Hunt 2,Lionsgate,"$99,768",-70.8%,55,-14,"$1,813","$611,267",2
2018,8,46,38,Pitch Perfect 3,Universal Pictures,"$90,250",-35.3%,135,-22,$668,"$104,782,735",10
2018,8,47,39,Justice League,Warner Bros.,"$85,256",-35.6%,137,-7,$622,"$228,890,349",15
2018,8,48,44,The Insult,Cohen Media Group,"$76,270",-9.6%,51,+8,"$1,495","$762,171",7
2018,8,49,40,Film Stars Don't Die in Liverpool,Sony Pictures Classics,"$74,979",-35.3%,102,-5,$735,"$700,851",9
2018,8,50,37,Insidious: The Last Key,Universal Pictures,"$74,065",-50.5%,110,-59,$673,"$67,325,620",8
2018,8,51,-,Agent Mr Chan,China Lion Film Distribution,"$62,234",-,10,-,"$6,223","$62,234",1
2018,8,52,52,Loveless,Sony Pictures Classics,"$60,256",+99.4%,12,+9,"$5,021","$126,768",2
2018,8,53,46,Proud Mary,Screen Gems,"$40,206",-1.3%,74,+12,$543,"$20,828,945",7
2018,8,54,47,A Beautiful Planet,IMAX,"$30,734",-20%,13,-3,"$2,364","$13,342,222",96
2018,8,55,-,The Young Karl Marx,The Orchard,"$26,097",-,3,-,"$8,699","$26,097",1
2018,8,56,48,All the Money in the World,Concorde Film,"$25,737",-31.8%,30,-7,$857,"$25,004,002",9
2018,8,57,50,1945,Menemsha Films,"$23,709",-27.2%,8,+1,"$2,963","$356,884",17
2018,8,58,45,Double Lover,Cohen Media Group,"$21,350",-66.1%,22,-28,$970,"$139,850",2
2018,8,59,42,The Monkey King 3,Well Go USA Entertainment,"$20,476",-78.6%,14,-20,"$1,462","$167,335",2
2018,8,60,51,Detective K: Secret of the Living Dead,Well Go USA Entertainment,"$17,655",-41.7%,8,-1,"$2,206","$74,251",2
2018,8,61,56,Nostalgia,Bleecker Street Media,"$16,701",+4.7%,16,+13,"$1,043","$36,442",2
2018,8,62,53,Murder on the Orient Express,Fox,"$16,498",-39.8%,37,-14,$445,"$102,816,689",16
2018,8,63,76,Faces Places,Cohen Media Group,"$15,238",+278.7%,16,+3,$952,"$863,281",21
2018,8,64,55,The Florida Project,A24,"$12,953",-33.8%,21,-2,$616,"$5,854,557",21
2018,8,65,-,Bombshell: The Hedy Lamarr Story,Zeitgeist Films,"$10,513",-,8,-,"$1,314","$300,781",14
2018,8,66,54,But Deliver Us from Evil,Indican Pictures,"$10,131",-56.5%,33,-79,$307,"$197,260",3
2018,8,67,-,Survivors Guide to Prison,Gravitas Ventures,"$8,982",-,4,-,"$2,245","$8,982",1
2018,8,68,61,The Square,Magnolia Pictures,"$7,920",-6.2%,12,+3,$660,"$1,473,966",18
2018,8,69,70,Have a Nice Day,Strand Releasing,"$7,242",+16.3%,15,+7,$482,"$63,234",5
2018,8,70,59,Happy End,Sony Pictures Classics,"$6,976",-30.8%,18,+2,$387,"$277,964",10
2018,8,71,81,In Between,Film Movement,"$6,779",+124.2%,8,+4,$847,"$68,225",8
2018,8,72,58,The Disaster Artist,A24,"$6,495",-54.8%,12,-11,$541,"$21,108,219",13
2018,8,73,74,Tehran Taboo,Kino Lorber,"$6,012",+21.2%,3,+2,"$2,004","$25,651",2
2018,8,74,64,Island of Lemurs: Madagascar,Warner Bros.,"$5,774",-23.9%,5,-,"$1,154","$11,152,769",204
2018,8,75,69,Deep Sea,Warner Bros.,"$5,594",-14.1%,3,-,"$1,864","$46,302,583",626
2018,8,76,-,The Lodgers,-,"$5,053",-,17,-,$297,"$5,053",1
2018,8,77,-,The Cured,IFC Films,"$4,875",-,3,-,"$1,625","$4,875",1
2018,8,78,67,Western,The Cinema Guild,"$4,836",-27.7%,1,-,"$4,836","$16,998",2
2018,8,79,90,Tom of Finland,Kino Lorber,"$4,541",+572.7%,2,+1,"$2,270","$366,784",20
2018,8,80,77,Hubble 3D,Warner Bros.,"$4,465",+13.3%,3,-1,"$1,488","$52,036,703",415
2018,8,81,62,Golden Exits,Vertical Entertainment,"$4,413",-47.6%,3,-8,"$1,471","$37,801",3
2018,8,82,65,Under the Sea 3D,Warner Bros.,"$4,042",-45.8%,6,-,$673,"$35,727,987",472
2018,8,83,80,Jane,Abramorama,"$3,986",+25.4%,3,-,"$1,328","$1,705,262",19
2018,8,84,-,Are We Not Cats,-,"$3,983",-,2,-,"$1,991","$3,983",1
2018,8,85,60,In the Fade,Magnolia Pictures,"$3,849",-58.1%,11,-9,$349,"$279,516",9
2018,8,86,57,First We Take Brooklyn,-,"$3,444",-77.2%,2,-2,"$1,722","$42,812",3
2018,8,87,-,King of Hearts,Cohen Media Group,"$3,443",-,1,-,"$3,443","$3,443",1
2018,8,88,78,The Breadwinner,GKIDS,"$3,389",-9.8%,16,-,$211,"$305,002",15
2018,8,89,-,El mar la mar,The Cinema Guild,"$3,375",-,1,-,"$3,375","$3,375",1
2018,8,90,-,November,Oscilloscope,"$3,354",-,1,-,"$3,354","$3,354",1
2018,8,91,71,The Boy Downstairs,FilmRise,"$2,829",-52.8%,1,-,"$2,829","$12,257",2
2018,8,92,83,Big Sonia,Argot Pictures,"$2,805",+17.8%,2,+1,"$1,402","$181,702",15
2018,8,93,-,Suicide the Ripple Effect,GathrFilms,"$2,600",-,1,-,"$2,600","$2,600",1
2018,8,94,84,Born to Be Wild,Warner Bros.,"$2,528",+28.3%,9,+3,$280,"$25,643,876",360
2018,8,95,79,Along with the Gods: The Two Worlds,Well Go USA Entertainment,"$2,059",-37.4%,2,-1,"$1,029","$1,908,378",10
2018,8,96,63,Bilal: A New Breed of Hero2018 Re-release,Vertical Entertainment,"$1,979",-75.9%,6,-10,$329,"$490,515",4
2018,8,97,-,Bob le Flambeur,Rialto Pictures,"$1,827",-,2,-,$913,"$11,234",8
2018,8,98,100,BPM (Beats Per Minute),The Orchard,"$1,660",+583.1%,3,+1,$553,"$113,373",19
2018,8,99,-,24 Frames,Janus Films,"$1,498",-,1,-,"$1,498","$26,311",4
2018,8,100,73,Mind Game,GKIDS,"$1,213",-78.4%,2,-5,$606,"$6,822",2
2018,8,101,-,Tom of Finland2018 Re-release,GathrFilms,"$1,006",-,1,-,"$1,006","$1,006",1
2018,8,102,82,The Final Year,Magnolia Pictures,$940,-63.3%,3,-5,$313,"$189,886",6
2018,8,103,-,On the Beach at Night Alone,The Cinema Guild,$739,-,1,-,$739,"$35,405",15
2018,8,104,75,The Wedding Party 2: Destination Dubai,-,$690,-85.9%,2,-,$345,"$11,140",2
2018,8,105,-,The Crime of Monsieur Lange,Rialto Pictures,$493,-,1,-,$493,"$35,330",15
2018,8,106,-,My Friend Dahmer,FilmRise,$473,-,1,-,$473,"$1,355,664",17
2018,8,107,93,The Lucky Man,Indican Pictures,$456,-24.5%,1,-,$456,"$24,813",10
2018,8,108,94,Ridge Runners,Indican Pictures,$397,-31.3%,1,-,$397,"$25,762",6
2018,8,109,87,Beuys,Kino Lorber,$202,-86.9%,1,-1,$202,"$50,462",6
2018,8,110,-,The Divine Order,Zeitgeist Films,$99,-,1,-,$99,"$71,921",18
2018,9,1,1,Black Panther,Walt Disney Studios Motion Pictures,"$66,306,935",-40.6%,4084,+64,"$16,235","$501,706,972",3
2018,9,2,-,Red Sparrow,Fox,"$16,853,422",-,3056,-,"$5,514","$16,853,422",1
2018,9,3,-,Death Wish,Metro-Goldwyn-Mayer (MGM),"$13,010,267",-,2847,-,"$4,569","$13,010,267",1
2018,9,4,2,Game Night,Warner Bros.,"$10,412,496",-38.8%,3502,+14,"$2,973","$33,240,262",2
2018,9,5,3,Peter Rabbit,Sony Pictures Releasing,"$10,005,177",-21.6%,3607,-100,"$2,773","$84,065,553",4
2018,9,6,4,Annihilation,Paramount Pictures,"$5,607,902",-49.3%,2112,+100,"$2,655","$20,594,644",2
2018,9,7,6,Jumanji: Welcome to the Jungle,Sony Pictures Releasing,"$4,438,090",-21.5%,2313,-206,"$1,918","$393,139,443",11
2018,9,8,5,Fifty Shades Freed,Universal Pictures,"$3,400,505",-52.4%,2614,-651,"$1,300","$95,689,965",4
2018,9,9,8,The Greatest Showman,Fox,"$2,703,357",-20.8%,1407,-194,"$1,921","$164,644,800",11
2018,9,10,9,Every Day,Orion Pictures,"$1,542,354",-48.9%,1669,+2,$924,"$5,243,158",2
2018,9,11,13,The Shape of Water,Fox Searchlight Pictures,"$1,479,352",+12.8%,832,+111,"$1,778","$57,609,421",14
2018,9,12,7,The 15:17 to Paris,Warner Bros.,"$1,413,755",-60.4%,1803,-949,$784,"$34,961,971",4
2018,9,13,11,"Three Billboards Outside Ebbing, Missouri",Fox Searchlight Pictures,"$1,292,173",-5.7%,770,+79,"$1,678","$52,180,601",17
2018,9,14,14,The Post,Fox,"$1,069,501",-13.9%,671,-124,"$1,593","$80,527,737",11
2018,9,15,23,Call Me by Your Name,Sony Pictures Classics,"$783,227",+49.7%,914,+239,$856,"$16,909,289",15
2018,9,16,15,Phantom Thread,Focus Features,"$752,545",-24.2%,715,+64,"$1,052","$20,286,709",10
2018,9,17,19,Darkest Hour,Focus Features,"$696,160",-6.6%,913,+118,$762,"$55,550,377",15
2018,9,18,20,Lady Bird,A24,"$568,742",-15.1%,710,+109,$801,"$48,321,868",18
2018,9,19,21,"I, Tonya",Neon,"$552,389",-5.2%,511,+88,"$1,080","$28,941,481",13
2018,9,20,18,Winchester,Lionsgate,"$516,392",-44.4%,576,-276,$896,"$24,545,230",5
2018,9,21,10,Early Man,Lionsgate,"$486,262",-72.6%,897,-1597,$542,"$7,738,711",3
2018,9,22,17,Maze Runner: The Death Cure,Fox,"$470,922",-51.1%,543,-409,$867,"$57,095,133",6
2018,9,23,24,The Oscar Nominated Short Films 2018: Live Action,Shorts International,"$422,990",-13.4%,271,+39,"$1,560","$3,309,589",4
2018,9,24,26,Operation Red Sea,Well Go USA Entertainment,"$333,408",-23.5%,55,+10,"$6,061","$977,616",2
2018,9,25,25,Coco,Walt Disney Studios Motion Pictures,"$321,188",-31.6%,235,-31,"$1,366","$208,473,907",15
2018,9,26,16,Samson,Pure Flix Entertainment,"$308,487",-68.2%,434,-706,$710,"$4,440,576",3
2018,9,27,30,Star Wars: Episode VIII - The Last Jedi,Walt Disney Studios Motion Pictures,"$252,689",-28.4%,221,-71,"$1,143","$619,116,325",12
2018,9,28,27,Den of Thieves,STX Entertainment,"$223,863",-43.5%,269,-88,$832,"$44,694,190",7
2018,9,29,34,Paddington 2,Warner Bros.,"$212,361",-0.4%,293,+12,$724,"$40,058,423",8
2018,9,30,32,Ferdinand,Fox,"$211,603",-12%,204,-10,"$1,037","$83,075,940",12
2018,9,31,-,The Bolshoi Ballet: Live From Moscow - The Flames of Paris,Fathom Events,"$175,922",-,360,-,$488,"$175,922",1
2018,9,32,28,12 Strong,Warner Bros.,"$163,030",-57.7%,257,-191,$634,"$45,183,792",7
2018,9,33,31,Hostiles,Entertainment Studios Motion Pictures,"$159,044",-54.6%,251,-165,$633,"$29,465,383",11
2018,9,34,22,The Dark Crystal2018 Re-release,Fathom Events,"$147,616",-73.1%,552,-57,$267,"$908,069",2
2018,9,35,29,Detective Chinatown 2,Warner Bros.,"$146,069",-61.8%,65,-46,"$2,247","$1,803,125",3
2018,9,36,44,The Party,Roadside Attractions,"$127,464",+26.9%,92,+62,"$1,385","$317,028",3
2018,9,37,39,A Fantastic Woman,Sony Pictures Classics,"$125,005",-21%,89,+11,"$1,404","$781,558",5
2018,9,38,40,Thor: Ragnarok,Walt Disney Studios Motion Pictures,"$118,574",-13.7%,110,-21,"$1,077","$314,965,819",18
2018,9,39,33,La Boda de Valentina,-,"$102,890",-55%,95,-46,"$1,083","$2,683,498",4
2018,9,40,37,Wonder,Lionsgate,"$92,987",-44.8%,150,-8,$619,"$132,093,157",16
2018,9,41,38,Forever My Girl,Roadside Attractions,"$92,406",-43.2%,145,-73,$637,"$16,176,303",7
2018,9,42,42,The Commuter,Lionsgate,"$75,715",-33.1%,112,-26,$676,"$36,242,015",8
2018,9,43,-,Monster Family,-,"$75,602",-,15,-,"$5,040","$76,269",4
2018,9,44,41,Molly's Game,STX Entertainment,"$75,449",-39.9%,91,-13,$829,"$28,740,252",10
2018,9,45,46,Pitch Perfect 3,Universal Pictures,"$68,100",-24.5%,113,-22,$602,"$104,878,410",11
2018,9,46,52,Loveless,Sony Pictures Classics,"$61,460",+2%,25,+13,"$2,458","$221,568",3
2018,9,47,48,The Insult,Cohen Media Group,"$52,674",-30.9%,51,-,"$1,032","$856,382",8
2018,9,48,47,Justice League,Warner Bros.,"$51,159",-40%,101,-36,$506,"$228,962,883",16
2018,9,49,61,Nostalgia,Bleecker Street Media,"$42,063",+151.9%,140,+124,$300,"$86,301",3
2018,9,50,45,Monster Hunt 2,Lionsgate,"$39,939",-60%,20,-35,"$1,996","$689,087",3
2018,9,51,51,Agent Mr Chan,China Lion Film Distribution,"$39,464",-36.6%,9,-1,"$4,384","$138,031",2
2018,9,52,65,Bombshell: The Hedy Lamarr Story,Zeitgeist Films,"$34,231",+225.6%,19,+11,"$1,801","$341,008",15
2018,9,53,-,Foxtrot,Sony Pictures Classics,"$31,629",-,4,-,"$7,907","$69,883",1
2018,9,54,49,Film Stars Don't Die in Liverpool,Sony Pictures Classics,"$29,946",-60.1%,53,-49,$565,"$772,478",10
2018,9,55,43,Padman,Sony Pictures Releasing,"$27,525",-73.3%,27,-68,"$1,019","$1,662,927",4
2018,9,56,53,Proud Mary,Screen Gems,"$24,678",-38.6%,47,-27,$525,"$20,868,638",8
2018,9,57,63,Faces Places,Cohen Media Group,"$19,718",+29.4%,23,+7,$857,"$899,508",22
2018,9,58,54,A Beautiful Planet,IMAX,"$17,755",-42.2%,13,-,"$1,365","$13,382,824",97
2018,9,59,57,1945,Menemsha Films,"$17,155",-27.6%,8,-,"$2,144","$387,941",18
2018,9,60,-,Golden Slumber,CJ Entertainment,"$15,961",-,9,-,"$1,773","$84,556",3
2018,9,61,55,The Young Karl Marx,The Orchard,"$15,935",-38.9%,12,+9,"$1,327","$56,679",2
2018,9,62,-,Oh Lucy!,Film Movement,"$14,569",-,3,-,"$4,856","$14,569",1
2018,9,63,56,All the Money in the World,Concorde Film,"$14,467",-43.8%,18,-12,$803,"$25,037,552",10
2018,9,64,35,Mary and the Witch's Flower,GKIDS,"$14,032",-93.1%,11,+8,"$1,275","$2,355,979",7
2018,9,65,60,Detective K: Secret of the Living Dead,Well Go USA Entertainment,"$11,026",-37.5%,6,-2,"$1,837","$97,468",3
2018,9,66,64,The Florida Project,A24,"$10,230",-21%,10,-11,"$1,023","$5,873,664",22
2018,9,67,-,Death House,Hannover House,"$10,140",-,1,-,"$10,140","$10,140",1
2018,9,68,-,Let Yourself Go,Menemsha Films,"$8,128",-,8,-,"$1,016","$8,128",1
2018,9,69,85,In the Fade,Magnolia Pictures,"$7,697",+100%,14,+3,$549,"$288,485",10
2018,9,70,100,Mind Game,GKIDS,"$7,225",+495.6%,3,+1,"$2,408","$14,811",3
2018,9,71,68,The Square,Magnolia Pictures,"$7,107",-10.3%,10,-2,$710,"$1,487,823",19
2018,9,72,66,But Deliver Us from Evil,Indican Pictures,"$6,360",-37.2%,8,-25,$795,"$209,857",4
2018,9,73,-,Did You Wonder Who Fired the Gun?,Grasshopper Film,"$5,725",-,3,-,"$1,908","$5,725",1
2018,9,74,59,The Monkey King 3,Well Go USA Entertainment,"$5,616",-72.6%,3,-11,"$1,872","$184,419",3
2018,9,75,71,In Between,Film Movement,"$5,029",-25.8%,7,-1,$718,"$78,725",9
2018,9,76,-,The Sacrifice2017 Re-release,Kino Lorber,"$5,007",-,1,-,"$5,007","$58,248",20
2018,9,77,82,Under the Sea 3D,Warner Bros.,"$4,926",+21.9%,7,+1,$703,"$35,737,272",473
2018,9,78,72,The Disaster Artist,A24,"$4,342",-33.1%,8,-4,$542,"$21,117,606",14
2018,9,79,-,Ichi the Killer2017 Re-release,Well Go USA Entertainment,"$4,096",-,3,-,"$1,365","$16,189",17
2018,9,80,-,Apocalypsis,Indican Pictures,"$3,945",-,1,-,"$3,945","$3,945",1
2018,9,81,75,Deep Sea,Warner Bros.,"$3,625",-35.2%,3,-,"$1,208","$46,309,642",627
2018,9,82,58,Double Lover,Cohen Media Group,"$3,548",-83.4%,3,-19,"$1,182","$155,046",3
2018,9,83,83,Jane,Abramorama,"$3,523",-11.6%,3,-,"$1,174","$1,713,514",20
2018,9,84,-,The Chronicle of Anna Magdalena Bach,Grasshopper Film,"$3,453",-,2,-,"$1,726","$3,453",1
2018,9,85,74,Island of Lemurs: Madagascar,Warner Bros.,"$3,131",-45.8%,5,-,$626,"$11,158,668",205
2018,9,86,-,American Socialist: The Life and Times of Eugene Victor Debs,First Run,"$2,823",-,1,-,"$2,823","$2,823",1
2018,9,87,70,Happy End,Sony Pictures Classics,"$2,776",-60.2%,13,-5,$213,"$285,532",11
2018,9,88,69,Have a Nice Day,Strand Releasing,"$2,470",-65.9%,7,-8,$352,"$70,956",6
2018,9,89,78,Western,The Cinema Guild,"$2,303",-52.4%,3,+2,$767,"$23,025",3
2018,9,90,-,Souvenir,Strand Releasing,"$2,267",-,1,-,"$2,267","$2,267",1
2018,9,91,-,Humor Me,Shout! Factory,"$2,204",-,4,-,$551,"$38,419",8
2018,9,92,81,Golden Exits,Vertical Entertainment,"$2,200",-,3,-,-,"$41,888",4
2018,9,93,79,Tom of Finland,Kino Lorber,"$2,188",-51.8%,3,+1,$729,"$371,696",21
2018,9,94,80,Hubble 3D,Warner Bros.,"$1,969",-55.9%,3,-,$656,"$52,043,542",416
2018,9,95,73,Tehran Taboo,Kino Lorber,"$1,869",-68.9%,2,-1,$934,"$31,601",3
2018,9,96,88,The Breadwinner,GKIDS,"$1,865",-45%,6,-10,$310,"$309,736",16
2018,9,97,77,The Cured,IFC Films,"$1,742",-64.3%,5,+2,$348,"$9,306",2
2018,9,98,-,Keys to the Heart,CJ Entertainment,"$1,717",-,1,-,"$1,717","$74,236",6
2018,9,99,-,God's Own Country,Orion Pictures,"$1,640",-,2,-,$820,"$334,359",19
2018,9,100,98,BPM (Beats Per Minute),The Orchard,"$1,580",-4.8%,1,-2,"$1,580","$117,484",20
2018,9,101,-,Goldstone2018 Re-release,Lightyear Entertainment,"$1,300",-,1,-,"$1,300","$1,300",1
2018,9,102,92,Big Sonia,Argot Pictures,"$1,075",-61.7%,1,-1,"$1,075","$184,358",16
2018,9,103,-,Before We Vanish,-,$984,-,2,-,$492,"$36,356",5
2018,9,104,97,Bob le Flambeur,Rialto Pictures,$870,-52.4%,1,-1,$870,"$12,916",9
2018,9,105,-,Wait for Your Laugh,Vitagraph Films,$717,-,1,-,$717,"$72,931",18
2018,9,106,-,Space Station 3D,IMAX,$688,-,2,-,$344,"$93,317,782",829
2018,9,107,-,Thelma,The Orchard,$518,-,1,-,$518,"$146,852",17
2018,9,108,-,No Intenso Agora,Icarus Films,$445,-,1,-,$445,"$15,954",5
2018,9,109,94,Born to Be Wild,Warner Bros.,$406,-83.9%,7,-2,$58,"$25,646,407",361
2018,9,110,76,The Lodgers,-,$286,-94.3%,2,-15,$143,"$7,236",2
2018,9,111,-,Miss Kiet's Children2017 Re-release,Icarus Films,$285,-,1,-,$285,"$5,302",12
2018,9,112,-,Rat Film,The Cinema Guild,$256,-,1,-,$256,"$35,195",25
2018,9,113,99,24 Frames,Janus Films,$216,-85.6%,1,-,$216,"$27,070",5
2018,9,114,109,Beuys,Kino Lorber,$150,-25.7%,1,-,$150,"$52,432",7
2018,9,115,110,The Divine Order,Zeitgeist Films,$87,-12.1%,1,-,$87,"$72,008",19
