Dates,year,Week,Top 10 Gross,%± LW,Overall Gross,%± LW.1,Releases,#1 Release
Oct 18-20,2019,42,"$129,825,817",-2.3%,"$137,773,594",-2.5%,108,Maleficent: Mistress of Evil
Oct 11-14Columbus Day wknd,2019,41,"$152,832,766",-20.9%,"$161,043,554",-20.9%,59,Joker
Oct 11-13,2019,41,"$132,906,213",-6.9%,"$141,301,420",-6.1%,100,Joker
Oct 4-6,2019,40,"$142,713,298",+71.2%,"$150,554,448",+59.3%,107,Joker
Sep 27-29,2019,39,"$83,354,126",-26.5%,"$94,527,125",-23.4%,111,Abominable
Sep 20-22,2019,38,"$113,373,910",+16.8%,"$123,431,530",+11.4%,106,Downton Abbey
Sep 13-15,2019,37,"$97,031,904",-21.4%,"$110,793,852",-20%,106,It Chapter Two
Sep 6-8,2019,36,"$123,496,912",+93.2%,"$138,423,528",+51%,92,It Chapter Two
Aug 30-Sep 2Labor Day wknd,2019,35,"$84,263,777",-12.5%,"$120,764,143",-6.6%,82,Angel Has Fallen
Aug 30-Sep 1,2019,35,"$63,928,598",-27.3%,"$91,695,023",-15.7%,99,Angel Has Fallen
Aug 23-25,2019,34,"$87,899,112",-13.7%,"$108,764,687",-9.6%,98,Angel Has Fallen
Aug 16-18,2019,33,"$101,857,634",-16%,"$120,307,107",-8.9%,101,Good Boys
Aug 9-11,2019,32,"$121,235,199",-15.7%,"$132,104,260",-11.3%,92,Fast & Furious Presents: Hobbs & Shaw
Aug 2-4,2019,31,"$143,893,312",-7.5%,"$148,998,871",-8.5%,97,Fast & Furious Presents: Hobbs & Shaw
Jul 26-28,2019,30,"$155,622,904",-38.6%,"$162,868,015",-38.3%,97,The Lion King
Jul 19-21,2019,29,"$253,574,574",+122.2%,"$263,882,516",+107.9%,102,The Lion King
Jul 12-14,2019,28,"$114,124,922",-34.5%,"$126,932,873",-30.9%,103,Spider-Man: Far from Home
Jul 5-7,2019,27,"$174,209,668",+25.5%,"$183,814,074",+21.1%,96,Spider-Man: Far from Home
Jun 28-30,2019,26,"$138,825,078",-26.9%,"$151,841,304",-25.5%,96,Toy Story 4
Jun 21-23,2019,25,"$189,899,923",+53.6%,"$203,833,169",+50%,102,Toy Story 4
Jun 14-16,2019,24,"$123,601,448",-21.9%,"$135,914,033",-18%,100,Men in Black: International
Jun 7-9,2019,23,"$158,327,825",-5.5%,"$165,733,750",-4.8%,101,The Secret Life of Pets 2
May 31-Jun 2,2019,22,"$167,597,113",-3.2%,"$174,090,953",-3.9%,106,Godzilla: King of the Monsters
May 24-26,2019,21,"$173,109,025",+23.7%,"$181,249,523",+22.2%,106,Aladdin
May 24-27Memorial Day wknd,2019,21,"$220,383,863",+1%,"$230,819,376",+1.7%,97,Aladdin
May 17-19,2019,20,"$139,901,024",-12.7%,"$148,365,208",-11.8%,115,John Wick: Chapter 3 - Parabellum
May 10-12,2019,19,"$160,271,263",-17.3%,"$168,253,370",-15.8%,113,Avengers: Endgame
May 3-5,2019,18,"$193,910,218",-51.1%,"$199,858,498",-50.3%,113,Avengers: Endgame
Apr 26-28,2019,17,"$396,469,872",+316.1%,"$402,087,399",+268.2%,114,Avengers: Endgame
Apr 19-22Easter wknd,2019,16,"$106,099,675",-18.9%,"$121,560,823",-21.5%,74,The Curse of La Llorona
Apr 19-21,2019,16,"$95,280,443",-5.1%,"$109,193,341",-1.8%,122,The Curse of La Llorona
Apr 12-14,2019,15,"$100,437,182",-27.2%,"$111,173,940",-24.3%,119,Shazam!
Apr 5-7,2019,14,"$137,908,217",+6.5%,"$146,937,939",+6.6%,117,Shazam!
Mar 29-31,2019,13,"$129,484,146",-7%,"$137,830,324",-7.4%,120,Dumbo
Mar 22-24,2019,12,"$139,284,316",+10.2%,"$148,803,456",+6.4%,117,Us
Mar 15-17,2019,11,"$126,418,468",-36.2%,"$139,804,590",-33.6%,122,Captain Marvel
Mar 8-10,2019,10,"$198,063,125",+109.9%,"$210,564,349",+81.6%,107,Captain Marvel
Mar 1-3,2019,9,"$94,364,496",-14.7%,"$115,975,923",-9.4%,114,How to Train Your Dragon: The Hidden World
Feb 22-24,2019,8,"$110,669,509",+5.2%,"$127,999,939",+1.4%,88,How to Train Your Dragon: The Hidden World
Feb 15-18Presidents' Day wknd,2019,7,"$126,415,385",-60.9%,"$152,447,001",-55.9%,86,Alita: Battle Angel
Feb 15-17,2019,7,"$105,197,571",+10.7%,"$126,265,201",+9%,102,Alita: Battle Angel
Feb 8-10,2019,6,"$95,027,517",+82.4%,"$115,811,896",+57.6%,93,The Lego Movie 2: The Second Part
Feb 1-3,2019,5,"$52,087,190",-29.4%,"$73,462,968",-29%,85,Glass
Jan 25-27,2019,4,"$73,819,238",-32.6%,"$103,503,701",-20.2%,82,Glass
Jan 18-21MLK wknd,2019,3,"$134,433,589",-15.3%,"$162,367,073",-17.1%,69,Glass
Jan 18-20,2019,3,"$109,523,159",+13.2%,"$129,779,595",+8.5%,78,Glass
Jan 11-13,2019,2,"$96,775,974",-18.7%,"$119,640,159",-13.8%,86,The Upside
Jan 4-6,2019,1,"$119,007,739",-28.2%,"$138,872,261",-26.2%,89,Aquaman
"Dec 28-Jan 1, 2019New Year's long wknd",2018,52,"$254,547,234",+12.6%,"$288,846,349",+14%,53,Aquaman
Dec 28-30,2018,52,"$165,718,403",+1.5%,"$188,210,389",+5.5%,78,Aquaman
Dec 21-25Christmas long wknd,2018,51,"$260,363,074",+10.1%,"$291,020,519",+12.1%,60,Aquaman
Dec 21-23,2018,51,"$163,297,800",+60.7%,"$178,360,577",+48.1%,76,Aquaman
Dec 14-16,2018,50,"$101,640,559",+37.6%,"$120,463,418",+40.4%,100,Spider-Man: Into the Spider-Verse
Dec 7-9,2018,49,"$73,877,715",-30.4%,"$85,822,147",-28.3%,100,Ralph Breaks the Internet
Nov 30-Dec 2,2018,48,"$106,190,738",-47.9%,"$119,701,329",-44.7%,104,Ralph Breaks the Internet
Nov 23-25,2018,47,"$203,836,618",+26.3%,"$216,475,781",+23.9%,99,Ralph Breaks the Internet
Nov 22-25Thanksgiving 4-Day,2018,46,"$243,903,928",+14.8%,"$257,931,535",+15.7%,64,Ralph Breaks the Internet
Nov 21-25Thanksgiving 5-Day,2018,46,"$298,630,062",+16.9%,"$314,861,631",+17.7%,64,Ralph Breaks the Internet
Nov 16-18,2018,46,"$161,437,498",+5.8%,"$174,705,199",+3.8%,107,Fantastic Beasts: The Crimes of Grindelwald
Nov 9-11,2018,45,"$152,580,543",+17.9%,"$168,344,121",+15.4%,113,The Grinch
Nov 2-4,2018,44,"$129,384,786",+42.2%,"$145,822,119",+38%,119,Bohemian Rhapsody
Oct 26-28,2018,43,"$90,992,092",-41.7%,"$105,667,363",-36.4%,119,Halloween
Oct 19-21,2018,42,"$155,990,869",+23.7%,"$166,083,062",+21.5%,111,Halloween
Oct 12-14,2018,41,"$126,136,778",-25.4%,"$136,738,283",-23.6%,126,Venom
Oct 5-8Columbus Day wknd,2018,40,"$193,103,101",+72.2%,"$203,648,461",+68.2%,74,Venom
Oct 5-7,2018,40,"$168,979,851",+83.4%,"$178,863,365",+68%,122,Venom
Sep 28-30,2018,39,"$92,141,186",+17.7%,"$106,442,479",+15.3%,130,Night School
Sep 21-23,2018,38,"$78,315,568",-16.7%,"$92,316,508",-15.4%,124,The House with a Clock in Its Walls
Sep 14-16,2018,37,"$94,001,600",-11.6%,"$109,133,476",-9.9%,130,The Predator
Sep 7-9,2018,36,"$106,333,196",+44.1%,"$121,114,594",+21.9%,112,The Nun
Aug 31-Sep 3Labor Day wknd,2018,35,"$96,296,736",+56.1%,"$129,333,336",+32.2%,95,Crazy Rich Asians
Aug 31-Sep 2,2018,35,"$73,798,836",-12.7%,"$99,366,551",-4.1%,108,Crazy Rich Asians
Aug 24-26,2018,34,"$84,558,009",-23.6%,"$103,657,410",-19.9%,113,Crazy Rich Asians
Aug 17-19,2018,33,"$110,718,157",-12.8%,"$129,469,267",-12.1%,114,Crazy Rich Asians
Aug 10-12,2018,32,"$126,978,553",+6%,"$147,302,462",+5.4%,100,The Meg
Aug 3-5,2018,31,"$119,739,621",-16.5%,"$139,748,359",-10.8%,108,Mission: Impossible - Fallout
Jul 27-29,2018,30,"$143,331,278",-8.9%,"$156,588,266",-9.3%,111,Mission: Impossible - Fallout
Jul 20-22,2018,29,"$157,376,958",+2.2%,"$172,609,113",+4%,101,The Equalizer 2
Jul 13-15,2018,28,"$154,037,869",-12.9%,"$166,028,564",-12%,102,Hotel Transylvania 3: Summer Vacation
Jul 6-8,2018,27,"$176,800,250",+5.7%,"$188,609,905",+4.9%,102,Ant-Man and the Wasp
Jun 29-Jul 1,2018,26,"$167,201,140",-37.9%,"$179,844,255",-35.2%,108,Jurassic World: Fallen Kingdom
Jun 22-24,2018,25,"$269,388,336",+4.2%,"$277,365,758",+2.3%,103,Jurassic World: Fallen Kingdom
Jun 15-17,2018,24,"$258,481,930",+135.7%,"$271,034,765",+125.3%,104,Incredibles 2
Jun 8-10,2018,23,"$109,660,193",+13%,"$120,294,762",+12.7%,112,Ocean's Eight
Jun 1-3,2018,22,"$97,051,566",-44.6%,"$106,760,099",-41.4%,115,Solo: A Star Wars Story
May 25-27,2018,21,"$175,038,242",-12.7%,"$182,046,016",-13.3%,117,Solo: A Star Wars Story
May 25-28Memorial Day wknd,2018,21,"$218,126,709",+28.5%,"$227,018,880",+25.7%,108,Solo: A Star Wars Story
May 18-20,2018,20,"$200,438,167",+58.2%,"$209,967,303",+50.9%,122,Deadpool 2
May 11-13,2018,19,"$126,696,435",-20.3%,"$139,103,219",-18%,122,Avengers: Infinity War
May 4-6,2018,18,"$158,985,116",-47.5%,"$169,550,312",-46%,115,Avengers: Infinity War
Apr 27-29,2018,17,"$303,012,371",+184.2%,"$313,937,789",+149.6%,125,Avengers: Infinity War
Apr 20-22,2018,16,"$106,600,851",-19.1%,"$125,778,372",-16.2%,121,A Quiet Place
Apr 13-15,2018,15,"$131,792,250",-6.4%,"$150,160,537",-8.5%,117,Rampage
Apr 6-8,2018,14,"$140,865,614",+22.2%,"$164,133,343",+19.6%,116,A Quiet Place
Mar 30-Apr 2Easter wknd,2018,13,"$130,872,272",-24.5%,"$154,921,251",-16.9%,59,Ready Player One
Mar 30-Apr 1,2018,13,"$115,250,516",+6.1%,"$137,246,461",+5.2%,112,Ready Player One
Mar 23-25,2018,12,"$108,669,222",-8.5%,"$130,423,221",-1.8%,114,Pacific Rim: Uprising
Mar 16-18,2018,11,"$118,810,762",-3.5%,"$132,848,455",-4.9%,114,Black Panther
Mar 9-11,2018,10,"$123,134,923",-8.3%,"$139,696,317",-6.3%,112,Black Panther
Mar 2-4,2018,9,"$134,280,505",-24.2%,"$149,122,522",-23.8%,115,Black Panther
Feb 23-25,2018,8,"$177,068,935",-33.8%,"$195,707,999",-31.8%,110,Black Panther
Feb 16-19Presidents' Day wknd,2018,7,"$323,004,490",+107.3%,"$346,075,601",+90.5%,91,Black Panther
Feb 16-18,2018,7,"$267,360,455",+134.9%,"$286,751,803",+102.7%,102,Black Panther
Feb 9-11,2018,6,"$113,834,248",+73.2%,"$141,457,633",+48.9%,105,Fifty Shades Freed
Feb 2-4,2018,5,"$65,718,354",-35.9%,"$94,988,230",-33.6%,102,Jumanji: Welcome to the Jungle
Jan 26-28,2018,4,"$102,483,376",-1.6%,"$142,985,855",+5.4%,104,Maze Runner: The Death Cure
Jan 19-21,2018,3,"$104,176,178",-19.4%,"$135,628,208",-14.8%,103,Jumanji: Welcome to the Jungle
Jan 12-14,2018,2,"$129,325,213",-10.3%,"$159,135,848",-3.9%,95,Jumanji: Welcome to the Jungle
Jan 12-15MLK wknd,2018,2,"$158,634,790",+7.4%,"$195,812,771",+5.7%,76,Jumanji: Welcome to the Jungle
Jan 5-7,2018,1,"$144,171,701",-16.8%,"$165,531,482",-14.7%,89,Jumanji: Welcome to the Jungle
Dec 29-31,2017,52,"$173,344,651",+5.5%,"$194,096,602",+8.9%,74,Star Wars: Episode VIII - The Last Jedi
"Dec 29-Jan 1, 2018New Year's long wknd",2017,52,"$226,045,913",+2.6%,"$253,441,683",+2.7%,67,Star Wars: Episode VIII - The Last Jedi
Dec 22-25Christmas long wknd,2017,51,"$236,559,567",-5.6%,"$259,567,981",-5.5%,62,Star Wars: Episode VIII - The Last Jedi
Dec 22-24,2017,51,"$164,303,262",-38.5%,"$178,168,406",-35.9%,72,Star Wars: Episode VIII - The Last Jedi
Dec 15-17,2017,50,"$267,186,366",+278.2%,"$278,067,957",+227.6%,86,Star Wars: Episode VIII - The Last Jedi
Dec 8-10,2017,49,"$70,644,026",-27%,"$84,873,861",-19.3%,108,Coco
Dec 1-3,2017,48,"$96,708,952",+15.5%,"$105,185,400",+9.8%,110,Coco
Nov 24-26,2017,47,"$178,495,539",+4.6%,"$188,835,224",+2.4%,99,Coco
Nov 23-26Thanksgiving 4-Day,2017,46,"$212,423,997",+4.9%,"$222,844,449",+2.6%,60,Coco
Nov 22-26Thanksgiving 5-Day,2017,46,"$255,508,291",+4.8%,"$267,474,764",+2.6%,61,Coco
Nov 17-19,2017,46,"$192,816,366",+39.9%,"$199,223,159",+31.4%,111,Justice League
Nov 10-12,2017,45,"$137,873,693",-16.3%,"$151,562,937",-15.9%,124,Thor: Ragnarok
Nov 3-5,2017,44,"$164,643,982",+184.4%,"$180,275,276",+134.6%,126,Thor: Ragnarok
Oct 27-29,2017,43,"$57,899,380",-24.2%,"$76,856,088",-19.9%,128,Jigsaw
Oct 20-22,2017,42,"$76,408,192",-13.9%,"$95,980,741",-4.5%,137,Boo 2! A Madea Halloween
Oct 13-15,2017,41,"$88,765,700",-8.5%,"$100,461,379",-4.8%,135,Happy Death Day
Oct 6-8,2017,40,"$97,001,069",+20.9%,"$105,557,205",+16.2%,132,Blade Runner 2049
Oct 6-9Columbus Day wknd,2017,40,"$112,153,933",+5%,"$121,081,241",+2.6%,67,Blade Runner 2049
Sep 29-Oct 1,2017,39,"$80,260,428",-26%,"$90,846,336",-23%,131,Kingsman: The Golden Circle
Sep 22-24,2017,38,"$108,472,634",+6.8%,"$117,918,784",+5.1%,131,Kingsman: The Golden Circle
Sep 15-17,2017,37,"$101,574,131",-33.6%,"$112,222,203",-31.6%,143,It
Sep 8-10,2017,36,"$153,028,668",+213.2%,"$164,044,803",+111.3%,135,It
Sep 1-4Labor Day wknd,2017,35,"$61,708,167",-28%,"$97,866,622",-23.8%,121,The Hitman's Bodyguard
Sep 1-3,2017,35,"$48,865,218",+6%,"$77,634,434",+12%,125,The Hitman's Bodyguard
Aug 25-27,2017,34,"$46,116,140",-39.1%,"$69,312,122",-28.2%,130,The Hitman's Bodyguard
Aug 18-20,2017,33,"$75,677,045",-20.5%,"$96,486,715",-17.5%,124,The Hitman's Bodyguard
Aug 11-13,2017,32,"$95,249,031",-9.7%,"$116,913,742",-4.8%,123,Annabelle: Creation
Aug 4-6,2017,31,"$105,440,174",-21.4%,"$122,787,940",-15%,106,The Dark Tower
Jul 28-30,2017,30,"$134,073,732",-22.5%,"$144,397,313",-20.1%,122,Dunkirk
Jul 21-23,2017,29,"$172,931,486",+10.8%,"$180,801,251",+10.7%,114,Dunkirk
Jul 14-16,2017,28,"$156,068,438",-21.3%,"$163,324,876",-20.9%,109,War for the Planet of the Apes
Jul 7-9,2017,27,"$198,323,345",+26.2%,"$206,488,903",+21.5%,109,Spider-Man: Homecoming
Jun 30-Jul 4July 4th long wknd,2017,26,"$221,241,108",+1.5%,"$239,317,563",+3.5%,77,Despicable Me 3
Jun 30-Jul 2,2017,26,"$157,207,541",+20.9%,"$169,890,949",+20.6%,110,Despicable Me 3
Jun 23-25,2017,25,"$130,023,273",-27.3%,"$140,826,843",-26.1%,109,Transformers: The Last Knight
Jun 16-18,2017,24,"$178,932,468",+30.3%,"$190,580,340",+32.2%,115,Cars 3
Jun 9-11,2017,23,"$137,307,539",-23.3%,"$144,176,376",-22.4%,108,Wonder Woman
Jun 2-4,2017,22,"$179,022,383",+33.6%,"$185,842,459",+30.6%,110,Wonder Woman
May 26-29Memorial Day wknd,2017,21,"$169,805,597",-13.8%,"$180,565,176",-12.1%,88,Pirates of the Caribbean: Dead Men Tell No Tales
May 26-28,2017,21,"$133,992,099",+16.2%,"$142,341,187",+14.4%,103,Pirates of the Caribbean: Dead Men Tell No Tales
May 19-21,2017,20,"$115,331,687",-7.4%,"$124,441,368",-8.5%,111,Alien: Covenant
May 12-14,2017,19,"$124,517,741",-32.5%,"$136,001,326",-30.3%,114,Guardians of the Galaxy Vol. 2
May 5-7,2017,18,"$184,356,127",+128.2%,"$195,098,085",+95.5%,109,Guardians of the Galaxy Vol. 2
Apr 28-30,2017,17,"$80,793,191",-11.1%,"$99,778,230",-7.3%,112,The Fate of the Furious
Apr 21-23,2017,16,"$90,926,040",-41.7%,"$107,650,168",-36.2%,110,The Fate of the Furious
Apr 14-17Easter wknd,2017,15,"$173,236,946",-35.9%,"$186,508,700",-33%,50,The Fate of the Furious
Apr 14-16,2017,15,"$155,863,273",+46.6%,"$168,607,242",+40.4%,104,The Fate of the Furious
Apr 7-9,2017,14,"$106,287,914",-34.2%,"$120,077,853",-29.2%,103,The Boss Baby
Mar 31-Apr 2,2017,13,"$161,650,523",-16.1%,"$169,546,152",-16.1%,100,The Boss Baby
Mar 24-26,2017,12,"$192,647,503",-23.6%,"$202,066,084",-22.5%,100,Beauty and the Beast
Mar 17-19,2017,11,"$252,225,276",+68.9%,"$260,823,456",+59%,103,Beauty and the Beast
Mar 10-12,2017,10,"$149,362,845",-11.1%,"$163,997,836",-13.5%,107,Kong: Skull Island
Mar 3-5,2017,9,"$168,014,995",+61.8%,"$189,697,727",+52.8%,100,Logan
Feb 24-26,2017,8,"$103,860,378",-19.4%,"$124,126,169",-17.6%,87,Get Out
Feb 17-20Presidents' Day wknd,2017,7,"$155,796,460",-37.9%,"$181,705,870",-34.8%,68,The Lego Batman Movie
Feb 17-19,2017,7,"$128,860,229",-24.7%,"$150,631,026",-20.1%,80,The Lego Batman Movie
Feb 10-12,2017,6,"$171,094,497",+126.1%,"$188,591,354",+90%,87,The Lego Batman Movie
Feb 3-5,2017,5,"$75,662,315",-32.2%,"$99,239,960",-30.1%,97,Split
Jan 27-29,2017,4,"$111,650,133",-7.1%,"$141,980,332",-2.1%,85,Split
Jan 20-22,2017,3,"$120,214,041",+1%,"$145,007,859",-2.9%,89,Split
Jan 13-15,2017,2,"$119,057,524",-1.2%,"$149,365,311",+8.7%,80,Hidden Figures
Jan 13-16MLK wknd,2017,2,"$147,714,852",-15.7%,"$185,210,740",-7.7%,66,Hidden Figures
Jan 6-8,2017,1,"$120,491,633",-27.6%,"$137,405,045",-26.4%,88,Hidden Figures
"Dec 30-Jan 1, 2017",2016,53,"$166,381,697",+0.8%,"$186,656,052",+2.9%,81,Rogue One: A Star Wars Story
"Dec 30-Jan 2, 2017New Year's long wknd",2016,53,"$220,396,876",-7.3%,"$246,770,071",-11.1%,68,Rogue One: A Star Wars Story
Dec 23-26Christmas long wknd,2016,52,"$250,611,546",+47.7%,"$274,763,402",+34.1%,67,Rogue One: A Star Wars Story
Dec 23-25,2016,52,"$165,020,197",-18.9%,"$181,350,322",-14.3%,82,Rogue One: A Star Wars Story
Dec 16-18,2016,51,"$203,485,726",+184.3%,"$211,583,035",+152.7%,99,Rogue One: A Star Wars Story
Dec 9-11,2016,50,"$71,566,771",-14.5%,"$83,717,240",-12.6%,114,Moana
Dec 2-4,2016,49,"$83,749,622",-50.9%,"$95,805,897",-48%,131,Moana
Nov 25-27,2016,48,"$170,608,751",+16.4%,"$184,385,596",+16.7%,116,Moana
Nov 24-27Thanksgiving 4-Day,2016,47,"$202,563,369",+1.6%,"$217,250,328",+0.7%,55,Moana
Nov 23-27Thanksgiving 5-Day,2016,47,"$243,739,138",+2.4%,"$260,702,622",+1.5%,56,Moana
Nov 18-20,2016,47,"$146,558,755",+0.5%,"$157,984,223",-0.3%,121,Fantastic Beasts and Where to Find Them
Nov 11-13,2016,46,"$145,898,093",-19.2%,"$158,440,850",-17.3%,122,Doctor Strange
Nov 4-6,2016,45,"$180,664,140",+143.5%,"$191,568,495",+115.7%,123,Doctor Strange
Oct 28-30,2016,44,"$74,204,699",-32%,"$88,827,696",-28.9%,123,Boo! A Madea Halloween
Oct 21-23,2016,43,"$109,125,994",+28.4%,"$125,010,284",+26.3%,132,Boo! A Madea Halloween
Oct 14-16,2016,42,"$84,988,876",-8.7%,"$98,992,813",-5.1%,127,The Accountant
Oct 7-9,2016,41,"$93,110,131",-8.9%,"$104,318,625",-9.2%,127,The Girl on the Train
Oct 7-10Columbus Day wknd,2016,41,"$106,770,187",-12.7%,"$117,974,034",-11.4%,69,The Girl on the Train
Sep 30-Oct 2,2016,40,"$102,190,772",+10.1%,"$114,916,308",+10.4%,136,Miss Peregrine's Home for Peculiar Children
Sep 23-25,2016,39,"$92,840,344",+30.6%,"$104,137,992",+15.7%,134,The Magnificent Seven
Sep 16-18,2016,38,"$71,090,385",-11.5%,"$90,021,653",-10.7%,126,Sully
Sep 9-11,2016,37,"$80,346,710",+20.1%,"$100,848,825",+0.7%,122,Sully
Sep 2-4,2016,36,"$66,887,892",-26.7%,"$100,107,664",-14.7%,106,Don't Breathe
Sep 2-5Labor Day wknd,2016,36,"$85,743,900",+9.8%,"$128,361,944",+9.8%,98,Don't Breathe
Aug 26-28,2016,35,"$91,226,565",-18.8%,"$117,321,334",-11.2%,107,Don't Breathe
Aug 19-21,2016,34,"$112,417,199",-26.9%,"$132,091,889",-23.3%,111,Suicide Squad
Aug 12-14,2016,33,"$153,823,583",-29.4%,"$172,300,640",-24.7%,113,Suicide Squad
Aug 5-7,2016,32,"$217,747,182",+24.5%,"$228,766,926",+20.4%,101,Suicide Squad
Jul 29-31,2016,31,"$174,855,310",-2%,"$190,037,811",-3.1%,103,Jason Bourne
Jul 22-24,2016,30,"$178,420,955",+17.8%,"$196,083,640",+20.2%,103,Star Trek Beyond
Jul 15-17,2016,29,"$151,409,743",-26.5%,"$163,103,247",-25%,110,The Secret Life of Pets
Jul 8-10,2016,28,"$205,989,677",+14.7%,"$217,491,665",+14.1%,100,The Secret Life of Pets
Jul 1-4July 4th long wknd,2016,27,"$218,013,006",-2%,"$231,141,103",-4.3%,85,Finding Dory
Jul 1-3,2016,27,"$179,579,258",+1.4%,"$190,593,683",+1%,93,Finding Dory
Jun 24-26,2016,26,"$177,111,633",-20.6%,"$188,682,746",-19.1%,105,Finding Dory
Jun 17-19,2016,25,"$223,184,760",+59.9%,"$233,178,561",+52.6%,99,Finding Dory
Jun 10-12,2016,24,"$139,567,249",+12.8%,"$152,792,949",+13.2%,107,The Conjuring 2
Jun 3-5,2016,23,"$123,684,021",-21.4%,"$134,999,656",-17.8%,102,Teenage Mutant Ninja Turtles: Out of the Shadows
May 27-30Memorial Day wknd,2016,22,"$196,994,624",+7.7%,"$205,474,478",+5.5%,88,X-Men: Apocalypse
May 27-29,2016,22,"$157,294,653",+22.6%,"$164,133,840",+19.7%,109,X-Men: Apocalypse
May 20-22,2016,21,"$128,324,753",+4.3%,"$137,158,400",+4.8%,125,The Angry Birds Movie
May 13-15,2016,20,"$123,025,320",-47.1%,"$130,908,594",-45.3%,119,Captain America: Civil War
May 6-8,2016,19,"$232,395,976",+139.7%,"$239,468,632",+120.5%,114,Captain America: Civil War
Apr 29-May 1,2016,18,"$96,937,478",-17.6%,"$108,604,032",-15.4%,114,The Jungle Book
Apr 22-24,2016,17,"$117,626,464",-28.7%,"$128,304,144",-27.4%,115,The Jungle Book
Apr 15-17,2016,16,"$165,029,225",+81.1%,"$176,691,491",+67.9%,118,The Jungle Book
Apr 8-10,2016,15,"$91,145,188",-23.1%,"$105,246,691",-19.6%,119,The Boss
Apr 1-3,2016,14,"$118,559,272",-51.3%,"$130,889,005",-48.1%,114,Batman v Superman: Dawn of Justice
Mar 25-28Easter wknd,2016,13,"$270,066,590",+12.1%,"$278,486,400",+12.7%,54,Batman v Superman: Dawn of Justice
Mar 25-27,2016,13,"$243,491,430",+110.3%,"$252,300,615",+92.1%,104,Batman v Superman: Dawn of Justice
Mar 18-20,2016,12,"$115,774,645",-2%,"$131,307,311",-3%,121,Zootopia
Mar 11-13,2016,11,"$118,186,835",-17.1%,"$135,301,106",-16.2%,111,Zootopia
Mar 4-6,2016,10,"$142,568,989",+56.2%,"$161,499,059",+43.7%,99,Zootopia
Feb 26-28,2016,9,"$91,278,176",-24.6%,"$112,386,016",-20.8%,91,Deadpool
Feb 19-21,2016,8,"$121,119,706",-43.9%,"$141,851,056",-40.7%,106,Deadpool
Feb 12-15Presidents' Day wknd,2016,7,"$250,977,099",+11%,"$278,484,327",+12.7%,87,Deadpool
Feb 12-14,2016,7,"$215,810,637",+186.2%,"$239,154,233",+150.4%,103,Deadpool
Feb 5-7,2016,6,"$75,395,999",-36.3%,"$95,508,876",-31.4%,100,Kung Fu Panda 3
Jan 29-31,2016,5,"$118,353,833",+23.6%,"$139,252,676",+22.6%,99,Kung Fu Panda 3
Jan 22-24,2016,4,"$95,736,903",-34.2%,"$113,596,503",-31.6%,87,The Revenant
Jan 15-17,2016,3,"$145,502,232",+1.8%,"$166,004,623",+4.2%,86,Ride Along 2
Jan 15-18MLK wknd,2016,3,"$175,297,289",-20.6%,"$200,759,295",-20%,57,Ride Along 2
Jan 8-10,2016,2,"$142,912,699",-28%,"$159,323,600",-27.4%,91,Star Wars: Episode VII - The Force Awakens
Jan 1-3,2016,1,"$198,537,624",-27.3%,"$219,510,014",-26%,82,Star Wars: Episode VII - The Force Awakens
Dec 25-27,2015,52,"$273,024,546",-9.8%,"$296,447,415",-5.4%,72,Star Wars: Episode VII - The Force Awakens
Dec 18-20,2015,51,"$302,697,164",+353.8%,"$313,284,961",+304.5%,86,Star Wars: Episode VII - The Force Awakens
Dec 11-13,2015,50,"$66,695,452",-23.1%,"$77,446,378",-20.8%,92,The Hunger Games: Mockingjay - Part 2
Dec 4-6,2015,49,"$86,761,557",-48.3%,"$97,833,704",-46.4%,95,The Hunger Games: Mockingjay - Part 2
Nov 27-29,2015,48,"$167,805,985",+2.8%,"$182,526,007",+5.1%,86,The Hunger Games: Mockingjay - Part 2
Nov 26-29Thanksgiving 4-Day,2015,47,"$199,324,369",+11.3%,"$215,717,632",+13.7%,48,The Hunger Games: Mockingjay - Part 2
Nov 25-29Thanksgiving 5-Day,2015,47,"$238,078,648",+10.8%,"$256,957,261",+13.2%,48,The Hunger Games: Mockingjay - Part 2
Nov 20-22,2015,47,"$163,255,301",+74.4%,"$173,610,096",+60.7%,110,The Hunger Games: Mockingjay - Part 2
Nov 13-15,2015,46,"$93,635,619",-37.1%,"$108,047,802",-33.3%,112,Spectre
Nov 6-8,2015,45,"$148,792,362",+154.6%,"$161,918,615",+118.4%,112,Spectre
Oct 30-Nov 1,2015,44,"$58,434,174",-34.9%,"$74,128,462",-29.9%,108,The Martian
Oct 23-25,2015,43,"$89,803,867",-17.5%,"$105,775,731",-13%,110,The Martian
Oct 16-18,2015,42,"$108,805,935",+1.9%,"$121,579,792",+2.2%,108,Goosebumps
Oct 9-11,2015,41,"$106,804,689",-23.6%,"$118,992,658",-20.6%,112,The Martian
Oct 9-12Columbus Day wknd,2015,41,"$122,246,820",-18.5%,"$133,112,208",-20.3%,51,The Martian
Oct 2-4,2015,40,"$139,834,346",+11.3%,"$149,774,721",+8.7%,124,The Martian
Sep 25-27,2015,39,"$125,667,878",+30.7%,"$137,820,669",+22.2%,118,Hotel Transylvania 2
Sep 18-20,2015,38,"$96,138,932",+17.8%,"$112,827,167",+10.1%,114,Maze Runner: The Scorch Trials
Sep 11-13,2015,37,"$81,621,359",+36%,"$102,512,365",+13.2%,110,The Perfect Guy
Sep 4-7Labor Day wknd,2015,36,"$78,105,044",-27.1%,"$116,912,740",-17.3%,85,War Room
Sep 4-6,2015,36,"$60,032,495",-5%,"$90,555,329",+3.1%,95,War Room
Aug 28-30,2015,35,"$63,160,916",-26%,"$87,836,416",-17.6%,96,Straight Outta Compton
Aug 21-23,2015,34,"$85,356,247",-34.2%,"$106,631,353",-28%,94,Straight Outta Compton
Aug 14-16,2015,33,"$129,704,209",+14.5%,"$148,106,885",+12.3%,98,Straight Outta Compton
Aug 7-9,2015,32,"$113,252,833",-16.8%,"$131,916,514",-9.8%,94,Mission: Impossible - Rogue Nation
Jul 31-Aug 2,2015,31,"$136,167,805",-1.5%,"$146,282,363",-3.1%,95,Mission: Impossible - Rogue Nation
Jul 24-26,2015,30,"$138,254,037",-22.5%,"$151,040,028",-22.1%,100,Ant-Man
Jul 17-19,2015,29,"$178,494,977",-12%,"$193,925,542",-9.8%,100,Ant-Man
Jul 10-12,2015,28,"$202,943,834",+59.8%,"$215,076,951",+58.9%,103,Minions
Jul 3-5,2015,27,"$127,004,488",-27%,"$135,328,419",-26.5%,88,Inside Out
Jun 26-28,2015,26,"$174,073,731",-27.1%,"$184,087,635",-25.8%,101,Jurassic World
Jun 19-21,2015,25,"$238,740,396",-10.3%,"$248,039,944",-9.4%,90,Jurassic World
Jun 12-14,2015,24,"$266,035,144",+116.7%,"$273,785,662",+106.2%,88,Jurassic World
Jun 5-7,2015,23,"$122,790,825",-6.4%,"$132,771,309",-4.1%,89,Spy
May 29-31,2015,22,"$131,136,807",-9.3%,"$138,472,506",-10.1%,83,San Andreas
May 22-24,2015,21,"$144,619,728",-17.6%,"$154,080,020",-16.5%,92,Tomorrowland
May 22-25Memorial Day wknd,2015,21,"$182,887,788",-15.6%,"$194,717,763",-16.1%,81,Tomorrowland
May 15-17,2015,20,"$175,540,242",+46.7%,"$184,554,442",+40.5%,93,Pitch Perfect 2
May 8-10,2015,19,"$119,640,318",-46.6%,"$131,347,747",-43.6%,97,Avengers: Age of Ultron
May 1-3,2015,18,"$223,967,813",+179.5%,"$232,873,431",+139.1%,102,Avengers: Age of Ultron
Apr 24-26,2015,17,"$80,145,066",-26.2%,"$97,392,898",-18.7%,117,Furious 7
Apr 17-19,2015,16,"$108,634,824",-12%,"$119,720,998",-9%,111,Furious 7
Apr 10-12,2015,15,"$123,487,605",-43%,"$131,496,504",-41.4%,103,Furious 7
Apr 3-6Easter wknd,2015,14,"$240,859,409",+87.3%,"$247,143,426",+71%,45,Furious 7
Apr 3-5,2015,14,"$216,669,859",+54.9%,"$224,366,628",+49.3%,96,Furious 7
Mar 27-29,2015,13,"$139,905,374",+19.2%,"$150,316,547",+14.8%,98,Home
Mar 20-22,2015,12,"$117,323,618",+1.5%,"$130,961,022",-0.5%,97,Insurgent
Mar 13-15,2015,11,"$115,580,190",+60%,"$131,677,520",+47.3%,94,Cinderella
Mar 6-8,2015,10,"$72,251,925",-19.2%,"$89,415,791",-16.3%,94,Chappie
Feb 27-Mar 1,2015,9,"$89,378,196",-13.9%,"$106,785,872",-10.1%,98,Focus
Feb 20-22,2015,8,"$103,802,091",-47.1%,"$118,837,843",-44.5%,90,Fifty Shades of Grey
Feb 13-16Presidents' Day wknd,2015,7,"$226,114,046",+24.1%,"$247,208,470",+18.4%,75,Fifty Shades of Grey
Feb 13-15,2015,7,"$196,187,392",+47.8%,"$213,956,193",+40.7%,88,Fifty Shades of Grey
Feb 6-8,2015,6,"$132,753,774",+65.8%,"$152,017,118",+48.6%,95,The SpongeBob Movie: Sponge Out of Water
Jan 30-Feb 1,2015,5,"$80,089,127",-41.3%,"$102,289,935",-35.9%,95,American Sniper
Jan 23-25,2015,4,"$136,480,820",-23.7%,"$159,469,503",-21.5%,93,American Sniper
Jan 16-18,2015,3,"$178,963,570",+70.9%,"$203,241,390",+60.9%,87,American Sniper
Jan 16-19MLK wknd,2015,3,"$220,660,699",+24.4%,"$250,809,036",+17.6%,71,American Sniper
Jan 9-11,2015,2,"$104,708,370",-16.8%,"$126,281,581",-18.6%,87,Taken 3
Jan 2-4,2015,1,"$125,851,864",-29.5%,"$155,083,722",-26%,89,The Hobbit: The Battle of the Five Armies
Dec 26-28,2014,52,"$178,499,687",+46.2%,"$209,570,080",+55.1%,83,The Hobbit: The Battle of the Five Armies
Dec 19-21,2014,51,"$122,059,385",+65.4%,"$135,107,375",+60.8%,78,The Hobbit: The Battle of the Five Armies
Dec 12-14,2014,50,"$73,808,138",+8.4%,"$84,013,268",+7.5%,100,Exodus: Gods and Kings
Dec 5-7,2014,49,"$68,103,918",-55.2%,"$78,180,686",-52.3%,96,The Hunger Games: Mockingjay - Part 1
Nov 28-30,2014,48,"$151,851,533",-17.7%,"$163,791,775",-15.9%,97,The Hunger Games: Mockingjay - Part 1
Nov 27-30Thanksgiving 4-Day,2014,47,"$179,114,437",-20.1%,"$189,771,521",-22.4%,52,The Hunger Games: Mockingjay - Part 1
Nov 26-30Thanksgiving 5-Day,2014,47,"$214,781,730",-20%,"$226,978,340",-22.3%,52,The Hunger Games: Mockingjay - Part 1
Nov 21-23,2014,47,"$184,467,355",+46.7%,"$194,683,879",+38.5%,97,The Hunger Games: Mockingjay - Part 1
Nov 14-16,2014,46,"$125,728,488",-11.9%,"$140,548,635",-10.5%,108,Dumb and Dumber To
Nov 7-9,2014,45,"$142,643,895",+90.6%,"$157,108,227",+65.4%,121,Big Hero 6
Oct 31-Nov 2,2014,44,"$74,843,496",-22.9%,"$94,999,696",-18.1%,120,Ouija
Oct 24-26,2014,43,"$97,071,579",-15.8%,"$116,024,797",-12%,122,Ouija
Oct 17-19,2014,42,"$115,233,422",-12.3%,"$131,793,399",-10.6%,117,Fury
Oct 10-12,2014,41,"$131,383,392",-3.6%,"$147,462,707",-1.3%,122,Gone Girl
Oct 10-13Columbus Day wknd,2014,41,"$150,009,908",+25.8%,"$166,940,703",+27%,63,Gone Girl
Oct 3-5,2014,40,"$136,249,161",+42%,"$149,452,204",+38.8%,123,Gone Girl
Sep 26-28,2014,39,"$95,966,661",+6.6%,"$107,678,203",+4.3%,131,The Equalizer
Sep 19-21,2014,38,"$90,003,667",+22.8%,"$103,238,746",+12.9%,124,The Maze Runner
Sep 12-14,2014,37,"$73,297,493",+52.4%,"$91,402,770",+38.1%,122,No Good Deed
Sep 5-7,2014,36,"$48,083,368",-41.9%,"$66,163,578",-39.6%,120,Guardians of the Galaxy
Aug 29-31,2014,35,"$82,775,516",-14.8%,"$109,546,806",-4.7%,109,Guardians of the Galaxy
Aug 29-Sep 1Labor Day wknd,2014,35,"$107,180,218",-2.6%,"$141,284,370",-12.9%,94,Guardians of the Galaxy
Aug 22-24,2014,34,"$97,178,514",-22.2%,"$114,968,447",-19.5%,104,Guardians of the Galaxy
Aug 15-17,2014,33,"$124,986,010",-26.4%,"$142,851,832",-23.3%,105,Teenage Mutant Ninja Turtles
Aug 8-10,2014,32,"$169,712,505",+1.1%,"$186,257,061",-,115,Teenage Mutant Ninja Turtles
Aug 1-3,2014,31,"$167,783,615",+27.1%,"$186,409,629",+20.4%,109,Guardians of the Galaxy
Jul 25-27,2014,30,"$132,017,659",+1.1%,"$154,787,126",+3.7%,117,Lucy
Jul 18-20,2014,29,"$130,550,571",-2.4%,"$149,206,140",-0.7%,104,Dawn of the Planet of the Apes
Jul 11-13,2014,28,"$133,801,344",+16%,"$150,191,251",+13.4%,117,Dawn of the Planet of the Apes
Jul 4-6,2014,27,"$115,345,546",-32.6%,"$132,438,349",-26.5%,110,Transformers: Age of Extinction
Jun 27-29,2014,26,"$171,037,682",+26%,"$180,104,687",+23.4%,124,Transformers: Age of Extinction
Jun 20-22,2014,25,"$135,785,499",-23.4%,"$145,919,699",-22%,112,Think Like a Man Too
Jun 13-15,2014,24,"$177,277,722",+15.3%,"$187,054,204",+14.8%,124,22 Jump Street
Jun 6-8,2014,23,"$153,810,858",-2.5%,"$162,996,895",-2.1%,111,The Fault in Our Stars
May 30-Jun 1,2014,22,"$157,680,341",-10.1%,"$166,531,884",-11.1%,110,Maleficent
May 23-25,2014,21,"$175,346,822",+4.7%,"$187,304,335",+4.9%,108,X-Men: Days of Future Past
May 23-26Memorial Day wknd,2014,21,"$216,734,334",-29.2%,"$232,102,154",-26.1%,103,X-Men: Days of Future Past
May 16-18,2014,20,"$167,395,914",+35.2%,"$178,532,518",+30.6%,110,Godzilla
May 9-11,2014,19,"$123,849,070",-12.5%,"$136,748,446",-11.3%,113,Neighbors
May 2-4,2014,18,"$141,515,375",+45.2%,"$154,089,137",+31.9%,117,The Amazing Spider-Man 2
Apr 25-27,2014,17,"$97,473,803",-16.2%,"$116,798,742",-12.5%,114,The Other Woman
Apr 18-21Easter wknd,2014,16,"$128,566,271",-17.4%,"$144,538,498",-12.3%,52,Captain America: The Winter Soldier
Apr 18-20,2014,16,"$116,260,430",-11.3%,"$133,412,005",-4.7%,112,Captain America: The Winter Soldier
Apr 11-13,2014,15,"$131,084,472",-15.9%,"$140,035,789",-16.2%,109,Captain America: The Winter Soldier
Apr 4-6,2014,14,"$155,800,774",+24.9%,"$167,195,578",+18.8%,115,Captain America: The Winter Soldier
Mar 28-30,2014,13,"$124,746,109",-3.7%,"$140,733,798",-0.5%,107,Noah
Mar 21-23,2014,12,"$129,583,231",+31.4%,"$141,511,040",+24.2%,111,Divergent
Mar 14-16,2014,11,"$98,624,322",-22.7%,"$113,961,674",-20.8%,108,Mr. Peabody & Sherman
Mar 7-9,2014,10,"$127,539,955",+22.5%,"$143,856,540",+16.3%,110,300: Rise of an Empire
Feb 28-Mar 2,2014,9,"$104,089,480",+10.4%,"$123,702,145",+10.6%,113,Non-Stop
Feb 21-23,2014,8,"$94,308,705",-39.5%,"$111,894,114",-37.2%,106,The Lego Movie
Feb 14-17Presidents' Day wknd,2014,7,"$182,141,128",+26.8%,"$208,762,307",+24%,84,The Lego Movie
Feb 14-16,2014,7,"$155,759,468",+17.4%,"$178,203,826",+16.5%,102,The Lego Movie
Feb 7-9,2014,6,"$132,710,403",+101.4%,"$152,984,502",+77.7%,109,The Lego Movie
Jan 31-Feb 2,2014,5,"$65,887,288",-29.5%,"$86,093,764",-27.1%,95,Ride Along
Jan 24-26,2014,4,"$93,470,822",-36.4%,"$118,158,602",-33%,97,Ride Along
Jan 17-19,2014,3,"$146,864,924",+30.6%,"$176,376,093",+25.4%,88,Ride Along
Jan 17-20MLK wknd,2014,3,"$177,312,805",+41.1%,"$213,241,808",+29%,68,Ride Along
Jan 10-12,2014,2,"$112,448,084",-5.5%,"$140,678,920",-0.4%,90,Lone Survivor
Jan 3-5,2014,1,"$118,936,215",-29.1%,"$141,235,662",-28.4%,82,Frozen
Dec 27-29,2013,52,"$167,837,974",+24.5%,"$197,177,755",+37.3%,81,The Hobbit: The Desolation of Smaug
Dec 20-22,2013,51,"$134,837,792",-2.6%,"$143,571,365",-2.8%,80,The Hobbit: The Desolation of Smaug
Dec 13-15,2013,50,"$138,369,003",+64.8%,"$147,702,714",+56.2%,94,The Hobbit: The Desolation of Smaug
Dec 6-8,2013,49,"$83,941,456",-55.7%,"$94,535,353",-54.6%,96,Frozen
Nov 29-Dec 1,2013,48,"$189,483,142",-11.7%,"$208,125,032",-8.1%,104,The Hunger Games: Catching Fire
Nov 28-Dec 1Thanksgiving 4-Day,2013,47,"$224,232,953",-4.9%,"$244,535,600",-0.1%,50,The Hunger Games: Catching Fire
Nov 27-Dec 1Thanksgiving 5-Day,2013,47,"$268,488,814",-3.8%,"$292,303,215",+0.9%,50,The Hunger Games: Catching Fire
Nov 22-24,2013,47,"$214,593,579",+86.4%,"$226,500,439",+77.9%,109,The Hunger Games: Catching Fire
Nov 15-17,2013,46,"$115,112,784",-27.1%,"$127,348,048",-24.2%,117,Thor: The Dark World
Nov 8-10,2013,45,"$157,930,421",+36.2%,"$167,996,561",+31.2%,124,Thor: The Dark World
Nov 1-3,2013,44,"$115,987,099",+24.3%,"$128,021,451",+24.3%,120,Ender's Game
Oct 25-27,2013,43,"$93,288,479",+2.8%,"$103,005,325",-1.4%,117,Bad Grandpa
Oct 18-20,2013,42,"$90,753,518",-12.3%,"$104,483,096",-10.3%,121,Gravity
Oct 11-13,2013,41,"$103,432,837",-7.2%,"$116,527,523",-8%,116,Gravity
Oct 11-14Columbus Day wknd,2013,41,"$119,207,873",-19.2%,"$131,493,515",-17.1%,54,Gravity
Oct 4-6,2013,40,"$111,457,653",+21.7%,"$126,592,855",+17%,132,Gravity
Sep 27-29,2013,39,"$91,565,449",+31.1%,"$108,160,536",+23.9%,135,Cloudy with a Chance of Meatballs 2
Sep 20-22,2013,38,"$69,831,206",-19.3%,"$87,331,800",-15.7%,141,Prisoners
Sep 13-15,2013,37,"$86,531,368",+40.3%,"$103,651,335",+21.9%,134,Insidious: Chapter 2
Sep 6-8,2013,36,"$61,672,745",-27.4%,"$85,014,635",-32%,135,Riddick
Aug 30-Sep 1,2013,35,"$84,942,972",+1.3%,"$124,995,564",+13.8%,117,One Direction: This Is Us
Aug 30-Sep 2Labor Day wknd,2013,35,"$110,020,537",+8.9%,"$162,136,448",+21%,112,Lee Daniels' The Butler
Aug 23-25,2013,34,"$83,842,081",-26.2%,"$109,886,108",-21.2%,116,Lee Daniels' The Butler
Aug 16-18,2013,33,"$113,572,527",-17.5%,"$139,521,935",-12.4%,116,Lee Daniels' The Butler
Aug 9-11,2013,32,"$137,650,749",+16.7%,"$159,265,982",+15.3%,103,Elysium
Aug 2-4,2013,31,"$117,938,083",-22.3%,"$138,139,733",-19.9%,100,2 Guns
Jul 26-28,2013,30,"$151,703,400",-13%,"$172,372,267",-11.9%,104,The Wolverine
Jul 19-21,2013,29,"$174,305,736",-5.2%,"$195,751,234",-0.5%,109,The Conjuring
Jul 12-14,2013,28,"$183,777,279",-16.2%,"$196,649,715",-14.4%,109,Despicable Me 2
Jul 5-7,2013,27,"$219,263,985",+21.5%,"$229,781,413",+20.5%,95,Despicable Me 2
Jun 28-30,2013,26,"$180,411,163",-21.1%,"$190,698,431",-20.7%,104,Monsters University
Jun 21-23,2013,25,"$228,593,120",+18.5%,"$240,393,582",+17.8%,107,Monsters University
Jun 14-16,2013,24,"$192,954,929",+36.5%,"$204,034,802",+36.7%,102,Man of Steel
Jun 7-9,2013,23,"$141,384,924",-11.4%,"$149,251,384",-9.8%,105,The Purge
May 31-Jun 2,2013,22,"$159,570,972",-35.7%,"$165,545,465",-35%,110,Fast & Furious 6
May 24-26,2013,21,"$248,032,672",+68.9%,"$254,693,249",+65.5%,106,Fast & Furious 6
May 24-27Memorial Day wknd,2013,21,"$305,927,990",+67.5%,"$314,240,146",+61.9%,97,Fast & Furious 6
May 17-19,2013,20,"$146,889,482",-2.5%,"$153,855,241",-2.8%,112,Star Trek Into Darkness
May 10-12,2013,19,"$150,642,459",-27.7%,"$158,347,179",-27.2%,121,Iron Man 3
May 3-5,2013,18,"$208,434,380",+166.8%,"$217,475,021",+135.5%,119,Iron Man 3
Apr 26-28,2013,17,"$78,125,503",-19%,"$92,351,407",-16.6%,120,Pain & Gain
Apr 19-21,2013,16,"$96,489,683",-7.7%,"$110,719,635",-5.1%,120,Oblivion
Apr 12-14,2013,15,"$104,482,953",-16.3%,"$116,712,085",-13.4%,122,42
Apr 5-7,2013,14,"$124,827,157",-9.3%,"$134,763,712",-8.5%,127,Evil Dead
Mar 29-Apr 1Easter wknd,2013,13,"$155,717,819",+19.9%,"$164,811,685",+21.1%,53,G.I. Joe: Retaliation
Mar 29-31,2013,13,"$137,577,314",+8.1%,"$147,258,977",+6%,120,G.I. Joe: Retaliation
Mar 22-24,2013,12,"$127,241,394",+37.1%,"$138,891,569",+29.3%,121,The Croods
Mar 15-17,2013,11,"$92,776,114",-25.5%,"$107,411,683",-23.7%,108,Oz the Great and Powerful
Mar 8-10,2013,10,"$124,576,195",+41.9%,"$140,687,760",+28.3%,112,Oz the Great and Powerful
Mar 1-3,2013,9,"$87,821,690",+4.3%,"$109,621,873",+5.9%,106,Jack the Giant Slayer
Feb 22-24,2013,8,"$84,217,867",-30.6%,"$103,534,297",-26.7%,94,Identity Thief
Feb 15-17,2013,7,"$121,272,933",+47.2%,"$141,278,049",+35.6%,99,A Good Day to Die Hard
Feb 15-18Presidents' Day wknd,2013,7,"$143,655,294",-12.9%,"$168,341,536",-13%,86,A Good Day to Die Hard
Feb 8-10,2013,6,"$82,382,252",+26.8%,"$104,216,107",+17.5%,101,Identity Thief
Feb 1-3,2013,5,"$64,959,191",-20%,"$88,701,777",-21%,98,Warm Bodies
Jan 25-27,2013,4,"$81,203,152",-24.6%,"$112,228,923",-19.7%,91,Hansel & Gretel: Witch Hunters
Jan 18-20,2013,3,"$107,738,398",-4%,"$139,772,817",-0.6%,92,Mama
Jan 18-21MLK wknd,2013,3,"$125,704,597",-2.5%,"$165,335,690",+1.5%,68,Mama
Jan 11-13,2013,2,"$112,186,149",-3.7%,"$140,670,134",-4.7%,95,Zero Dark Thirty
Jan 4-6,2013,1,"$116,465,689",-25%,"$147,632,550",-18.7%,96,Texas Chainsaw 3D
"Dec 28-Jan 1, 2013New Year's long wknd",2012,52,"$237,786,853",+37.2%,"$277,443,906",+38.6%,54,The Hobbit: An Unexpected Journey
Dec 28-30,2012,52,"$155,214,547",+60.8%,"$181,537,855",+63.7%,90,The Hobbit: An Unexpected Journey
Dec 21-25Christmas long wknd,2012,51,"$169,697,974",-1.4%,"$204,882,187",+3.4%,53,The Hobbit: An Unexpected Journey
Dec 21-23,2012,51,"$96,513,334",-23.9%,"$110,869,479",-18.9%,95,The Hobbit: An Unexpected Journey
Dec 14-16,2012,50,"$126,779,394",+85.4%,"$136,705,051",+69%,109,The Hobbit: An Unexpected Journey
Dec 7-9,2012,49,"$68,367,628",-32.1%,"$80,905,506",-29.3%,119,Skyfall
Nov 30-Dec 2,2012,48,"$100,734,688",-49.3%,"$114,496,488",-44.9%,108,The Twilight Saga: Breaking Dawn - Part 2
Nov 23-25,2012,47,"$198,595,121",-17.4%,"$207,815,979",-16.9%,107,The Twilight Saga: Breaking Dawn - Part 2
Nov 22-25Thanksgiving 4-Day,2012,46,"$235,765,617",+34.7%,"$244,861,842",+28.5%,49,The Twilight Saga: Breaking Dawn - Part 2
Nov 21-25Thanksgiving 5-Day,2012,46,"$279,039,688",+34.4%,"$289,573,641",+28.6%,50,The Twilight Saga: Breaking Dawn - Part 2
Nov 16-18,2012,46,"$240,504,453",+50.7%,"$250,086,091",+44.1%,115,The Twilight Saga: Breaking Dawn - Part 2
Nov 9-11,2012,45,"$159,539,986",+34.3%,"$173,520,562",+25.4%,120,Skyfall
Nov 2-4,2012,44,"$118,833,677",+58.8%,"$138,368,039",+47.9%,119,Wreck-It Ralph
Oct 26-28,2012,43,"$74,831,900",-35.3%,"$93,548,501",-27.5%,119,Argo
Oct 19-21,2012,42,"$115,619,564",-1.4%,"$129,118,109",-0.7%,118,Paranormal Activity 4
Oct 12-14,2012,41,"$117,244,701",-9.8%,"$129,987,942",-8.6%,117,Taken 2
Oct 5-8Columbus Day wknd,2012,40,"$147,590,739",+62.2%,"$158,700,116",+49.5%,54,Taken 2
Oct 5-7,2012,40,"$130,018,694",+26.2%,"$142,194,488",+19.2%,114,Taken 2
Sep 28-30,2012,39,"$102,991,094",+43.3%,"$119,272,334",+31.2%,122,Hotel Transylvania
Sep 21-23,2012,38,"$71,888,652",+10.9%,"$90,881,797",+4.7%,123,End of Watch
Sep 14-16,2012,37,"$64,824,244",+38.7%,"$86,814,721",+28.2%,124,Resident Evil: Retribution
Sep 7-9,2012,36,"$46,747,004",-40.4%,"$67,728,681",-34.9%,125,The Possession
Aug 31-Sep 3Labor Day wknd,2012,35,"$100,987,641",+1.6%,"$133,965,411",-3.6%,100,The Possession
Aug 31-Sep 2,2012,35,"$78,473,593",+3.6%,"$103,958,765",+6%,106,The Possession
Aug 24-26,2012,34,"$75,735,631",-38.3%,"$98,074,600",-29.7%,119,The Expendables 2
Aug 17-19,2012,33,"$122,759,783",-4.9%,"$139,508,493",-1.9%,109,The Expendables 2
Aug 10-12,2012,32,"$129,143,882",+15.9%,"$142,282,599",+15.6%,113,The Bourne Legacy
Aug 3-5,2012,31,"$111,448,685",-10.3%,"$123,067,042",-8.5%,113,The Dark Knight Rises
Jul 27-29,2012,30,"$124,187,763",-43.9%,"$134,433,234",-41.9%,108,The Dark Knight Rises
Jul 20-22,2012,29,"$221,423,729",+47.6%,"$231,285,377",+40.1%,102,The Dark Knight Rises
Jul 13-15,2012,28,"$150,002,519",-15.9%,"$165,029,467",-16.1%,113,Ice Age: Continental Drift
Jul 6-8,2012,27,"$178,335,880",-6%,"$196,767,679",-6.3%,109,The Amazing Spider-Man
Jun 29-Jul 1,2012,26,"$189,645,968",+24.5%,"$210,047,382",+27.4%,105,Ted
Jun 22-24,2012,25,"$152,347,191",+26.3%,"$164,829,173",+26.5%,107,Brave
Jun 15-17,2012,24,"$120,646,402",-29.7%,"$130,345,800",-28.2%,111,Madagascar 3: Europe's Most Wanted
Jun 8-10,2012,23,"$171,705,112",+29.9%,"$181,630,363",+27.2%,131,Madagascar 3: Europe's Most Wanted
Jun 1-3,2012,22,"$132,181,371",-8.4%,"$142,828,971",-6.8%,129,Snow White and the Huntsman
May 25-27,2012,21,"$144,354,167",+7.8%,"$153,244,254",+7.3%,119,Men in Black 3
May 25-28Memorial Day wknd,2012,21,"$182,669,246",-31%,"$194,092,495",-29.9%,111,Men in Black 3
May 18-20,2012,20,"$133,932,974",-16%,"$142,764,397",-16.5%,131,The Avengers
May 11-13,2012,19,"$159,498,783",-35.3%,"$171,025,163",-33.8%,132,The Avengers
May 4-6,2012,18,"$246,662,936",+170.5%,"$258,295,713",+133.6%,134,The Avengers
Apr 27-29,2012,17,"$91,171,173",-23.3%,"$110,593,680",-18.3%,129,Think Like a Man
Apr 20-22,2012,16,"$118,940,992",+13.4%,"$135,415,449",+18%,125,Think Like a Man
Apr 13-15,2012,15,"$104,850,744",-9.2%,"$114,756,312",-7.3%,115,The Hunger Games
Apr 6-9Easter wknd,2012,14,"$129,893,927",+2.4%,"$136,124,614",-8.7%,45,The Hunger Games
Apr 6-8,2012,14,"$115,439,622",-16.8%,"$123,764,607",-16.9%,123,The Hunger Games
Mar 30-Apr 1,2012,13,"$138,772,071",-31.2%,"$148,926,320",-30.5%,124,The Hunger Games
Mar 23-25,2012,12,"$201,664,110",+115.5%,"$214,253,387",+93%,115,The Hunger Games
Mar 16-18,2012,11,"$93,582,069",-19.3%,"$110,983,561",-18.9%,116,21 Jump Street
Mar 9-11,2012,10,"$116,009,145",-20.4%,"$136,877,195",-18.8%,127,The Lorax
Mar 2-4,2012,9,"$145,788,328",+35.8%,"$168,466,571",+25.8%,118,The Lorax
Feb 24-26,2012,8,"$107,371,847",-22.2%,"$133,892,090",-16.8%,115,Act of Valor
Feb 17-20Presidents' Day wknd,2012,7,"$164,876,415",+9.4%,"$193,509,301",+11.4%,102,Safe House
Feb 17-19,2012,7,"$137,926,714",-18%,"$160,944,778",-16.1%,118,Safe House
Feb 10-12,2012,6,"$168,289,222",+91%,"$191,893,008",+65.8%,111,The Vow
Feb 3-5,2012,5,"$88,088,338",-3.5%,"$115,729,538",-8.4%,105,Chronicle
Jan 27-29,2012,4,"$91,306,608",-11.4%,"$126,328,423",-5.3%,111,The Grey
Jan 20-22,2012,3,"$103,050,329",-2.5%,"$133,441,542",+0.9%,107,Underworld Awakening
Jan 13-15,2012,2,"$105,673,270",-12.3%,"$132,235,551",-5.2%,103,Contraband
Jan 13-16MLK wknd,2012,2,"$128,967,569",-1.1%,"$162,923,701",+2.5%,74,Contraband
Jan 6-8,2012,1,"$120,467,366",-10.4%,"$139,471,507",-9.9%,93,The Devil Inside
"Dec 30-Jan 1, 2012",2011,52,"$134,488,475",+22%,"$154,783,233",+20.9%,81,Mission: Impossible - Ghost Protocol
"Dec 30-Jan 2, 2012New Year's long wknd",2011,52,"$173,320,352",-25.6%,"$200,114,665",-27.2%,76,Mission: Impossible - Ghost Protocol
Dec 23-26Christmas long wknd,2011,51,"$172,035,139",-21.8%,"$198,065,301",-20.6%,75,Mission: Impossible - Ghost Protocol
Dec 23-25,2011,51,"$110,230,829",+4%,"$128,078,515",+8.3%,82,Mission: Impossible - Ghost Protocol
Dec 16-18,2011,50,"$105,970,233",+66%,"$118,308,106",+57%,106,Sherlock Holmes: A Game of Shadows
Dec 9-11,2011,49,"$63,846,449",-9.5%,"$75,350,071",-7.5%,113,New Year's Eve
Dec 2-4,2011,48,"$70,515,083",-6%,"$81,502,185",-5.6%,101,The Twilight Saga: Breaking Dawn - Part 1
Nov 25-27,2011,47,"$148,515,080",-11.5%,"$165,042,631",-8.9%,107,The Twilight Saga: Breaking Dawn - Part 1
Nov 24-27Thanksgiving 4-Day,2011,46,"$175,056,305",-13.3%,"$190,495,014",-11.7%,50,The Twilight Saga: Breaking Dawn - Part 1
Nov 23-27Thanksgiving 5-Day,2011,46,"$207,648,272",-14.2%,"$225,149,356",-12.7%,50,The Twilight Saga: Breaking Dawn - Part 1
Nov 18-20,2011,46,"$213,090,559",+71.6%,"$222,537,158",+62.8%,113,The Twilight Saga: Breaking Dawn - Part 1
Nov 11-13,2011,45,"$124,195,132",+23.4%,"$136,668,947",+19.3%,116,Immortals
Nov 4-6,2011,44,"$100,619,007",+11.5%,"$114,563,511",+10.7%,130,Puss in Boots
Oct 28-30,2011,43,"$90,229,806",-14.2%,"$103,466,351",-14.8%,128,Puss in Boots
Oct 21-23,2011,42,"$105,208,900",+44.6%,"$121,497,511",+38.1%,138,Paranormal Activity 3
Oct 14-16,2011,41,"$72,749,806",-9.1%,"$87,980,984",-7.5%,127,Real Steel
Oct 7-9,2011,40,"$80,038,160",-3.9%,"$95,125,477",-4.2%,129,Real Steel
Oct 7-10Columbus Day wknd,2011,40,"$91,007,749",+4.1%,"$106,161,269",+2.4%,53,Real Steel
Sep 30-Oct 2,2011,39,"$83,299,660",-19.5%,"$99,307,078",-15.9%,127,Dolphin Tale
Sep 23-25,2011,38,"$103,498,944",+24.9%,"$118,048,412",+15.5%,141,The Lion King2011 3D Release
Sep 16-18,2011,37,"$82,870,886",+36.8%,"$102,167,957",+24.7%,140,The Lion King2011 3D Release
Sep 9-11,2011,36,"$60,588,164",-20.9%,"$81,936,910",-23.5%,139,Contagion
Sep 2-5Labor Day wknd,2011,35,"$99,407,337",+6.4%,"$138,952,409",+4.7%,122,The Help
Sep 2-4,2011,35,"$76,554,062",+10.1%,"$107,106,553",+14.8%,130,The Help
Aug 26-28,2011,34,"$69,507,839",-28.6%,"$93,298,182",-24.9%,131,The Help
Aug 19-21,2011,33,"$97,303,811",-27.7%,"$124,210,930",-20.1%,126,The Help
Aug 12-14,2011,32,"$134,605,986",-12.9%,"$155,403,377",-7.1%,129,Rise of the Planet of the Apes
Aug 5-7,2011,31,"$154,610,555",-7.9%,"$167,357,649",-6.9%,125,Rise of the Planet of the Apes
Jul 29-31,2011,30,"$167,881,029",-6.2%,"$179,729,836",-5.8%,122,Cowboys & Aliens
Jul 22-24,2011,29,"$179,068,823",-28%,"$190,704,210",-27.3%,114,Captain America: The First Avenger
Jul 15-17,2011,28,"$248,568,927",+76.9%,"$262,299,124",+67.8%,120,Harry Potter and the Deathly Hallows: Part 2
Jul 8-10,2011,27,"$140,474,359",-24.6%,"$156,322,000",-22.7%,118,Transformers: Dark of the Moon
Jul 1-4July 4th long wknd,2011,26,"$222,359,534",-6.7%,"$241,553,443",-3.5%,102,Transformers: Dark of the Moon
Jul 1-3,2011,26,"$186,283,764",+13%,"$202,163,864",+14.2%,106,Transformers: Dark of the Moon
Jun 24-26,2011,25,"$164,865,297",+13.5%,"$177,057,217",+15.2%,116,Cars 2
Jun 17-19,2011,24,"$145,208,661",+10.7%,"$153,747,605",+11.4%,106,Green Lantern
Jun 10-12,2011,23,"$131,188,107",-13.9%,"$138,055,726",-13.5%,107,Super 8
Jun 3-5,2011,22,"$152,390,551",-28.6%,"$159,624,804",-28.4%,114,X-Men: First Class
May 27-30Memorial Day wknd,2011,21,"$264,689,498",+45.1%,"$276,889,541",+43.7%,106,The Hangover Part II
May 27-29,2011,21,"$213,334,314",+36%,"$223,026,879",+33%,109,The Hangover Part II
May 20-22,2011,20,"$156,858,984",+23.7%,"$167,642,580",+19.4%,120,Pirates of the Caribbean: On Stranger Tides
May 13-15,2011,19,"$126,805,764",-16.9%,"$140,371,451",-15.8%,127,Thor
May 6-8,2011,18,"$152,646,352",+8.8%,"$166,748,986",+4.9%,128,Thor
Apr 29-May 1,2011,17,"$140,262,298",+22.5%,"$158,940,090",+16.5%,120,Fast Five
Apr 22-25Easter wknd,2011,16,"$126,821,991",-32.4%,"$149,092,004",-24.9%,51,Rio
Apr 22-24,2011,16,"$114,486,342",+3.5%,"$136,378,142",+4.9%,128,Rio
Apr 15-17,2011,15,"$110,573,140",+12.4%,"$130,061,017",+12%,116,Rio
Apr 8-10,2011,14,"$98,389,397",-10.6%,"$116,090,490",-7.1%,125,Hop
Apr 1-3,2011,13,"$110,113,006",+5.2%,"$124,938,387",+2.9%,125,Hop
Mar 25-27,2011,12,"$104,688,038",+5.9%,"$121,453,235",+5.6%,126,Diary of a Wimpy Kid: Rodrick Rules
Mar 18-20,2011,11,"$98,816,142",-11.7%,"$114,962,242",-11.2%,121,Limitless
Mar 11-13,2011,10,"$111,935,077",-2.2%,"$129,391,313",-3.4%,118,Battle Los Angeles
Mar 4-6,2011,9,"$114,398,546",+23.6%,"$133,918,873",+21.9%,107,Rango
Feb 25-27,2011,8,"$92,540,158",-26.4%,"$109,830,377",-24%,108,Hall Pass
Feb 18-21Presidents' Day wknd,2011,7,"$150,746,871",-29.4%,"$173,631,940",-27.5%,100,Unknown
Feb 18-20,2011,7,"$125,712,044",-2.1%,"$144,525,447",-3.3%,107,Unknown
Feb 11-13,2011,6,"$128,358,223",+87.9%,"$149,414,721",+71.2%,113,Just Go with It
Feb 4-6,2011,5,"$68,315,090",-21.7%,"$87,257,927",-20.1%,114,The Roommate
Jan 28-30,2011,4,"$87,300,754",+4.6%,"$109,215,038",+6.3%,104,The Rite
Jan 21-23,2011,3,"$83,445,232",-22.6%,"$102,730,950",-21.2%,105,No Strings Attached
Jan 14-16,2011,2,"$107,824,706",+20.6%,"$130,305,168",+16%,106,The Green Hornet
Jan 14-17MLK wknd,2011,2,"$130,346,506",-28.8%,"$158,959,357",-24.1%,86,The Green Hornet
Jan 7-9,2011,1,"$89,402,192",-34.9%,"$112,291,954",-29.5%,99,True Grit
"Dec 31-Jan 2, 2011",2010,53,"$137,343,062",+10.6%,"$159,345,245",+13.9%,99,Little Fockers
Dec 24-26,2010,52,"$124,133,496",-0.7%,"$139,938,201",+3.9%,97,Little Fockers
Dec 17-19,2010,51,"$124,993,526",+53.3%,"$134,672,257",+46.6%,112,TRON: Legacy
Dec 10-12,2010,50,"$81,560,957",+8.7%,"$91,871,496",+6.4%,119,The Chronicles of Narnia: The Voyage of the Dawn Treader
Dec 3-5,2010,49,"$75,004,741",-55.3%,"$86,325,286",-52.4%,119,Tangled
Nov 26-28,2010,48,"$167,833,958",-2.6%,"$181,242,458",-2.7%,103,Harry Potter and the Deathly Hallows: Part 1
Nov 25-28Thanksgiving 4-Day,2010,47,"$201,819,715",-4.8%,"$215,713,375",-4.2%,49,Harry Potter and the Deathly Hallows: Part 1
Nov 24-28Thanksgiving 5-Day,2010,47,"$242,152,785",-3.7%,"$257,951,386",-3.3%,48,Harry Potter and the Deathly Hallows: Part 1
Nov 19-21,2010,47,"$184,491,055",+71.3%,"$194,526,066",+60.2%,114,Harry Potter and the Deathly Hallows: Part 1
Nov 12-14,2010,46,"$107,692,567",-22%,"$121,393,329",-20.3%,123,Megamind
Nov 5-7,2010,45,"$138,136,720",+68.3%,"$152,229,980",+62.8%,124,Megamind
Oct 29-31,2010,44,"$82,076,962",-30%,"$93,503,374",-27.9%,125,Saw: The Final Chapter
Oct 22-24,2010,43,"$117,205,902",+0.1%,"$129,623,238",-1.5%,126,Paranormal Activity 2
Oct 15-17,2010,42,"$117,078,913",+52.3%,"$131,587,463",+41.7%,144,Jackass 3D
Oct 8-10,2010,41,"$76,880,100",-6.9%,"$92,845,180",-2.3%,133,The Social Network
Oct 8-11Columbus Day wknd,2010,41,"$87,413,887",-17%,"$103,670,689",-16%,52,The Social Network
Oct 1-3,2010,40,"$82,543,307",-7.2%,"$95,043,566",-5.6%,140,The Social Network
Sep 24-26,2010,39,"$88,901,910",+5.4%,"$100,709,968",-,138,Wall Street: Money Never Sleeps
Sep 17-19,2010,38,"$84,334,484",+36.7%,"$100,674,305",+22.8%,135,The Town
Sep 10-12,2010,37,"$61,707,602",-17.2%,"$81,958,202",-22%,123,Resident Evil: Afterlife
Sep 3-5,2010,36,"$74,512,580",-14.6%,"$105,085,438",-8.5%,113,The American
Sep 3-6Labor Day wknd,2010,36,"$93,408,796",-3%,"$132,758,175",+6.7%,111,The American
Aug 27-29,2010,35,"$87,206,831",-14.6%,"$114,807,532",-10.6%,113,Takers
Aug 20-22,2010,34,"$102,089,078",-20.1%,"$128,353,711",-10.6%,115,The Expendables
Aug 13-15,2010,33,"$127,804,668",+8.5%,"$143,572,917",+7.7%,110,The Expendables
Aug 6-8,2010,32,"$117,746,775",-8.6%,"$133,296,768",-8.2%,110,The Other Guys
Jul 30-Aug 1,2010,31,"$128,821,145",-14.6%,"$145,266,883",-10.5%,106,Inception
Jul 23-25,2010,30,"$150,757,392",-10.9%,"$162,240,124",-8.9%,103,Inception
Jul 16-18,2010,29,"$169,206,774",-7.3%,"$178,138,271",-7.1%,106,Inception
Jul 9-11,2010,28,"$182,442,390",+1.9%,"$191,704,186",+1.9%,110,Despicable Me
Jul 2-5July 4th long wknd,2010,27,"$238,231,616",+16.9%,"$250,408,407",+10.9%,96,The Twilight Saga: Eclipse
Jul 2-4,2010,27,"$179,066,707",+16%,"$188,212,207",+13.9%,101,The Twilight Saga: Eclipse
Jun 25-27,2010,26,"$154,390,043",-17.7%,"$165,180,607",-17.3%,106,Toy Story 3
Jun 18-20,2010,25,"$187,642,041",+33.6%,"$199,685,836",+31.8%,116,Toy Story 3
Jun 11-13,2010,24,"$140,451,060",+16.5%,"$151,488,729",+17.6%,117,The Karate Kid
Jun 4-6,2010,23,"$120,565,073",-16.2%,"$128,826,490",-15.2%,120,Shrek Forever After
May 28-30,2010,22,"$143,797,811",+1.7%,"$151,897,664",+0.9%,105,Shrek Forever After
May 28-31Memorial Day wknd,2010,22,"$182,383,311",-13.9%,"$192,706,796",-13.2%,103,Shrek Forever After
May 21-23,2010,21,"$141,404,309",+9.4%,"$150,510,497",+7.8%,114,Shrek Forever After
May 14-16,2010,20,"$129,275,088",-22.9%,"$139,644,680",-22.3%,116,Iron Man 2
May 7-9,2010,19,"$167,701,822",+90.7%,"$179,789,106",+75.9%,116,Iron Man 2
Apr 30-May 2,2010,18,"$87,924,993",+2.5%,"$102,227,580",+2.1%,116,A Nightmare on Elm Street
Apr 23-25,2010,17,"$85,792,705",-20.6%,"$100,098,936",-16.7%,117,How to Train Your Dragon
Apr 16-18,2010,16,"$108,077,823",-8.1%,"$120,177,056",-5.8%,117,Kick-Ass
Apr 9-11,2010,15,"$117,570,469",-29.3%,"$127,582,200",-28.2%,115,Clash of the Titans
Apr 2-5Easter wknd,2010,14,"$187,711,319",+36.8%,"$198,446,177",+33.9%,44,Clash of the Titans
Apr 2-4,2010,14,"$166,220,519",+47.1%,"$177,632,872",+38.1%,112,Clash of the Titans
Mar 26-28,2010,13,"$113,036,610",+2%,"$128,664,080",+1.3%,112,How to Train Your Dragon
Mar 19-21,2010,12,"$110,799,129",-14.5%,"$126,978,873",-13.9%,109,Alice in Wonderland
Mar 12-14,2010,11,"$129,609,144",-29%,"$147,526,258",-25.1%,106,Alice in Wonderland
Mar 5-7,2010,10,"$182,536,400",+75.2%,"$196,996,205",+65.3%,107,Alice in Wonderland
Feb 26-28,2010,9,"$104,201,694",-12%,"$119,202,708",-11%,107,Shutter Island
Feb 19-21,2010,8,"$118,472,680",-35.3%,"$133,902,273",-34.6%,108,Shutter Island
Feb 12-15Presidents' Day wknd,2010,7,"$213,524,058",+21.2%,"$239,380,299",+8.8%,87,Valentine's Day
Feb 12-14,2010,7,"$182,998,695",+93.1%,"$204,746,196",+79.6%,95,Valentine's Day
Feb 5-7,2010,6,"$94,786,281",-8.8%,"$113,987,051",-9.1%,100,Dear John
Jan 29-31,2010,5,"$103,970,747",-13.4%,"$125,460,594",-13.1%,93,Avatar
Jan 22-24,2010,4,"$120,045,516",-19.4%,"$144,384,498",-15.1%,93,Avatar
Jan 15-17,2010,3,"$148,859,116",+2.6%,"$170,071,252",+6.1%,96,Avatar
Jan 15-18MLK wknd,2010,3,"$183,162,436",-0.8%,"$209,509,035",-9.4%,83,Avatar
Jan 8-10,2010,2,"$145,045,666",-29%,"$160,275,182",-27.2%,86,Avatar
Jan 1-3,2010,1,"$204,295,752",-20%,"$220,307,116",-18.4%,80,Avatar
Dec 25-27,2009,52,"$255,212,095",+102%,"$270,119,719",+95.8%,83,Avatar
Dec 18-20,2009,51,"$126,343,342",+52.9%,"$137,963,395",+42.1%,96,Avatar
Dec 11-13,2009,50,"$82,656,512",-4.2%,"$97,058,602",-2.6%,104,The Princess and the Frog
Dec 4-6,2009,49,"$86,237,399",-50%,"$99,663,975",-46.5%,113,The Blind Side
Nov 27-29,2009,48,"$172,369,237",-30.2%,"$186,348,522",-27.9%,109,The Twilight Saga: New Moon
Nov 26-29Thanksgiving 4-Day,2009,47,"$212,001,958",+14.6%,"$225,057,670",+15.9%,55,The Twilight Saga: New Moon
Nov 25-29Thanksgiving 5-Day,2009,47,"$251,418,028",+15.2%,"$266,644,110",+16.6%,55,The Twilight Saga: New Moon
Nov 20-22,2009,47,"$246,948,248",+98.9%,"$258,576,253",+84.7%,123,The Twilight Saga: New Moon
Nov 13-15,2009,46,"$124,130,245",+20.6%,"$139,985,928",+16.8%,128,2012
Nov 6-8,2009,45,"$102,932,989",+32.8%,"$119,864,425",+31.9%,128,A Christmas Carol
Oct 30-Nov 1,2009,44,"$77,489,382",-23.2%,"$90,874,415",-21.7%,133,This Is It
Oct 23-25,2009,43,"$100,949,943",-19%,"$116,118,451",-16.2%,135,Paranormal Activity
Oct 16-18,2009,42,"$124,637,638",+35.6%,"$138,588,159",+25.9%,135,Where the Wild Things Are
Oct 9-11,2009,41,"$91,892,437",+5.1%,"$110,115,725",+2.8%,133,Couples Retreat
Oct 9-12Columbus Day wknd,2009,41,"$105,261,988",+15.1%,"$123,465,598",+9.2%,57,Couples Retreat
Oct 2-4,2009,40,"$87,465,911",+10.2%,"$107,092,990",+10.6%,130,Zombieland
Sep 25-27,2009,39,"$79,376,189",-4.6%,"$96,863,428",-5%,137,Cloudy with a Chance of Meatballs
Sep 18-20,2009,38,"$83,214,524",+16.5%,"$101,915,572",+10.4%,132,Cloudy with a Chance of Meatballs
Sep 11-13,2009,37,"$71,451,514",-6.5%,"$92,274,610",-5.6%,122,I Can Do Bad All by Myself
Sep 4-7Labor Day wknd,2009,36,"$96,256,938",+12%,"$124,476,257",+0.6%,108,The Final Destination
Sep 4-6,2009,36,"$76,384,281",-27.5%,"$97,776,362",-21.8%,110,The Final Destination
Aug 28-30,2009,35,"$105,329,392",-1.1%,"$125,028,168",-1.8%,119,The Final Destination
Aug 21-23,2009,34,"$106,503,767",-10.6%,"$127,268,259",-10.7%,120,Inglourious Basterds
Aug 14-16,2009,33,"$119,101,428",-5.2%,"$142,476,028",-3.1%,116,District 9
Aug 7-9,2009,32,"$125,660,546",+17.3%,"$147,046,404",+15.1%,115,G.I. Joe: The Rise of Cobra
Jul 31-Aug 2,2009,31,"$107,143,812",-22.5%,"$127,760,028",-15.7%,119,Funny People
Jul 24-26,2009,30,"$138,205,853",-8.1%,"$151,593,131",-5.6%,112,G-Force
Jul 17-19,2009,29,"$150,389,463",+13.7%,"$160,546,686",+12%,112,Harry Potter and the Half-Blood Prince
Jul 10-12,2009,28,"$132,244,941",-13.4%,"$143,315,556",-11.8%,107,Brüno
Jul 3-5,2009,27,"$152,619,904",-19.9%,"$162,461,789",-19.1%,103,Transformers: Revenge of the Fallen
Jun 26-28,2009,26,"$190,609,317",+36.4%,"$200,752,945",+33%,114,Transformers: Revenge of the Fallen
Jun 19-21,2009,25,"$139,770,972",+8.1%,"$150,983,198",+9.5%,124,The Proposal
Jun 12-14,2009,24,"$129,330,317",-18.1%,"$137,931,239",-16.7%,125,The Hangover
Jun 5-7,2009,23,"$157,921,508",-1.2%,"$165,598,060",-0.3%,120,The Hangover
May 29-31,2009,22,"$159,873,985",-5%,"$166,122,627",-5.8%,110,Up
May 22-24,2009,21,"$168,355,487",+31.4%,"$176,294,011",+28.3%,112,Night at the Museum: Battle of the Smithsonian
May 22-25Memorial Day wknd,2009,21,"$211,868,707",-0.2%,"$221,901,103",+1.1%,112,Night at the Museum: Battle of the Smithsonian
May 15-17,2009,20,"$128,079,406",-7.8%,"$137,460,577",-8.1%,112,Angels & Demons
May 8-10,2009,19,"$138,843,581",-5.3%,"$149,643,723",-5.5%,118,Star Trek
May 1-3,2009,18,"$146,572,798",+46.1%,"$158,300,469",+39%,109,X-Men Origins: Wolverine
Apr 24-26,2009,17,"$100,327,984",+3%,"$113,860,937",+4.9%,118,Obsessed
Apr 17-19,2009,16,"$97,370,546",-20.3%,"$108,497,129",-18.8%,119,17 Again
Apr 10-13Easter wknd,2009,15,"$137,209,381",+27.6%,"$148,228,465",+18.2%,49,Hannah Montana: The Movie
Apr 10-12,2009,15,"$122,113,373",-16.4%,"$133,634,913",-13.9%,112,Hannah Montana: The Movie
Apr 3-5,2009,14,"$146,086,888",+7%,"$155,220,674",+6%,109,Fast & Furious
Mar 27-29,2009,13,"$136,575,156",+46.6%,"$146,427,563",+38.9%,106,Monsters vs. Aliens
Mar 20-22,2009,12,"$93,174,791",+10.7%,"$105,454,531",+4.7%,109,Knowing2009 Re-release
Mar 13-15,2009,11,"$84,204,182",-13.8%,"$100,713,824",-13.8%,102,Race to Witch Mountain
Mar 6-8,2009,10,"$97,720,570",+21.4%,"$116,828,485",+4.7%,110,Watchmen
Feb 27-Mar 1,2009,9,"$80,508,972",-28.2%,"$111,557,492",-21.7%,99,Madea Goes to Jail
Feb 20-22,2009,8,"$112,141,559",-26.2%,"$142,472,042",-24.6%,95,Madea Goes to Jail
Feb 13-15,2009,7,"$151,899,971",+22.5%,"$188,927,999",+22.2%,93,Friday the 13th
Feb 13-16Presidents' Day wknd,2009,7,"$176,130,106",+31.7%,"$220,039,425",+31.4%,91,Friday the 13th
Feb 6-8,2009,6,"$124,041,046",+29.3%,"$154,595,414",+21.9%,93,He's Just Not That Into You
Jan 30-Feb 1,2009,5,"$95,933,299",-19.1%,"$126,798,123",-20.9%,93,Taken
Jan 23-25,2009,4,"$118,605,040",-23.2%,"$160,294,864",-16.9%,91,Paul Blart: Mall Cop
Jan 16-18,2009,3,"$154,456,350",+27.1%,"$192,904,086",+31.7%,90,Paul Blart: Mall Cop
Jan 16-19MLK wknd,2009,3,"$184,673,846",+21.9%,"$231,208,273",+23.6%,85,Paul Blart: Mall Cop
Jan 9-11,2009,2,"$121,541,116",-1.4%,"$146,505,600",-4.5%,92,Gran Torino
Jan 2-4,2009,1,"$123,210,617",-27.5%,"$153,373,765",-23.9%,89,Marley & Me
Dec 26-28,2008,52,"$169,982,431",+119.5%,"$201,594,006",+127.8%,85,Marley & Me
Dec 19-21,2008,51,"$77,424,767",-1.4%,"$88,506,299",-3.5%,92,Yes Man
Dec 12-14,2008,50,"$78,517,597",+6.9%,"$91,696,655",+11.2%,105,The Day the Earth Stood Still
Dec 5-7,2008,49,"$73,440,488",-51.8%,"$82,434,771",-49.3%,115,Four Christmases
Nov 28-30,2008,48,"$152,333,947",-1.6%,"$162,603,106",-1.3%,105,Four Christmases
Nov 27-30Thanksgiving 4-Day,2008,47,"$185,072,958",+9.4%,"$194,205,391",+0.3%,53,Four Christmases
Nov 26-30Thanksgiving 5-Day,2008,47,"$218,303,171",+9.1%,"$228,766,509",+0.2%,53,Four Christmases
Nov 21-23,2008,47,"$154,817,872",+14.9%,"$164,744,894",+10.8%,118,Twilight
Nov 14-16,2008,46,"$134,787,672",+9.2%,"$148,685,590",+4.3%,127,Quantum of Solace
Nov 7-9,2008,45,"$123,379,106",+78%,"$142,496,307",+62.5%,134,Madagascar: Escape 2 Africa
Oct 31-Nov 2,2008,44,"$69,307,204",-40.2%,"$87,673,009",-34.8%,140,High School Musical 3: Senior Year
Oct 24-26,2008,43,"$115,860,151",+44.8%,"$134,501,763",+34.2%,135,High School Musical 3: Senior Year
Oct 17-19,2008,42,"$79,992,286",-1%,"$100,261,162",-1.6%,131,Max Payne
Oct 10-12,2008,41,"$80,803,153",-10.8%,"$101,937,331",-10.3%,139,Beverly Hills Chihuahua
Oct 10-13Columbus Day wknd,2008,41,"$91,420,183",+27%,"$113,091,916",+22.6%,60,Beverly Hills Chihuahua
Oct 3-5,2008,40,"$90,629,110",+10.3%,"$113,697,851",+12.2%,126,Beverly Hills Chihuahua
Sep 26-28,2008,39,"$82,148,111",+12.8%,"$101,343,749",+13.5%,125,Eagle Eye
Sep 19-21,2008,38,"$72,805,930",-11.4%,"$89,307,263",-11.6%,137,Lakeview Terrace
Sep 12-14,2008,37,"$82,159,485",+77.3%,"$101,041,980",+48.6%,131,Burn After Reading
Sep 5-7,2008,36,"$46,350,874",-32.4%,"$68,005,476",-30.7%,126,Bangkok Dangerous
Aug 29-31,2008,35,"$68,515,837",-17.1%,"$98,191,562",-7.5%,121,Tropic Thunder
Aug 29-Sep 1Labor Day wknd,2008,35,"$85,925,307",-24.4%,"$123,794,714",-16.5%,120,Tropic Thunder
Aug 22-24,2008,34,"$82,667,170",-22.3%,"$106,158,138",-15.1%,120,Tropic Thunder
Aug 15-17,2008,33,"$106,423,430",-1.8%,"$125,105,639",+2.9%,123,Tropic Thunder
Aug 8-10,2008,32,"$108,322,998",-23.1%,"$121,575,179",-20.6%,123,The Dark Knight
Aug 1-3,2008,31,"$140,934,095",-17.4%,"$153,060,805",-15.4%,122,The Dark Knight
Jul 25-27,2008,30,"$170,701,895",-32%,"$180,876,759",-30.6%,120,The Dark Knight
Jul 18-20,2008,29,"$250,971,601",+79.4%,"$260,528,431",+72.1%,122,The Dark Knight
Jul 11-13,2008,28,"$139,919,684",-6.7%,"$151,360,113",-5.5%,127,Hellboy II: The Golden Army
Jul 4-6,2008,27,"$149,925,900",-15.3%,"$160,175,719",-13.6%,116,Hancock
Jun 27-29,2008,26,"$176,907,464",+30.2%,"$185,436,843",+29.5%,129,WALL·E
Jun 20-22,2008,25,"$135,822,136",-22.4%,"$143,215,343",-20.4%,123,Get Smart
Jun 13-15,2008,24,"$174,921,744",+3%,"$179,896,805",+2.5%,127,The Incredible Hulk
Jun 6-8,2008,23,"$169,909,290",+4.1%,"$175,464,379",+4.1%,123,Kung Fu Panda
May 30-Jun 1,2008,22,"$163,144,136",-2.1%,"$168,531,880",-2.2%,134,Sex and the City
May 23-25,2008,21,"$166,568,045",+33.5%,"$172,319,606",+30.1%,121,Indiana Jones and the Kingdom of the Crystal Skull
May 23-26Memorial Day wknd,2008,21,"$212,296,393",-13.1%,"$219,455,440",-14.1%,118,Indiana Jones and the Kingdom of the Crystal Skull
May 16-18,2008,20,"$124,788,668",+7.6%,"$132,484,294",+5.5%,135,The Chronicles of Narnia: Prince Caspian
May 9-11,2008,19,"$115,983,162",-21.9%,"$125,571,278",-21%,136,Iron Man
May 2-4,2008,18,"$148,431,129",+95.2%,"$159,000,645",+74.3%,135,Iron Man
Apr 25-27,2008,17,"$76,023,855",-4.6%,"$91,236,400",-2.8%,145,Baby Mama
Apr 18-20,2008,16,"$79,673,117",+2.4%,"$93,848,411",-1.4%,134,The Forbidden Kingdom
Apr 11-13,2008,15,"$77,792,738",+2.1%,"$95,162,842",-0.7%,125,Prom Night
Apr 4-6,2008,14,"$76,219,857",-10.9%,"$95,797,267",-10.4%,129,21
Mar 28-30,2008,13,"$85,512,670",-9.7%,"$106,960,934",-6.1%,123,21
Mar 21-24Easter wknd,2008,12,"$107,553,652",-9.2%,"$125,354,528",-9.5%,59,Horton Hears a Who!
Mar 21-23,2008,12,"$94,656,916",-7.1%,"$113,866,325",-5.7%,118,Horton Hears a Who!
Mar 14-16,2008,11,"$101,862,262",+17.2%,"$120,687,394",+12.4%,124,Horton Hears a Who!
Mar 7-9,2008,10,"$86,928,662",+17.7%,"$107,381,602",+9.9%,119,"10,000 BC"
Feb 29-Mar 2,2008,9,"$73,841,003",-13.3%,"$97,723,152",-11.5%,118,Semi-Pro
Feb 22-24,2008,8,"$85,162,089",-23.6%,"$110,410,094",-20.6%,114,Vantage Point
Feb 15-18Presidents' Day wknd,2008,7,"$133,761,458",-18%,"$167,469,892",-11.2%,100,Jumper
Feb 15-17,2008,7,"$111,505,912",+33.6%,"$139,052,789",+23.9%,99,Jumper
Feb 8-10,2008,6,"$83,480,396",-12%,"$112,262,045",-12.8%,107,Fool's Gold
Feb 1-3,2008,5,"$94,843,468",-13.1%,"$128,681,821",-10.7%,107,Hannah Montana and Miley Cyrus: Best of Both Worlds Concert
Jan 25-27,2008,4,"$109,183,558",-13.8%,"$144,150,492",-6.8%,108,Meet the Spartans
Jan 18-20,2008,3,"$126,624,750",+28.2%,"$154,669,517",+18.6%,101,Cloverfield
Jan 18-21MLK wknd,2008,3,"$151,470,763",+37.4%,"$187,094,009",+19.8%,95,Cloverfield
Jan 11-13,2008,2,"$98,786,197",-12.2%,"$130,426,078",-6.7%,98,The Bucket List
Jan 4-6,2008,1,"$112,470,805",-28.8%,"$139,793,714",-24.8%,89,National Treasure: Book of Secrets
