Dates,Year,Week,Top 10 Gross,%¡À LW,Overall Gross,%¡À LW.1,Releases,#1 Release,link
Oct 25-27,2019,43,"$89,886,989 ",-30.80%,"$101,696,881 ",-26.20%,52,Joker,/weekend/2019W43/?ref_=bo_wey_table_1
Oct 18-20,2019,42,"$129,825,817 ",-2.30%,"$137,773,594 ",-2.50%,108,Maleficent: Mistress of Evil,/weekend/2019W42/?ref_=bo_wey_table_2
Oct 11-14Columbus Day wknd,2019,41,"$152,832,766 ",-20.90%,"$161,043,554 ",-20.90%,59,Joker,/weekend/2019W41/occasion/us_columbusday_weekend/?ref_=bo_wey_table_4
Oct 4-6,2019,40,"$142,713,298 ",71.20%,"$150,554,448 ",59.30%,107,Joker,/weekend/2019W40/?ref_=bo_wey_table_5
Sep 27-29,2019,39,"$83,354,126 ",-26.50%,"$94,527,125 ",-23.40%,111,Abominable,/weekend/2019W39/?ref_=bo_wey_table_6
Sep 20-22,2019,38,"$113,373,910 ",16.80%,"$123,431,530 ",11.40%,106,Downton Abbey,/weekend/2019W38/?ref_=bo_wey_table_7
Sep 13-15,2019,37,"$97,031,904 ",-21.40%,"$110,793,852 ",-20%,106,It Chapter Two,/weekend/2019W37/?ref_=bo_wey_table_8
Sep 6-8,2019,36,"$123,496,912 ",93.20%,"$138,423,528 ",51%,92,It Chapter Two,/weekend/2019W36/?ref_=bo_wey_table_9
Aug 30-Sep 2Labor Day wknd,2019,35,"$84,263,777 ",-12.50%,"$120,764,143 ",-6.60%,82,Angel Has Fallen,/weekend/2019W35/occasion/us_laborday_weekend/?ref_=bo_wey_table_11
Aug 23-25,2019,34,"$87,899,112 ",-13.70%,"$108,764,687 ",-9.60%,98,Angel Has Fallen,/weekend/2019W34/?ref_=bo_wey_table_12
Aug 16-18,2019,33,"$101,857,634 ",-16%,"$120,307,107 ",-8.90%,101,Good Boys,/weekend/2019W33/?ref_=bo_wey_table_13
Aug 9-11,2019,32,"$121,235,199 ",-15.70%,"$132,104,260 ",-11.30%,92,Fast & Furious Presents: Hobbs & Shaw,/weekend/2019W32/?ref_=bo_wey_table_14
Aug 2-4,2019,31,"$143,893,312 ",-7.50%,"$148,998,871 ",-8.50%,97,Fast & Furious Presents: Hobbs & Shaw,/weekend/2019W31/?ref_=bo_wey_table_15
Jul 26-28,2019,30,"$155,622,904 ",-38.60%,"$162,868,015 ",-38.30%,97,The Lion King,/weekend/2019W30/?ref_=bo_wey_table_16
Jul 19-21,2019,29,"$253,574,574 ",122.20%,"$263,882,516 ",107.90%,102,The Lion King,/weekend/2019W29/?ref_=bo_wey_table_17
Jul 12-14,2019,28,"$114,124,922 ",-34.50%,"$126,932,873 ",-30.90%,103,Spider-Man: Far from Home,/weekend/2019W28/?ref_=bo_wey_table_18
Jul 5-7,2019,27,"$174,209,668 ",25.50%,"$183,814,074 ",21.10%,96,Spider-Man: Far from Home,/weekend/2019W27/?ref_=bo_wey_table_19
Jun 28-30,2019,26,"$138,825,078 ",-26.90%,"$151,841,304 ",-25.50%,96,Toy Story 4,/weekend/2019W26/?ref_=bo_wey_table_20
Jun 21-23,2019,25,"$189,899,923 ",53.60%,"$203,833,169 ",50%,102,Toy Story 4,/weekend/2019W25/?ref_=bo_wey_table_21
Jun 14-16,2019,24,"$123,601,448 ",-21.90%,"$135,914,033 ",-18%,100,Men in Black: International,/weekend/2019W24/?ref_=bo_wey_table_22
Jun 7-9,2019,23,"$158,327,825 ",-5.50%,"$165,733,750 ",-4.80%,101,The Secret Life of Pets 2,/weekend/2019W23/?ref_=bo_wey_table_23
May 31-Jun 2,2019,22,"$167,597,113 ",-3.20%,"$174,090,953 ",-3.90%,106,Godzilla: King of the Monsters,/weekend/2019W22/?ref_=bo_wey_table_24
May 24-27Memorial Day wknd,2019,21,"$220,383,863 ",1%,"$230,819,376 ",1.70%,97,Aladdin,/weekend/2019W21/occasion/us_memorialday_weekend/?ref_=bo_wey_table_25
May 17-19,2019,20,"$139,901,024 ",-12.70%,"$148,365,208 ",-11.80%,115,John Wick: Chapter 3 - Parabellum,/weekend/2019W20/?ref_=bo_wey_table_27
May 10-12,2019,19,"$160,271,263 ",-17.30%,"$168,253,370 ",-15.80%,113,Avengers: Endgame,/weekend/2019W19/?ref_=bo_wey_table_28
May 3-5,2019,18,"$193,910,218 ",-51.10%,"$199,858,498 ",-50.30%,113,Avengers: Endgame,/weekend/2019W18/?ref_=bo_wey_table_29
Apr 26-28,2019,17,"$396,469,872 ",316.10%,"$402,087,399 ",268.20%,114,Avengers: Endgame,/weekend/2019W17/?ref_=bo_wey_table_30
Apr 19-22Easter wknd,2019,16,"$106,099,675 ",-18.90%,"$121,560,823 ",-21.50%,74,The Curse of La Llorona,/weekend/2019W16/occasion/easter_weekend/?ref_=bo_wey_table_31
Apr 12-14,2019,15,"$100,437,182 ",-27.20%,"$111,173,940 ",-24.30%,119,Shazam!,/weekend/2019W15/?ref_=bo_wey_table_33
Apr 5-7,2019,14,"$137,908,217 ",6.50%,"$146,937,939 ",6.60%,117,Shazam!,/weekend/2019W14/?ref_=bo_wey_table_34
Mar 29-31,2019,13,"$129,484,146 ",-7%,"$137,830,324 ",-7.40%,120,Dumbo,/weekend/2019W13/?ref_=bo_wey_table_35
Mar 22-24,2019,12,"$139,284,316 ",10.20%,"$148,803,456 ",6.40%,117,Us,/weekend/2019W12/?ref_=bo_wey_table_36
Mar 15-17,2019,11,"$126,418,468 ",-36.20%,"$139,804,590 ",-33.60%,122,Captain Marvel,/weekend/2019W11/?ref_=bo_wey_table_37
Mar 8-10,2019,10,"$198,063,125 ",109.90%,"$210,564,349 ",81.60%,107,Captain Marvel,/weekend/2019W10/?ref_=bo_wey_table_38
Mar 1-3,2019,9,"$94,364,496 ",-14.70%,"$115,975,923 ",-9.40%,114,How to Train Your Dragon: The Hidden World,/weekend/2019W09/?ref_=bo_wey_table_39
Feb 22-24,2019,8,"$110,669,509 ",5.20%,"$127,999,939 ",1.40%,88,How to Train Your Dragon: The Hidden World,/weekend/2019W08/?ref_=bo_wey_table_40
Feb 15-18Presidents' Day wknd,2019,7,"$126,415,385 ",-60.90%,"$152,447,001 ",-55.90%,86,Alita: Battle Angel,/weekend/2019W07/occasion/us_presidentsday_weekend/?ref_=bo_wey_table_42
Feb 8-10,2019,6,"$95,027,517 ",82.40%,"$115,811,896 ",57.60%,93,The Lego Movie 2: The Second Part,/weekend/2019W06/?ref_=bo_wey_table_43
Feb 1-3,2019,5,"$52,087,190 ",-29.40%,"$73,462,968 ",-29%,85,Glass,/weekend/2019W05/?ref_=bo_wey_table_44
Jan 25-27,2019,4,"$73,819,238 ",-32.60%,"$103,503,701 ",-20.20%,82,Glass,/weekend/2019W04/?ref_=bo_wey_table_45
Jan 18-21MLK wknd,2019,3,"$134,433,589 ",-15.30%,"$162,367,073 ",-17.10%,69,Glass,/weekend/2019W03/occasion/us_mlkday_weekend/?ref_=bo_wey_table_46
Jan 11-13,2019,2,"$96,775,974 ",-18.70%,"$119,640,159 ",-13.80%,86,The Upside,/weekend/2019W02/?ref_=bo_wey_table_48
Jan 4-6,2019,1,"$119,007,739 ",-28.20%,"$138,872,261 ",-26.20%,89,Aquaman,/weekend/2019W01/?ref_=bo_wey_table_49
"Dec 28-Jan 1, 2019New Year's long wknd",2018,52,"$254,547,234 ",12.60%,"$288,846,349 ",14%,53,Aquaman,/weekend/2018W52/occasion/us_newyear_weekend/?ref_=bo_wey_table_1
Dec 21-25Christmas long wknd,2018,51,"$260,363,074 ",10.10%,"$291,020,519 ",12.10%,60,Aquaman,/weekend/2018W51/occasion/us_christmas_weekend/?ref_=bo_wey_table_3
Dec 14-16,2018,50,"$101,640,559 ",37.60%,"$120,463,418 ",40.40%,100,Spider-Man: Into the Spider-Verse,/weekend/2018W50/?ref_=bo_wey_table_5
Dec 7-9,2018,49,"$73,877,715 ",-30.40%,"$85,822,147 ",-28.30%,100,Ralph Breaks the Internet,/weekend/2018W49/?ref_=bo_wey_table_6
Nov 30-Dec 2,2018,48,"$106,190,738 ",-47.90%,"$119,701,329 ",-44.70%,104,Ralph Breaks the Internet,/weekend/2018W48/?ref_=bo_wey_table_7
Nov 21-25Thanksgiving 5-Day,2018,47,"$298,630,062 ",16.90%,"$314,861,631 ",17.70%,64,Ralph Breaks the Internet,/weekend/2018W46/occasion/us_thanksgiving_5/?ref_=bo_wey_table_10
Nov 16-18,2018,46,"$161,437,498 ",5.80%,"$174,705,199 ",3.80%,107,Fantastic Beasts: The Crimes of Grindelwald,/weekend/2018W46/?ref_=bo_wey_table_11
Nov 9-11,2018,45,"$152,580,543 ",17.90%,"$168,344,121 ",15.40%,113,The Grinch,/weekend/2018W45/?ref_=bo_wey_table_12
Nov 2-4,2018,44,"$129,384,786 ",42.20%,"$145,822,119 ",38%,119,Bohemian Rhapsody,/weekend/2018W44/?ref_=bo_wey_table_13
Oct 26-28,2018,43,"$90,992,092 ",-41.70%,"$105,667,363 ",-36.40%,119,Halloween,/weekend/2018W43/?ref_=bo_wey_table_14
Oct 19-21,2018,42,"$155,990,869 ",23.70%,"$166,083,062 ",21.50%,111,Halloween,/weekend/2018W42/?ref_=bo_wey_table_15
Oct 12-14,2018,41,"$126,136,778 ",-25.40%,"$136,738,283 ",-23.60%,126,Venom,/weekend/2018W41/?ref_=bo_wey_table_16
Oct 5-8Columbus Day wknd,2018,40,"$193,103,101 ",72.20%,"$203,648,461 ",68.20%,74,Venom,/weekend/2018W40/occasion/us_columbusday_weekend/?ref_=bo_wey_table_17
Sep 28-30,2018,39,"$92,141,186 ",17.70%,"$106,442,479 ",15.30%,130,Night School,/weekend/2018W39/?ref_=bo_wey_table_19
Sep 21-23,2018,38,"$78,315,568 ",-16.70%,"$92,316,508 ",-15.40%,124,The House with a Clock in Its Walls,/weekend/2018W38/?ref_=bo_wey_table_20
Sep 14-16,2018,37,"$94,001,600 ",-11.60%,"$109,133,476 ",-9.90%,130,The Predator,/weekend/2018W37/?ref_=bo_wey_table_21
Sep 7-9,2018,36,"$106,333,196 ",44.10%,"$121,114,594 ",21.90%,112,The Nun,/weekend/2018W36/?ref_=bo_wey_table_22
Aug 31-Sep 3Labor Day wknd,2018,35,"$96,296,736 ",56.10%,"$129,333,336 ",32.20%,95,Crazy Rich Asians,/weekend/2018W35/occasion/us_laborday_weekend/?ref_=bo_wey_table_23
Aug 24-26,2018,34,"$84,558,009 ",-23.60%,"$103,657,410 ",-19.90%,113,Crazy Rich Asians,/weekend/2018W34/?ref_=bo_wey_table_25
Aug 17-19,2018,33,"$110,718,157 ",-12.80%,"$129,469,267 ",-12.10%,114,Crazy Rich Asians,/weekend/2018W33/?ref_=bo_wey_table_26
Aug 10-12,2018,32,"$126,978,553 ",6%,"$147,302,462 ",5.40%,100,The Meg,/weekend/2018W32/?ref_=bo_wey_table_27
Aug 3-5,2018,31,"$119,739,621 ",-16.50%,"$139,748,359 ",-10.80%,108,Mission: Impossible - Fallout,/weekend/2018W31/?ref_=bo_wey_table_28
Jul 27-29,2018,30,"$143,331,278 ",-8.90%,"$156,588,266 ",-9.30%,111,Mission: Impossible - Fallout,/weekend/2018W30/?ref_=bo_wey_table_29
Jul 20-22,2018,29,"$157,376,958 ",2.20%,"$172,609,113 ",4%,101,The Equalizer 2,/weekend/2018W29/?ref_=bo_wey_table_30
Jul 13-15,2018,28,"$154,037,869 ",-12.90%,"$166,028,564 ",-12%,102,Hotel Transylvania 3: Summer Vacation,/weekend/2018W28/?ref_=bo_wey_table_31
Jul 6-8,2018,27,"$176,800,250 ",5.70%,"$188,609,905 ",4.90%,102,Ant-Man and the Wasp,/weekend/2018W27/?ref_=bo_wey_table_32
Jun 29-Jul 1,2018,26,"$167,201,140 ",-37.90%,"$179,844,255 ",-35.20%,108,Jurassic World: Fallen Kingdom,/weekend/2018W26/?ref_=bo_wey_table_33
Jun 22-24,2018,25,"$269,388,336 ",4.20%,"$277,365,758 ",2.30%,103,Jurassic World: Fallen Kingdom,/weekend/2018W25/?ref_=bo_wey_table_34
Jun 15-17,2018,24,"$258,481,930 ",135.70%,"$271,034,765 ",125.30%,104,Incredibles 2,/weekend/2018W24/?ref_=bo_wey_table_35
Jun 8-10,2018,23,"$109,660,193 ",13%,"$120,294,762 ",12.70%,112,Ocean's Eight,/weekend/2018W23/?ref_=bo_wey_table_36
Jun 1-3,2018,22,"$97,051,566 ",-44.60%,"$106,760,099 ",-41.40%,115,Solo: A Star Wars Story,/weekend/2018W22/?ref_=bo_wey_table_37
May 25-28Memorial Day wknd,2018,21,"$218,126,709 ",28.50%,"$227,018,880 ",25.70%,108,Solo: A Star Wars Story,/weekend/2018W21/occasion/us_memorialday_weekend/?ref_=bo_wey_table_39
May 18-20,2018,20,"$200,438,167 ",58.20%,"$209,967,303 ",50.90%,122,Deadpool 2,/weekend/2018W20/?ref_=bo_wey_table_40
May 11-13,2018,19,"$126,696,435 ",-20.30%,"$139,103,219 ",-18%,122,Avengers: Infinity War,/weekend/2018W19/?ref_=bo_wey_table_41
May 4-6,2018,18,"$158,985,116 ",-47.50%,"$169,550,312 ",-46%,115,Avengers: Infinity War,/weekend/2018W18/?ref_=bo_wey_table_42
Apr 27-29,2018,17,"$303,012,371 ",184.20%,"$313,937,789 ",149.60%,125,Avengers: Infinity War,/weekend/2018W17/?ref_=bo_wey_table_43
Apr 20-22,2018,16,"$106,600,851 ",-19.10%,"$125,778,372 ",-16.20%,121,A Quiet Place,/weekend/2018W16/?ref_=bo_wey_table_44
Apr 13-15,2018,15,"$131,792,250 ",-6.40%,"$150,160,537 ",-8.50%,117,Rampage,/weekend/2018W15/?ref_=bo_wey_table_45
Apr 6-8,2018,14,"$140,865,614 ",22.20%,"$164,133,343 ",19.60%,116,A Quiet Place,/weekend/2018W14/?ref_=bo_wey_table_46
Mar 30-Apr 2Easter wknd,2018,13,"$130,872,272 ",-24.50%,"$154,921,251 ",-16.90%,59,Ready Player One,/weekend/2018W13/occasion/easter_weekend/?ref_=bo_wey_table_47
Mar 23-25,2018,12,"$108,669,222 ",-8.50%,"$130,423,221 ",-1.80%,114,Pacific Rim: Uprising,/weekend/2018W12/?ref_=bo_wey_table_49
Mar 16-18,2018,11,"$118,810,762 ",-3.50%,"$132,848,455 ",-4.90%,114,Black Panther,/weekend/2018W11/?ref_=bo_wey_table_50
Mar 9-11,2018,10,"$123,134,923 ",-8.30%,"$139,696,317 ",-6.30%,112,Black Panther,/weekend/2018W10/?ref_=bo_wey_table_51
Mar 2-4,2018,9,"$134,280,505 ",-24.20%,"$149,122,522 ",-23.80%,115,Black Panther,/weekend/2018W09/?ref_=bo_wey_table_52
Feb 23-25,2018,8,"$177,068,935 ",-33.80%,"$195,707,999 ",-31.80%,110,Black Panther,/weekend/2018W08/?ref_=bo_wey_table_53
Feb 16-19Presidents' Day wknd,2018,7,"$323,004,490 ",107.30%,"$346,075,601 ",90.50%,91,Black Panther,/weekend/2018W07/occasion/us_presidentsday_weekend/?ref_=bo_wey_table_54
Feb 9-11,2018,6,"$113,834,248 ",73.20%,"$141,457,633 ",48.90%,105,Fifty Shades Freed,/weekend/2018W06/?ref_=bo_wey_table_56
Feb 2-4,2018,5,"$65,718,354 ",-35.90%,"$94,988,230 ",-33.60%,102,Jumanji: Welcome to the Jungle,/weekend/2018W05/?ref_=bo_wey_table_57
Jan 26-28,2018,4,"$102,483,376 ",-1.60%,"$142,985,855 ",5.40%,104,Maze Runner: The Death Cure,/weekend/2018W04/?ref_=bo_wey_table_58
Jan 19-21,2018,3,"$104,176,178 ",-19.40%,"$135,628,208 ",-14.80%,103,Jumanji: Welcome to the Jungle,/weekend/2018W03/?ref_=bo_wey_table_59
Jan 12-15MLK wknd,2018,2,"$158,634,790 ",7.40%,"$195,812,771 ",5.70%,76,Jumanji: Welcome to the Jungle,/weekend/2018W02/occasion/us_mlkday_weekend/?ref_=bo_wey_table_61
Jan 5-7,2018,1,"$144,171,701 ",-16.80%,"$165,531,482 ",-14.70%,89,Jumanji: Welcome to the Jungle,/weekend/2018W01/?ref_=bo_wey_table_62
"Dec 29-Jan 1, 2018New Year's long wknd",2017,52,"$226,045,913 ",2.60%,"$253,441,683 ",2.70%,67,Star Wars: Episode VIII - The Last Jedi,/weekend/2017W52/occasion/us_newyear_weekend/?ref_=bo_wey_table_2
Dec 22-25Christmas long wknd,2017,51,"$236,559,567 ",-5.60%,"$259,567,981 ",-5.50%,62,Star Wars: Episode VIII - The Last Jedi,/weekend/2017W51/occasion/us_christmas_weekend/?ref_=bo_wey_table_3
Dec 15-17,2017,50,"$267,186,366 ",278.20%,"$278,067,957 ",227.60%,86,Star Wars: Episode VIII - The Last Jedi,/weekend/2017W50/?ref_=bo_wey_table_5
Dec 8-10,2017,49,"$70,644,026 ",-27%,"$84,873,861 ",-19.30%,108,Coco,/weekend/2017W49/?ref_=bo_wey_table_6
Dec 1-3,2017,48,"$96,708,952 ",15.50%,"$105,185,400 ",9.80%,110,Coco,/weekend/2017W48/?ref_=bo_wey_table_7
Nov 22-26Thanksgiving 5-Day,2017,47,"$255,508,291 ",4.80%,"$267,474,764 ",2.60%,61,Coco,/weekend/2017W46/occasion/us_thanksgiving_5/?ref_=bo_wey_table_10
Nov 17-19,2017,46,"$192,816,366 ",39.90%,"$199,223,159 ",31.40%,111,Justice League,/weekend/2017W46/?ref_=bo_wey_table_11
Nov 10-12,2017,45,"$137,873,693 ",-16.30%,"$151,562,937 ",-15.90%,124,Thor: Ragnarok,/weekend/2017W45/?ref_=bo_wey_table_12
Nov 3-5,2017,44,"$164,643,982 ",184.40%,"$180,275,276 ",134.60%,126,Thor: Ragnarok,/weekend/2017W44/?ref_=bo_wey_table_13
Oct 27-29,2017,43,"$57,899,380 ",-24.20%,"$76,856,088 ",-19.90%,128,Jigsaw,/weekend/2017W43/?ref_=bo_wey_table_14
Oct 20-22,2017,42,"$76,408,192 ",-13.90%,"$95,980,741 ",-4.50%,137,Boo 2! A Madea Halloween,/weekend/2017W42/?ref_=bo_wey_table_15
Oct 13-15,2017,41,"$88,765,700 ",-8.50%,"$100,461,379 ",-4.80%,135,Happy Death Day,/weekend/2017W41/?ref_=bo_wey_table_16
Oct 6-8,2017,40,"$97,001,069 ",20.90%,"$105,557,205 ",16.20%,132,Blade Runner 2049,/weekend/2017W40/?ref_=bo_wey_table_17
Sep 29-Oct 1,2017,39,"$80,260,428 ",-26%,"$90,846,336 ",-23%,131,Kingsman: The Golden Circle,/weekend/2017W39/?ref_=bo_wey_table_19
Sep 22-24,2017,38,"$108,472,634 ",6.80%,"$117,918,784 ",5.10%,131,Kingsman: The Golden Circle,/weekend/2017W38/?ref_=bo_wey_table_20
Sep 15-17,2017,37,"$101,574,131 ",-33.60%,"$112,222,203 ",-31.60%,143,It,/weekend/2017W37/?ref_=bo_wey_table_21
Sep 8-10,2017,36,"$153,028,668 ",213.20%,"$164,044,803 ",111.30%,135,It,/weekend/2017W36/?ref_=bo_wey_table_22
Sep 1-4Labor Day wknd,2017,35,"$61,708,167 ",-28%,"$97,866,622 ",-23.80%,121,The Hitman's Bodyguard,/weekend/2017W35/occasion/us_laborday_weekend/?ref_=bo_wey_table_23
Aug 25-27,2017,34,"$46,116,140 ",-39.10%,"$69,312,122 ",-28.20%,130,The Hitman's Bodyguard,/weekend/2017W34/?ref_=bo_wey_table_25
Aug 18-20,2017,33,"$75,677,045 ",-20.50%,"$96,486,715 ",-17.50%,124,The Hitman's Bodyguard,/weekend/2017W33/?ref_=bo_wey_table_26
Aug 11-13,2017,32,"$95,249,031 ",-9.70%,"$116,913,742 ",-4.80%,123,Annabelle: Creation,/weekend/2017W32/?ref_=bo_wey_table_27
Aug 4-6,2017,31,"$105,440,174 ",-21.40%,"$122,787,940 ",-15%,106,The Dark Tower,/weekend/2017W31/?ref_=bo_wey_table_28
Jul 28-30,2017,30,"$134,073,732 ",-22.50%,"$144,397,313 ",-20.10%,122,Dunkirk,/weekend/2017W30/?ref_=bo_wey_table_29
Jul 21-23,2017,29,"$172,931,486 ",10.80%,"$180,801,251 ",10.70%,114,Dunkirk,/weekend/2017W29/?ref_=bo_wey_table_30
Jul 14-16,2017,28,"$156,068,438 ",-21.30%,"$163,324,876 ",-20.90%,109,War for the Planet of the Apes,/weekend/2017W28/?ref_=bo_wey_table_31
Jul 7-9,2017,27,"$198,323,345 ",26.20%,"$206,488,903 ",21.50%,109,Spider-Man: Homecoming,/weekend/2017W27/?ref_=bo_wey_table_32
Jun 30-Jul 4July 4th long wknd,2017,26,"$221,241,108 ",1.50%,"$239,317,563 ",3.50%,77,Despicable Me 3,/weekend/2017W26/occasion/us_july4_weekend/?ref_=bo_wey_table_33
Jun 23-25,2017,25,"$130,023,273 ",-27.30%,"$140,826,843 ",-26.10%,109,Transformers: The Last Knight,/weekend/2017W25/?ref_=bo_wey_table_35
Jun 16-18,2017,24,"$178,932,468 ",30.30%,"$190,580,340 ",32.20%,115,Cars 3,/weekend/2017W24/?ref_=bo_wey_table_36
Jun 9-11,2017,23,"$137,307,539 ",-23.30%,"$144,176,376 ",-22.40%,108,Wonder Woman,/weekend/2017W23/?ref_=bo_wey_table_37
Jun 2-4,2017,22,"$179,022,383 ",33.60%,"$185,842,459 ",30.60%,110,Wonder Woman,/weekend/2017W22/?ref_=bo_wey_table_38
May 26-29Memorial Day wknd,2017,21,"$169,805,597 ",-13.80%,"$180,565,176 ",-12.10%,88,Pirates of the Caribbean: Dead Men Tell No Tales,/weekend/2017W21/occasion/us_memorialday_weekend/?ref_=bo_wey_table_39
May 19-21,2017,20,"$115,331,687 ",-7.40%,"$124,441,368 ",-8.50%,111,Alien: Covenant,/weekend/2017W20/?ref_=bo_wey_table_41
May 12-14,2017,19,"$124,517,741 ",-32.50%,"$136,001,326 ",-30.30%,114,Guardians of the Galaxy Vol. 2,/weekend/2017W19/?ref_=bo_wey_table_42
May 5-7,2017,18,"$184,356,127 ",128.20%,"$195,098,085 ",95.50%,109,Guardians of the Galaxy Vol. 2,/weekend/2017W18/?ref_=bo_wey_table_43
Apr 28-30,2017,17,"$80,793,191 ",-11.10%,"$99,778,230 ",-7.30%,112,The Fate of the Furious,/weekend/2017W17/?ref_=bo_wey_table_44
Apr 21-23,2017,16,"$90,926,040 ",-41.70%,"$107,650,168 ",-36.20%,110,The Fate of the Furious,/weekend/2017W16/?ref_=bo_wey_table_45
Apr 14-17Easter wknd,2017,15,"$173,236,946 ",-35.90%,"$186,508,700 ",-33%,50,The Fate of the Furious,/weekend/2017W15/occasion/easter_weekend/?ref_=bo_wey_table_46
Apr 7-9,2017,14,"$106,287,914 ",-34.20%,"$120,077,853 ",-29.20%,103,The Boss Baby,/weekend/2017W14/?ref_=bo_wey_table_48
Mar 31-Apr 2,2017,13,"$161,650,523 ",-16.10%,"$169,546,152 ",-16.10%,100,The Boss Baby,/weekend/2017W13/?ref_=bo_wey_table_49
Mar 24-26,2017,12,"$192,647,503 ",-23.60%,"$202,066,084 ",-22.50%,100,Beauty and the Beast,/weekend/2017W12/?ref_=bo_wey_table_50
Mar 17-19,2017,11,"$252,225,276 ",68.90%,"$260,823,456 ",59%,103,Beauty and the Beast,/weekend/2017W11/?ref_=bo_wey_table_51
Mar 10-12,2017,10,"$149,362,845 ",-11.10%,"$163,997,836 ",-13.50%,107,Kong: Skull Island,/weekend/2017W10/?ref_=bo_wey_table_52
Mar 3-5,2017,9,"$168,014,995 ",61.80%,"$189,697,727 ",52.80%,100,Logan,/weekend/2017W09/?ref_=bo_wey_table_53
Feb 24-26,2017,8,"$103,860,378 ",-19.40%,"$124,126,169 ",-17.60%,87,Get Out,/weekend/2017W08/?ref_=bo_wey_table_54
Feb 17-20Presidents' Day wknd,2017,7,"$155,796,460 ",-37.90%,"$181,705,870 ",-34.80%,68,The Lego Batman Movie,/weekend/2017W07/occasion/us_presidentsday_weekend/?ref_=bo_wey_table_55
Feb 10-12,2017,6,"$171,094,497 ",126.10%,"$188,591,354 ",90%,87,The Lego Batman Movie,/weekend/2017W06/?ref_=bo_wey_table_57
Feb 3-5,2017,5,"$75,662,315 ",-32.20%,"$99,239,960 ",-30.10%,97,Split,/weekend/2017W05/?ref_=bo_wey_table_58
Jan 27-29,2017,4,"$111,650,133 ",-7.10%,"$141,980,332 ",-2.10%,85,Split,/weekend/2017W04/?ref_=bo_wey_table_59
Jan 20-22,2017,3,"$120,214,041 ",1%,"$145,007,859 ",-2.90%,89,Split,/weekend/2017W03/?ref_=bo_wey_table_60
Jan 13-16MLK wknd,2017,2,"$147,714,852 ",-15.70%,"$185,210,740 ",-7.70%,66,Hidden Figures,/weekend/2017W02/occasion/us_mlkday_weekend/?ref_=bo_wey_table_62
Jan 6-8,2017,1,"$120,491,633 ",-27.60%,"$137,405,045 ",-26.40%,88,Hidden Figures,/weekend/2017W01/?ref_=bo_wey_table_63
"Dec 30-Jan 2, 2017New Year's long wknd",2016,53,"$220,396,876 ",-7.30%,"$246,770,071 ",-11.10%,68,Rogue One: A Star Wars Story,/weekend/2016W53/occasion/us_newyear_weekend/?ref_=bo_wey_table_2
Dec 23-26Christmas long wknd,2016,52,"$250,611,546 ",47.70%,"$274,763,402 ",34.10%,67,Rogue One: A Star Wars Story,/weekend/2016W52/occasion/us_christmas_weekend/?ref_=bo_wey_table_3
Dec 16-18,2016,51,"$203,485,726 ",184.30%,"$211,583,035 ",152.70%,99,Rogue One: A Star Wars Story,/weekend/2016W51/?ref_=bo_wey_table_5
Dec 9-11,2016,50,"$71,566,771 ",-14.50%,"$83,717,240 ",-12.60%,114,Moana,/weekend/2016W50/?ref_=bo_wey_table_6
Dec 2-4,2016,49,"$83,749,622 ",-50.90%,"$95,805,897 ",-48%,131,Moana,/weekend/2016W49/?ref_=bo_wey_table_7
Nov 23-27Thanksgiving 5-Day,2016,48,"$243,739,138 ",2.40%,"$260,702,622 ",1.50%,56,Moana,/weekend/2016W47/occasion/us_thanksgiving_5/?ref_=bo_wey_table_10
Nov 18-20,2016,47,"$146,558,755 ",0.50%,"$157,984,223 ",-0.30%,121,Fantastic Beasts and Where to Find Them,/weekend/2016W47/?ref_=bo_wey_table_11
Nov 11-13,2016,46,"$145,898,093 ",-19.20%,"$158,440,850 ",-17.30%,122,Doctor Strange,/weekend/2016W46/?ref_=bo_wey_table_12
Nov 4-6,2016,45,"$180,664,140 ",143.50%,"$191,568,495 ",115.70%,123,Doctor Strange,/weekend/2016W45/?ref_=bo_wey_table_13
Oct 28-30,2016,44,"$74,204,699 ",-32%,"$88,827,696 ",-28.90%,123,Boo! A Madea Halloween,/weekend/2016W44/?ref_=bo_wey_table_14
Oct 21-23,2016,43,"$109,125,994 ",28.40%,"$125,010,284 ",26.30%,132,Boo! A Madea Halloween,/weekend/2016W43/?ref_=bo_wey_table_15
Oct 14-16,2016,42,"$84,988,876 ",-8.70%,"$98,992,813 ",-5.10%,127,The Accountant,/weekend/2016W42/?ref_=bo_wey_table_16
Oct 7-10Columbus Day wknd,2016,41,"$106,770,187 ",-12.70%,"$117,974,034 ",-11.40%,69,The Girl on the Train,/weekend/2016W41/occasion/us_columbusday_weekend/?ref_=bo_wey_table_18
Sep 30-Oct 2,2016,40,"$102,190,772 ",10.10%,"$114,916,308 ",10.40%,136,Miss Peregrine's Home for Peculiar Children,/weekend/2016W40/?ref_=bo_wey_table_19
Sep 23-25,2016,39,"$92,840,344 ",30.60%,"$104,137,992 ",15.70%,134,The Magnificent Seven,/weekend/2016W39/?ref_=bo_wey_table_20
Sep 16-18,2016,38,"$71,090,385 ",-11.50%,"$90,021,653 ",-10.70%,126,Sully,/weekend/2016W38/?ref_=bo_wey_table_21
Sep 9-11,2016,37,"$80,346,710 ",20.10%,"$100,848,825 ",0.70%,122,Sully,/weekend/2016W37/?ref_=bo_wey_table_22
Sep 2-5Labor Day wknd,2016,36,"$85,743,900 ",9.80%,"$128,361,944 ",9.80%,98,Don't Breathe,/weekend/2016W36/occasion/us_laborday_weekend/?ref_=bo_wey_table_24
Aug 26-28,2016,35,"$91,226,565 ",-18.80%,"$117,321,334 ",-11.20%,107,Don't Breathe,/weekend/2016W35/?ref_=bo_wey_table_25
Aug 19-21,2016,34,"$112,417,199 ",-26.90%,"$132,091,889 ",-23.30%,111,Suicide Squad,/weekend/2016W34/?ref_=bo_wey_table_26
Aug 12-14,2016,33,"$153,823,583 ",-29.40%,"$172,300,640 ",-24.70%,113,Suicide Squad,/weekend/2016W33/?ref_=bo_wey_table_27
Aug 5-7,2016,32,"$217,747,182 ",24.50%,"$228,766,926 ",20.40%,101,Suicide Squad,/weekend/2016W32/?ref_=bo_wey_table_28
Jul 29-31,2016,31,"$174,855,310 ",-2%,"$190,037,811 ",-3.10%,103,Jason Bourne,/weekend/2016W31/?ref_=bo_wey_table_29
Jul 22-24,2016,30,"$178,420,955 ",17.80%,"$196,083,640 ",20.20%,103,Star Trek Beyond,/weekend/2016W30/?ref_=bo_wey_table_30
Jul 15-17,2016,29,"$151,409,743 ",-26.50%,"$163,103,247 ",-25%,110,The Secret Life of Pets,/weekend/2016W29/?ref_=bo_wey_table_31
Jul 8-10,2016,28,"$205,989,677 ",14.70%,"$217,491,665 ",14.10%,100,The Secret Life of Pets,/weekend/2016W28/?ref_=bo_wey_table_32
Jul 1-4July 4th long wknd,2016,27,"$218,013,006 ",-2%,"$231,141,103 ",-4.30%,85,Finding Dory,/weekend/2016W27/occasion/us_july4_weekend/?ref_=bo_wey_table_33
Jun 24-26,2016,26,"$177,111,633 ",-20.60%,"$188,682,746 ",-19.10%,105,Finding Dory,/weekend/2016W26/?ref_=bo_wey_table_35
Jun 17-19,2016,25,"$223,184,760 ",59.90%,"$233,178,561 ",52.60%,99,Finding Dory,/weekend/2016W25/?ref_=bo_wey_table_36
Jun 10-12,2016,24,"$139,567,249 ",12.80%,"$152,792,949 ",13.20%,107,The Conjuring 2,/weekend/2016W24/?ref_=bo_wey_table_37
Jun 3-5,2016,23,"$123,684,021 ",-21.40%,"$134,999,656 ",-17.80%,102,Teenage Mutant Ninja Turtles: Out of the Shadows,/weekend/2016W23/?ref_=bo_wey_table_38
May 27-30Memorial Day wknd,2016,22,"$196,994,624 ",7.70%,"$205,474,478 ",5.50%,88,X-Men: Apocalypse,/weekend/2016W22/occasion/us_memorialday_weekend/?ref_=bo_wey_table_39
May 20-22,2016,21,"$128,324,753 ",4.30%,"$137,158,400 ",4.80%,125,The Angry Birds Movie,/weekend/2016W21/?ref_=bo_wey_table_41
May 13-15,2016,20,"$123,025,320 ",-47.10%,"$130,908,594 ",-45.30%,119,Captain America: Civil War,/weekend/2016W20/?ref_=bo_wey_table_42
May 6-8,2016,19,"$232,395,976 ",139.70%,"$239,468,632 ",120.50%,114,Captain America: Civil War,/weekend/2016W19/?ref_=bo_wey_table_43
Apr 29-May 1,2016,18,"$96,937,478 ",-17.60%,"$108,604,032 ",-15.40%,114,The Jungle Book,/weekend/2016W18/?ref_=bo_wey_table_44
Apr 22-24,2016,17,"$117,626,464 ",-28.70%,"$128,304,144 ",-27.40%,115,The Jungle Book,/weekend/2016W17/?ref_=bo_wey_table_45
Apr 15-17,2016,16,"$165,029,225 ",81.10%,"$176,691,491 ",67.90%,118,The Jungle Book,/weekend/2016W16/?ref_=bo_wey_table_46
Apr 8-10,2016,15,"$91,145,188 ",-23.10%,"$105,246,691 ",-19.60%,119,The Boss,/weekend/2016W15/?ref_=bo_wey_table_47
Apr 1-3,2016,14,"$118,559,272 ",-51.30%,"$130,889,005 ",-48.10%,114,Batman v Superman: Dawn of Justice,/weekend/2016W14/?ref_=bo_wey_table_48
Mar 25-28Easter wknd,2016,13,"$270,066,590 ",12.10%,"$278,486,400 ",12.70%,54,Batman v Superman: Dawn of Justice,/weekend/2016W13/occasion/easter_weekend/?ref_=bo_wey_table_49
Mar 18-20,2016,12,"$115,774,645 ",-2%,"$131,307,311 ",-3%,121,Zootopia,/weekend/2016W12/?ref_=bo_wey_table_51
Mar 11-13,2016,11,"$118,186,835 ",-17.10%,"$135,301,106 ",-16.20%,111,Zootopia,/weekend/2016W11/?ref_=bo_wey_table_52
Mar 4-6,2016,10,"$142,568,989 ",56.20%,"$161,499,059 ",43.70%,99,Zootopia,/weekend/2016W10/?ref_=bo_wey_table_53
Feb 26-28,2016,9,"$91,278,176 ",-24.60%,"$112,386,016 ",-20.80%,91,Deadpool,/weekend/2016W09/?ref_=bo_wey_table_54
Feb 19-21,2016,8,"$121,119,706 ",-43.90%,"$141,851,056 ",-40.70%,106,Deadpool,/weekend/2016W08/?ref_=bo_wey_table_55
Feb 12-15Presidents' Day wknd,2016,7,"$250,977,099 ",11%,"$278,484,327 ",12.70%,87,Deadpool,/weekend/2016W07/occasion/us_presidentsday_weekend/?ref_=bo_wey_table_56
Feb 5-7,2016,6,"$75,395,999 ",-36.30%,"$95,508,876 ",-31.40%,100,Kung Fu Panda 3,/weekend/2016W06/?ref_=bo_wey_table_58
Jan 29-31,2016,5,"$118,353,833 ",23.60%,"$139,252,676 ",22.60%,99,Kung Fu Panda 3,/weekend/2016W05/?ref_=bo_wey_table_59
Jan 22-24,2016,4,"$95,736,903 ",-34.20%,"$113,596,503 ",-31.60%,87,The Revenant,/weekend/2016W04/?ref_=bo_wey_table_60
Jan 15-18MLK wknd,2016,3,"$175,297,289 ",-20.60%,"$200,759,295 ",-20%,57,Ride Along 2,/weekend/2016W03/occasion/us_mlkday_weekend/?ref_=bo_wey_table_62
Jan 8-10,2016,2,"$142,912,699 ",-28%,"$159,323,600 ",-27.40%,91,Star Wars: Episode VII - The Force Awakens,/weekend/2016W02/?ref_=bo_wey_table_63
Jan 1-3,2016,1,"$198,537,624 ",-27.30%,"$219,510,014 ",-26%,82,Star Wars: Episode VII - The Force Awakens,/weekend/2016W01/?ref_=bo_wey_table_64
Dec 25-27,2015,52,"$273,024,546 ",-9.80%,"$296,447,415 ",-5.40%,72,Star Wars: Episode VII - The Force Awakens,/weekend/2015W52/?ref_=bo_wey_table_1
Dec 18-20,2015,51,"$302,697,164 ",353.80%,"$313,284,961 ",304.50%,86,Star Wars: Episode VII - The Force Awakens,/weekend/2015W51/?ref_=bo_wey_table_2
Dec 11-13,2015,50,"$66,695,452 ",-23.10%,"$77,446,378 ",-20.80%,92,The Hunger Games: Mockingjay - Part 2,/weekend/2015W50/?ref_=bo_wey_table_3
Dec 4-6,2015,49,"$86,761,557 ",-48.30%,"$97,833,704 ",-46.40%,95,The Hunger Games: Mockingjay - Part 2,/weekend/2015W49/?ref_=bo_wey_table_4
Nov 25-29Thanksgiving 5-Day,2015,48,"$238,078,648 ",10.80%,"$256,957,261 ",13.20%,48,The Hunger Games: Mockingjay - Part 2,/weekend/2015W47/occasion/us_thanksgiving_5/?ref_=bo_wey_table_7
Nov 20-22,2015,47,"$163,255,301 ",74.40%,"$173,610,096 ",60.70%,110,The Hunger Games: Mockingjay - Part 2,/weekend/2015W47/?ref_=bo_wey_table_8
Nov 13-15,2015,46,"$93,635,619 ",-37.10%,"$108,047,802 ",-33.30%,112,Spectre,/weekend/2015W46/?ref_=bo_wey_table_9
Nov 6-8,2015,45,"$148,792,362 ",154.60%,"$161,918,615 ",118.40%,112,Spectre,/weekend/2015W45/?ref_=bo_wey_table_10
Oct 30-Nov 1,2015,44,"$58,434,174 ",-34.90%,"$74,128,462 ",-29.90%,108,The Martian,/weekend/2015W44/?ref_=bo_wey_table_11
Oct 23-25,2015,43,"$89,803,867 ",-17.50%,"$105,775,731 ",-13%,110,The Martian,/weekend/2015W43/?ref_=bo_wey_table_12
Oct 16-18,2015,42,"$108,805,935 ",1.90%,"$121,579,792 ",2.20%,108,Goosebumps,/weekend/2015W42/?ref_=bo_wey_table_13
Oct 9-12Columbus Day wknd,2015,41,"$122,246,820 ",-18.50%,"$133,112,208 ",-20.30%,51,The Martian,/weekend/2015W41/occasion/us_columbusday_weekend/?ref_=bo_wey_table_15
Oct 2-4,2015,40,"$139,834,346 ",11.30%,"$149,774,721 ",8.70%,124,The Martian,/weekend/2015W40/?ref_=bo_wey_table_16
Sep 25-27,2015,39,"$125,667,878 ",30.70%,"$137,820,669 ",22.20%,118,Hotel Transylvania 2,/weekend/2015W39/?ref_=bo_wey_table_17
Sep 18-20,2015,38,"$96,138,932 ",17.80%,"$112,827,167 ",10.10%,114,Maze Runner: The Scorch Trials,/weekend/2015W38/?ref_=bo_wey_table_18
Sep 11-13,2015,37,"$81,621,359 ",36%,"$102,512,365 ",13.20%,110,The Perfect Guy,/weekend/2015W37/?ref_=bo_wey_table_19
Sep 4-7Labor Day wknd,2015,36,"$78,105,044 ",-27.10%,"$116,912,740 ",-17.30%,85,War Room,/weekend/2015W36/occasion/us_laborday_weekend/?ref_=bo_wey_table_20
Aug 28-30,2015,35,"$63,160,916 ",-26%,"$87,836,416 ",-17.60%,96,Straight Outta Compton,/weekend/2015W35/?ref_=bo_wey_table_22
Aug 21-23,2015,34,"$85,356,247 ",-34.20%,"$106,631,353 ",-28%,94,Straight Outta Compton,/weekend/2015W34/?ref_=bo_wey_table_23
Aug 14-16,2015,33,"$129,704,209 ",14.50%,"$148,106,885 ",12.30%,98,Straight Outta Compton,/weekend/2015W33/?ref_=bo_wey_table_24
Aug 7-9,2015,32,"$113,252,833 ",-16.80%,"$131,916,514 ",-9.80%,94,Mission: Impossible - Rogue Nation,/weekend/2015W32/?ref_=bo_wey_table_25
Jul 31-Aug 2,2015,31,"$136,167,805 ",-1.50%,"$146,282,363 ",-3.10%,95,Mission: Impossible - Rogue Nation,/weekend/2015W31/?ref_=bo_wey_table_26
Jul 24-26,2015,30,"$138,254,037 ",-22.50%,"$151,040,028 ",-22.10%,100,Ant-Man,/weekend/2015W30/?ref_=bo_wey_table_27
Jul 17-19,2015,29,"$178,494,977 ",-12%,"$193,925,542 ",-9.80%,100,Ant-Man,/weekend/2015W29/?ref_=bo_wey_table_28
Jul 10-12,2015,28,"$202,943,834 ",59.80%,"$215,076,951 ",58.90%,103,Minions,/weekend/2015W28/?ref_=bo_wey_table_29
Jul 3-5,2015,27,"$127,004,488 ",-27%,"$135,328,419 ",-26.50%,88,Inside Out,/weekend/2015W27/?ref_=bo_wey_table_30
Jun 26-28,2015,26,"$174,073,731 ",-27.10%,"$184,087,635 ",-25.80%,101,Jurassic World,/weekend/2015W26/?ref_=bo_wey_table_31
Jun 19-21,2015,25,"$238,740,396 ",-10.30%,"$248,039,944 ",-9.40%,90,Jurassic World,/weekend/2015W25/?ref_=bo_wey_table_32
Jun 12-14,2015,24,"$266,035,144 ",116.70%,"$273,785,662 ",106.20%,88,Jurassic World,/weekend/2015W24/?ref_=bo_wey_table_33
Jun 5-7,2015,23,"$122,790,825 ",-6.40%,"$132,771,309 ",-4.10%,89,Spy,/weekend/2015W23/?ref_=bo_wey_table_34
May 29-31,2015,22,"$131,136,807 ",-9.30%,"$138,472,506 ",-10.10%,83,San Andreas,/weekend/2015W22/?ref_=bo_wey_table_35
May 22-25Memorial Day wknd,2015,21,"$182,887,788 ",-15.60%,"$194,717,763 ",-16.10%,81,Tomorrowland,/weekend/2015W21/occasion/us_memorialday_weekend/?ref_=bo_wey_table_37
May 15-17,2015,20,"$175,540,242 ",46.70%,"$184,554,442 ",40.50%,93,Pitch Perfect 2,/weekend/2015W20/?ref_=bo_wey_table_38
May 8-10,2015,19,"$119,640,318 ",-46.60%,"$131,347,747 ",-43.60%,97,Avengers: Age of Ultron,/weekend/2015W19/?ref_=bo_wey_table_39
May 1-3,2015,18,"$223,967,813 ",179.50%,"$232,873,431 ",139.10%,102,Avengers: Age of Ultron,/weekend/2015W18/?ref_=bo_wey_table_40
Apr 24-26,2015,17,"$80,145,066 ",-26.20%,"$97,392,898 ",-18.70%,117,Furious 7,/weekend/2015W17/?ref_=bo_wey_table_41
Apr 17-19,2015,16,"$108,634,824 ",-12%,"$119,720,998 ",-9%,111,Furious 7,/weekend/2015W16/?ref_=bo_wey_table_42
Apr 10-12,2015,15,"$123,487,605 ",-43%,"$131,496,504 ",-41.40%,103,Furious 7,/weekend/2015W15/?ref_=bo_wey_table_43
Apr 3-6Easter wknd,2015,14,"$240,859,409 ",87.30%,"$247,143,426 ",71%,45,Furious 7,/weekend/2015W14/occasion/easter_weekend/?ref_=bo_wey_table_44
Mar 27-29,2015,13,"$139,905,374 ",19.20%,"$150,316,547 ",14.80%,98,Home,/weekend/2015W13/?ref_=bo_wey_table_46
Mar 20-22,2015,12,"$117,323,618 ",1.50%,"$130,961,022 ",-0.50%,97,Insurgent,/weekend/2015W12/?ref_=bo_wey_table_47
Mar 13-15,2015,11,"$115,580,190 ",60%,"$131,677,520 ",47.30%,94,Cinderella,/weekend/2015W11/?ref_=bo_wey_table_48
Mar 6-8,2015,10,"$72,251,925 ",-19.20%,"$89,415,791 ",-16.30%,94,Chappie,/weekend/2015W10/?ref_=bo_wey_table_49
Feb 27-Mar 1,2015,9,"$89,378,196 ",-13.90%,"$106,785,872 ",-10.10%,98,Focus,/weekend/2015W09/?ref_=bo_wey_table_50
Feb 20-22,2015,8,"$103,802,091 ",-47.10%,"$118,837,843 ",-44.50%,90,Fifty Shades of Grey,/weekend/2015W08/?ref_=bo_wey_table_51
Feb 13-16Presidents' Day wknd,2015,7,"$226,114,046 ",24.10%,"$247,208,470 ",18.40%,75,Fifty Shades of Grey,/weekend/2015W07/occasion/us_presidentsday_weekend/?ref_=bo_wey_table_52
Feb 6-8,2015,6,"$132,753,774 ",65.80%,"$152,017,118 ",48.60%,95,The SpongeBob Movie: Sponge Out of Water,/weekend/2015W06/?ref_=bo_wey_table_54
Jan 30-Feb 1,2015,5,"$80,089,127 ",-41.30%,"$102,289,935 ",-35.90%,95,American Sniper,/weekend/2015W05/?ref_=bo_wey_table_55
Jan 23-25,2015,4,"$136,480,820 ",-23.70%,"$159,469,503 ",-21.50%,93,American Sniper,/weekend/2015W04/?ref_=bo_wey_table_56
Jan 16-19MLK wknd,2015,3,"$220,660,699 ",24.40%,"$250,809,036 ",17.60%,71,American Sniper,/weekend/2015W03/occasion/us_mlkday_weekend/?ref_=bo_wey_table_58
Jan 9-11,2015,2,"$104,708,370 ",-16.80%,"$126,281,581 ",-18.60%,87,Taken 3,/weekend/2015W02/?ref_=bo_wey_table_59
Jan 2-4,2015,1,"$125,851,864 ",-29.50%,"$155,083,722 ",-26%,89,The Hobbit: The Battle of the Five Armies,/weekend/2015W01/?ref_=bo_wey_table_60
Dec 26-28,2014,52,"$178,499,687 ",46.20%,"$209,570,080 ",55.10%,83,The Hobbit: The Battle of the Five Armies,/weekend/2014W52/?ref_=bo_wey_table_1
Dec 19-21,2014,51,"$122,059,385 ",65.40%,"$135,107,375 ",60.80%,78,The Hobbit: The Battle of the Five Armies,/weekend/2014W51/?ref_=bo_wey_table_2
Dec 12-14,2014,50,"$73,808,138 ",8.40%,"$84,013,268 ",7.50%,100,Exodus: Gods and Kings,/weekend/2014W50/?ref_=bo_wey_table_3
Dec 5-7,2014,49,"$68,103,918 ",-55.20%,"$78,180,686 ",-52.30%,96,The Hunger Games: Mockingjay - Part 1,/weekend/2014W49/?ref_=bo_wey_table_4
Nov 26-30Thanksgiving 5-Day,2014,48,"$214,781,730 ",-20%,"$226,978,340 ",-22.30%,52,The Hunger Games: Mockingjay - Part 1,/weekend/2014W47/occasion/us_thanksgiving_5/?ref_=bo_wey_table_7
Nov 21-23,2014,47,"$184,467,355 ",46.70%,"$194,683,879 ",38.50%,97,The Hunger Games: Mockingjay - Part 1,/weekend/2014W47/?ref_=bo_wey_table_8
Nov 14-16,2014,46,"$125,728,488 ",-11.90%,"$140,548,635 ",-10.50%,108,Dumb and Dumber To,/weekend/2014W46/?ref_=bo_wey_table_9
Nov 7-9,2014,45,"$142,643,895 ",90.60%,"$157,108,227 ",65.40%,121,Big Hero 6,/weekend/2014W45/?ref_=bo_wey_table_10
Oct 31-Nov 2,2014,44,"$74,843,496 ",-22.90%,"$94,999,696 ",-18.10%,120,Ouija,/weekend/2014W44/?ref_=bo_wey_table_11
Oct 24-26,2014,43,"$97,071,579 ",-15.80%,"$116,024,797 ",-12%,122,Ouija,/weekend/2014W43/?ref_=bo_wey_table_12
Oct 17-19,2014,42,"$115,233,422 ",-12.30%,"$131,793,399 ",-10.60%,117,Fury,/weekend/2014W42/?ref_=bo_wey_table_13
Oct 10-13Columbus Day wknd,2014,41,"$150,009,908 ",25.80%,"$166,940,703 ",27%,63,Gone Girl,/weekend/2014W41/occasion/us_columbusday_weekend/?ref_=bo_wey_table_15
Oct 3-5,2014,40,"$136,249,161 ",42%,"$149,452,204 ",38.80%,123,Gone Girl,/weekend/2014W40/?ref_=bo_wey_table_16
Sep 26-28,2014,39,"$95,966,661 ",6.60%,"$107,678,203 ",4.30%,131,The Equalizer,/weekend/2014W39/?ref_=bo_wey_table_17
Sep 19-21,2014,38,"$90,003,667 ",22.80%,"$103,238,746 ",12.90%,124,The Maze Runner,/weekend/2014W38/?ref_=bo_wey_table_18
Sep 12-14,2014,37,"$73,297,493 ",52.40%,"$91,402,770 ",38.10%,122,No Good Deed,/weekend/2014W37/?ref_=bo_wey_table_19
Sep 5-7,2014,36,"$48,083,368 ",-41.90%,"$66,163,578 ",-39.60%,120,Guardians of the Galaxy,/weekend/2014W36/?ref_=bo_wey_table_20
Aug 29-Sep 1Labor Day wknd,2014,35,"$107,180,218 ",-2.60%,"$141,284,370 ",-12.90%,94,Guardians of the Galaxy,/weekend/2014W35/occasion/us_laborday_weekend/?ref_=bo_wey_table_22
Aug 22-24,2014,34,"$97,178,514 ",-22.20%,"$114,968,447 ",-19.50%,104,Guardians of the Galaxy,/weekend/2014W34/?ref_=bo_wey_table_23
Aug 15-17,2014,33,"$124,986,010 ",-26.40%,"$142,851,832 ",-23.30%,105,Teenage Mutant Ninja Turtles,/weekend/2014W33/?ref_=bo_wey_table_24
Aug 8-10,2014,32,"$169,712,505 ",1.10%,"$186,257,061 ",-,115,Teenage Mutant Ninja Turtles,/weekend/2014W32/?ref_=bo_wey_table_25
Aug 1-3,2014,31,"$167,783,615 ",27.10%,"$186,409,629 ",20.40%,109,Guardians of the Galaxy,/weekend/2014W31/?ref_=bo_wey_table_26
Jul 25-27,2014,30,"$132,017,659 ",1.10%,"$154,787,126 ",3.70%,117,Lucy,/weekend/2014W30/?ref_=bo_wey_table_27
Jul 18-20,2014,29,"$130,550,571 ",-2.40%,"$149,206,140 ",-0.70%,104,Dawn of the Planet of the Apes,/weekend/2014W29/?ref_=bo_wey_table_28
Jul 11-13,2014,28,"$133,801,344 ",16%,"$150,191,251 ",13.40%,117,Dawn of the Planet of the Apes,/weekend/2014W28/?ref_=bo_wey_table_29
Jul 4-6,2014,27,"$115,345,546 ",-32.60%,"$132,438,349 ",-26.50%,110,Transformers: Age of Extinction,/weekend/2014W27/?ref_=bo_wey_table_30
Jun 27-29,2014,26,"$171,037,682 ",26%,"$180,104,687 ",23.40%,124,Transformers: Age of Extinction,/weekend/2014W26/?ref_=bo_wey_table_31
Jun 20-22,2014,25,"$135,785,499 ",-23.40%,"$145,919,699 ",-22%,112,Think Like a Man Too,/weekend/2014W25/?ref_=bo_wey_table_32
Jun 13-15,2014,24,"$177,277,722 ",15.30%,"$187,054,204 ",14.80%,124,22 Jump Street,/weekend/2014W24/?ref_=bo_wey_table_33
Jun 6-8,2014,23,"$153,810,858 ",-2.50%,"$162,996,895 ",-2.10%,111,The Fault in Our Stars,/weekend/2014W23/?ref_=bo_wey_table_34
May 30-Jun 1,2014,22,"$157,680,341 ",-10.10%,"$166,531,884 ",-11.10%,110,Maleficent,/weekend/2014W22/?ref_=bo_wey_table_35
May 23-26Memorial Day wknd,2014,21,"$216,734,334 ",-29.20%,"$232,102,154 ",-26.10%,103,X-Men: Days of Future Past,/weekend/2014W21/occasion/us_memorialday_weekend/?ref_=bo_wey_table_37
May 16-18,2014,20,"$167,395,914 ",35.20%,"$178,532,518 ",30.60%,110,Godzilla,/weekend/2014W20/?ref_=bo_wey_table_38
May 9-11,2014,19,"$123,849,070 ",-12.50%,"$136,748,446 ",-11.30%,113,Neighbors,/weekend/2014W19/?ref_=bo_wey_table_39
May 2-4,2014,18,"$141,515,375 ",45.20%,"$154,089,137 ",31.90%,117,The Amazing Spider-Man 2,/weekend/2014W18/?ref_=bo_wey_table_40
Apr 25-27,2014,17,"$97,473,803 ",-16.20%,"$116,798,742 ",-12.50%,114,The Other Woman,/weekend/2014W17/?ref_=bo_wey_table_41
Apr 18-21Easter wknd,2014,16,"$128,566,271 ",-17.40%,"$144,538,498 ",-12.30%,52,Captain America: The Winter Soldier,/weekend/2014W16/occasion/easter_weekend/?ref_=bo_wey_table_42
Apr 11-13,2014,15,"$131,084,472 ",-15.90%,"$140,035,789 ",-16.20%,109,Captain America: The Winter Soldier,/weekend/2014W15/?ref_=bo_wey_table_44
Apr 4-6,2014,14,"$155,800,774 ",24.90%,"$167,195,578 ",18.80%,115,Captain America: The Winter Soldier,/weekend/2014W14/?ref_=bo_wey_table_45
Mar 28-30,2014,13,"$124,746,109 ",-3.70%,"$140,733,798 ",-0.50%,107,Noah,/weekend/2014W13/?ref_=bo_wey_table_46
Mar 21-23,2014,12,"$129,583,231 ",31.40%,"$141,511,040 ",24.20%,111,Divergent,/weekend/2014W12/?ref_=bo_wey_table_47
Mar 14-16,2014,11,"$98,624,322 ",-22.70%,"$113,961,674 ",-20.80%,108,Mr. Peabody & Sherman,/weekend/2014W11/?ref_=bo_wey_table_48
Mar 7-9,2014,10,"$127,539,955 ",22.50%,"$143,856,540 ",16.30%,110,300: Rise of an Empire,/weekend/2014W10/?ref_=bo_wey_table_49
Feb 28-Mar 2,2014,9,"$104,089,480 ",10.40%,"$123,702,145 ",10.60%,113,Non-Stop,/weekend/2014W09/?ref_=bo_wey_table_50
Feb 21-23,2014,8,"$94,308,705 ",-39.50%,"$111,894,114 ",-37.20%,106,The Lego Movie,/weekend/2014W08/?ref_=bo_wey_table_51
Feb 14-17Presidents' Day wknd,2014,7,"$182,141,128 ",26.80%,"$208,762,307 ",24%,84,The Lego Movie,/weekend/2014W07/occasion/us_presidentsday_weekend/?ref_=bo_wey_table_52
Feb 7-9,2014,6,"$132,710,403 ",101.40%,"$152,984,502 ",77.70%,109,The Lego Movie,/weekend/2014W06/?ref_=bo_wey_table_54
Jan 31-Feb 2,2014,5,"$65,887,288 ",-29.50%,"$86,093,764 ",-27.10%,95,Ride Along,/weekend/2014W05/?ref_=bo_wey_table_55
Jan 24-26,2014,4,"$93,470,822 ",-36.40%,"$118,158,602 ",-33%,97,Ride Along,/weekend/2014W04/?ref_=bo_wey_table_56
Jan 17-20MLK wknd,2014,3,"$177,312,805 ",41.10%,"$213,241,808 ",29%,68,Ride Along,/weekend/2014W03/occasion/us_mlkday_weekend/?ref_=bo_wey_table_58
Jan 10-12,2014,2,"$112,448,084 ",-5.50%,"$140,678,920 ",-0.40%,90,Lone Survivor,/weekend/2014W02/?ref_=bo_wey_table_59
Jan 3-5,2014,1,"$118,936,215 ",-29.10%,"$141,235,662 ",-28.40%,82,Frozen,/weekend/2014W01/?ref_=bo_wey_table_60
Dec 27-29,2013,52,"$167,837,974 ",24.50%,"$197,177,755 ",37.30%,81,The Hobbit: The Desolation of Smaug,/weekend/2013W52/?ref_=bo_wey_table_1
Dec 20-22,2013,51,"$134,837,792 ",-2.60%,"$143,571,365 ",-2.80%,80,The Hobbit: The Desolation of Smaug,/weekend/2013W51/?ref_=bo_wey_table_2
Dec 13-15,2013,50,"$138,369,003 ",64.80%,"$147,702,714 ",56.20%,94,The Hobbit: The Desolation of Smaug,/weekend/2013W50/?ref_=bo_wey_table_3
Dec 6-8,2013,49,"$83,941,456 ",-55.70%,"$94,535,353 ",-54.60%,96,Frozen,/weekend/2013W49/?ref_=bo_wey_table_4
Nov 27-Dec 1Thanksgiving 5-Day,2013,48,"$268,488,814 ",-3.80%,"$292,303,215 ",0.90%,50,The Hunger Games: Catching Fire,/weekend/2013W47/occasion/us_thanksgiving_5/?ref_=bo_wey_table_7
Nov 22-24,2013,47,"$214,593,579 ",86.40%,"$226,500,439 ",77.90%,109,The Hunger Games: Catching Fire,/weekend/2013W47/?ref_=bo_wey_table_8
Nov 15-17,2013,46,"$115,112,784 ",-27.10%,"$127,348,048 ",-24.20%,117,Thor: The Dark World,/weekend/2013W46/?ref_=bo_wey_table_9
Nov 8-10,2013,45,"$157,930,421 ",36.20%,"$167,996,561 ",31.20%,124,Thor: The Dark World,/weekend/2013W45/?ref_=bo_wey_table_10
Nov 1-3,2013,44,"$115,987,099 ",24.30%,"$128,021,451 ",24.30%,120,Ender's Game,/weekend/2013W44/?ref_=bo_wey_table_11
Oct 25-27,2013,43,"$93,288,479 ",2.80%,"$103,005,325 ",-1.40%,117,Bad Grandpa,/weekend/2013W43/?ref_=bo_wey_table_12
Oct 18-20,2013,42,"$90,753,518 ",-12.30%,"$104,483,096 ",-10.30%,121,Gravity,/weekend/2013W42/?ref_=bo_wey_table_13
Oct 11-14Columbus Day wknd,2013,41,"$119,207,873 ",-19.20%,"$131,493,515 ",-17.10%,54,Gravity,/weekend/2013W41/occasion/us_columbusday_weekend/?ref_=bo_wey_table_15
Oct 4-6,2013,40,"$111,457,653 ",21.70%,"$126,592,855 ",17%,132,Gravity,/weekend/2013W40/?ref_=bo_wey_table_16
Sep 27-29,2013,39,"$91,565,449 ",31.10%,"$108,160,536 ",23.90%,135,Cloudy with a Chance of Meatballs 2,/weekend/2013W39/?ref_=bo_wey_table_17
Sep 20-22,2013,38,"$69,831,206 ",-19.30%,"$87,331,800 ",-15.70%,141,Prisoners,/weekend/2013W38/?ref_=bo_wey_table_18
Sep 13-15,2013,37,"$86,531,368 ",40.30%,"$103,651,335 ",21.90%,134,Insidious: Chapter 2,/weekend/2013W37/?ref_=bo_wey_table_19
Sep 6-8,2013,36,"$61,672,745 ",-27.40%,"$85,014,635 ",-32%,135,Riddick,/weekend/2013W36/?ref_=bo_wey_table_20
Aug 30-Sep 2Labor Day wknd,2013,35,"$110,020,537 ",8.90%,"$162,136,448 ",21%,112,Lee Daniels' The Butler,/weekend/2013W35/occasion/us_laborday_weekend/?ref_=bo_wey_table_22
Aug 23-25,2013,34,"$83,842,081 ",-26.20%,"$109,886,108 ",-21.20%,116,Lee Daniels' The Butler,/weekend/2013W34/?ref_=bo_wey_table_23
Aug 16-18,2013,33,"$113,572,527 ",-17.50%,"$139,521,935 ",-12.40%,116,Lee Daniels' The Butler,/weekend/2013W33/?ref_=bo_wey_table_24
Aug 9-11,2013,32,"$137,650,749 ",16.70%,"$159,265,982 ",15.30%,103,Elysium,/weekend/2013W32/?ref_=bo_wey_table_25
Aug 2-4,2013,31,"$117,938,083 ",-22.30%,"$138,139,733 ",-19.90%,100,2 Guns,/weekend/2013W31/?ref_=bo_wey_table_26
Jul 26-28,2013,30,"$151,703,400 ",-13%,"$172,372,267 ",-11.90%,104,The Wolverine,/weekend/2013W30/?ref_=bo_wey_table_27
Jul 19-21,2013,29,"$174,305,736 ",-5.20%,"$195,751,234 ",-0.50%,109,The Conjuring,/weekend/2013W29/?ref_=bo_wey_table_28
Jul 12-14,2013,28,"$183,777,279 ",-16.20%,"$196,649,715 ",-14.40%,109,Despicable Me 2,/weekend/2013W28/?ref_=bo_wey_table_29
Jul 5-7,2013,27,"$219,263,985 ",21.50%,"$229,781,413 ",20.50%,95,Despicable Me 2,/weekend/2013W27/?ref_=bo_wey_table_30
Jun 28-30,2013,26,"$180,411,163 ",-21.10%,"$190,698,431 ",-20.70%,104,Monsters University,/weekend/2013W26/?ref_=bo_wey_table_31
Jun 21-23,2013,25,"$228,593,120 ",18.50%,"$240,393,582 ",17.80%,107,Monsters University,/weekend/2013W25/?ref_=bo_wey_table_32
Jun 14-16,2013,24,"$192,954,929 ",36.50%,"$204,034,802 ",36.70%,102,Man of Steel,/weekend/2013W24/?ref_=bo_wey_table_33
Jun 7-9,2013,23,"$141,384,924 ",-11.40%,"$149,251,384 ",-9.80%,105,The Purge,/weekend/2013W23/?ref_=bo_wey_table_34
May 31-Jun 2,2013,22,"$159,570,972 ",-35.70%,"$165,545,465 ",-35%,110,Fast & Furious 6,/weekend/2013W22/?ref_=bo_wey_table_35
May 24-27Memorial Day wknd,2013,21,"$305,927,990 ",67.50%,"$314,240,146 ",61.90%,97,Fast & Furious 6,/weekend/2013W21/occasion/us_memorialday_weekend/?ref_=bo_wey_table_37
May 17-19,2013,20,"$146,889,482 ",-2.50%,"$153,855,241 ",-2.80%,112,Star Trek Into Darkness,/weekend/2013W20/?ref_=bo_wey_table_38
May 10-12,2013,19,"$150,642,459 ",-27.70%,"$158,347,179 ",-27.20%,121,Iron Man 3,/weekend/2013W19/?ref_=bo_wey_table_39
May 3-5,2013,18,"$208,434,380 ",166.80%,"$217,475,021 ",135.50%,119,Iron Man 3,/weekend/2013W18/?ref_=bo_wey_table_40
Apr 26-28,2013,17,"$78,125,503 ",-19%,"$92,351,407 ",-16.60%,120,Pain & Gain,/weekend/2013W17/?ref_=bo_wey_table_41
Apr 19-21,2013,16,"$96,489,683 ",-7.70%,"$110,719,635 ",-5.10%,120,Oblivion,/weekend/2013W16/?ref_=bo_wey_table_42
Apr 12-14,2013,15,"$104,482,953 ",-16.30%,"$116,712,085 ",-13.40%,122,42,/weekend/2013W15/?ref_=bo_wey_table_43
Apr 5-7,2013,14,"$124,827,157 ",-9.30%,"$134,763,712 ",-8.50%,127,Evil Dead,/weekend/2013W14/?ref_=bo_wey_table_44
Mar 29-Apr 1Easter wknd,2013,13,"$155,717,819 ",19.90%,"$164,811,685 ",21.10%,53,G.I. Joe: Retaliation,/weekend/2013W13/occasion/easter_weekend/?ref_=bo_wey_table_45
Mar 22-24,2013,12,"$127,241,394 ",37.10%,"$138,891,569 ",29.30%,121,The Croods,/weekend/2013W12/?ref_=bo_wey_table_47
Mar 15-17,2013,11,"$92,776,114 ",-25.50%,"$107,411,683 ",-23.70%,108,Oz the Great and Powerful,/weekend/2013W11/?ref_=bo_wey_table_48
Mar 8-10,2013,10,"$124,576,195 ",41.90%,"$140,687,760 ",28.30%,112,Oz the Great and Powerful,/weekend/2013W10/?ref_=bo_wey_table_49
Mar 1-3,2013,9,"$87,821,690 ",4.30%,"$109,621,873 ",5.90%,106,Jack the Giant Slayer,/weekend/2013W09/?ref_=bo_wey_table_50
Feb 22-24,2013,8,"$84,217,867 ",-30.60%,"$103,534,297 ",-26.70%,94,Identity Thief,/weekend/2013W08/?ref_=bo_wey_table_51
Feb 15-18Presidents' Day wknd,2013,7,"$143,655,294 ",-12.90%,"$168,341,536 ",-13%,86,A Good Day to Die Hard,/weekend/2013W07/occasion/us_presidentsday_weekend/?ref_=bo_wey_table_53
Feb 8-10,2013,6,"$82,382,252 ",26.80%,"$104,216,107 ",17.50%,101,Identity Thief,/weekend/2013W06/?ref_=bo_wey_table_54
Feb 1-3,2013,5,"$64,959,191 ",-20%,"$88,701,777 ",-21%,98,Warm Bodies,/weekend/2013W05/?ref_=bo_wey_table_55
Jan 25-27,2013,4,"$81,203,152 ",-24.60%,"$112,228,923 ",-19.70%,91,Hansel & Gretel: Witch Hunters,/weekend/2013W04/?ref_=bo_wey_table_56
Jan 18-21MLK wknd,2013,3,"$125,704,597 ",-2.50%,"$165,335,690 ",1.50%,68,Mama,/weekend/2013W03/occasion/us_mlkday_weekend/?ref_=bo_wey_table_58
Jan 11-13,2013,2,"$112,186,149 ",-3.70%,"$140,670,134 ",-4.70%,95,Zero Dark Thirty,/weekend/2013W02/?ref_=bo_wey_table_59
Jan 4-6,2013,1,"$116,465,689 ",-25%,"$147,632,550 ",-18.70%,96,Texas Chainsaw 3D,/weekend/2013W01/?ref_=bo_wey_table_60
"Dec 28-Jan 1, 2013New Year's long wknd",2012,52,"$237,786,853 ",37.20%,"$277,443,906 ",38.60%,54,The Hobbit: An Unexpected Journey,/weekend/2012W52/occasion/us_newyear_weekend/?ref_=bo_wey_table_1
Dec 21-25Christmas long wknd,2012,51,"$169,697,974 ",-1.40%,"$204,882,187 ",3.40%,53,The Hobbit: An Unexpected Journey,/weekend/2012W51/occasion/us_christmas_weekend/?ref_=bo_wey_table_3
Dec 14-16,2012,50,"$126,779,394 ",85.40%,"$136,705,051 ",69%,109,The Hobbit: An Unexpected Journey,/weekend/2012W50/?ref_=bo_wey_table_5
Dec 7-9,2012,49,"$68,367,628 ",-32.10%,"$80,905,506 ",-29.30%,119,Skyfall,/weekend/2012W49/?ref_=bo_wey_table_6
Nov 30-Dec 2,2012,48,"$100,734,688 ",-49.30%,"$114,496,488 ",-44.90%,108,The Twilight Saga: Breaking Dawn - Part 2,/weekend/2012W48/?ref_=bo_wey_table_7
Nov 21-25Thanksgiving 5-Day,2012,47,"$279,039,688 ",34.40%,"$289,573,641 ",28.60%,50,The Twilight Saga: Breaking Dawn - Part 2,/weekend/2012W46/occasion/us_thanksgiving_5/?ref_=bo_wey_table_10
Nov 16-18,2012,46,"$240,504,453 ",50.70%,"$250,086,091 ",44.10%,115,The Twilight Saga: Breaking Dawn - Part 2,/weekend/2012W46/?ref_=bo_wey_table_11
Nov 9-11,2012,45,"$159,539,986 ",34.30%,"$173,520,562 ",25.40%,120,Skyfall,/weekend/2012W45/?ref_=bo_wey_table_12
Nov 2-4,2012,44,"$118,833,677 ",58.80%,"$138,368,039 ",47.90%,119,Wreck-It Ralph,/weekend/2012W44/?ref_=bo_wey_table_13
Oct 26-28,2012,43,"$74,831,900 ",-35.30%,"$93,548,501 ",-27.50%,119,Argo,/weekend/2012W43/?ref_=bo_wey_table_14
Oct 19-21,2012,42,"$115,619,564 ",-1.40%,"$129,118,109 ",-0.70%,118,Paranormal Activity 4,/weekend/2012W42/?ref_=bo_wey_table_15
Oct 12-14,2012,41,"$117,244,701 ",-9.80%,"$129,987,942 ",-8.60%,117,Taken 2,/weekend/2012W41/?ref_=bo_wey_table_16
Oct 5-8Columbus Day wknd,2012,40,"$147,590,739 ",62.20%,"$158,700,116 ",49.50%,54,Taken 2,/weekend/2012W40/occasion/us_columbusday_weekend/?ref_=bo_wey_table_17
Sep 28-30,2012,39,"$102,991,094 ",43.30%,"$119,272,334 ",31.20%,122,Hotel Transylvania,/weekend/2012W39/?ref_=bo_wey_table_19
Sep 21-23,2012,38,"$71,888,652 ",10.90%,"$90,881,797 ",4.70%,123,End of Watch,/weekend/2012W38/?ref_=bo_wey_table_20
Sep 14-16,2012,37,"$64,824,244 ",38.70%,"$86,814,721 ",28.20%,124,Resident Evil: Retribution,/weekend/2012W37/?ref_=bo_wey_table_21
Sep 7-9,2012,36,"$46,747,004 ",-40.40%,"$67,728,681 ",-34.90%,125,The Possession,/weekend/2012W36/?ref_=bo_wey_table_22
Aug 31-Sep 3Labor Day wknd,2012,35,"$100,987,641 ",1.60%,"$133,965,411 ",-3.60%,100,The Possession,/weekend/2012W35/occasion/us_laborday_weekend/?ref_=bo_wey_table_23
Aug 24-26,2012,34,"$75,735,631 ",-38.30%,"$98,074,600 ",-29.70%,119,The Expendables 2,/weekend/2012W34/?ref_=bo_wey_table_25
Aug 17-19,2012,33,"$122,759,783 ",-4.90%,"$139,508,493 ",-1.90%,109,The Expendables 2,/weekend/2012W33/?ref_=bo_wey_table_26
Aug 10-12,2012,32,"$129,143,882 ",15.90%,"$142,282,599 ",15.60%,113,The Bourne Legacy,/weekend/2012W32/?ref_=bo_wey_table_27
Aug 3-5,2012,31,"$111,448,685 ",-10.30%,"$123,067,042 ",-8.50%,113,The Dark Knight Rises,/weekend/2012W31/?ref_=bo_wey_table_28
Jul 27-29,2012,30,"$124,187,763 ",-43.90%,"$134,433,234 ",-41.90%,108,The Dark Knight Rises,/weekend/2012W30/?ref_=bo_wey_table_29
Jul 20-22,2012,29,"$221,423,729 ",47.60%,"$231,285,377 ",40.10%,102,The Dark Knight Rises,/weekend/2012W29/?ref_=bo_wey_table_30
Jul 13-15,2012,28,"$150,002,519 ",-15.90%,"$165,029,467 ",-16.10%,113,Ice Age: Continental Drift,/weekend/2012W28/?ref_=bo_wey_table_31
Jul 6-8,2012,27,"$178,335,880 ",-6%,"$196,767,679 ",-6.30%,109,The Amazing Spider-Man,/weekend/2012W27/?ref_=bo_wey_table_32
Jun 29-Jul 1,2012,26,"$189,645,968 ",24.50%,"$210,047,382 ",27.40%,105,Ted,/weekend/2012W26/?ref_=bo_wey_table_33
Jun 22-24,2012,25,"$152,347,191 ",26.30%,"$164,829,173 ",26.50%,107,Brave,/weekend/2012W25/?ref_=bo_wey_table_34
Jun 15-17,2012,24,"$120,646,402 ",-29.70%,"$130,345,800 ",-28.20%,111,Madagascar 3: Europe's Most Wanted,/weekend/2012W24/?ref_=bo_wey_table_35
Jun 8-10,2012,23,"$171,705,112 ",29.90%,"$181,630,363 ",27.20%,131,Madagascar 3: Europe's Most Wanted,/weekend/2012W23/?ref_=bo_wey_table_36
Jun 1-3,2012,22,"$132,181,371 ",-8.40%,"$142,828,971 ",-6.80%,129,Snow White and the Huntsman,/weekend/2012W22/?ref_=bo_wey_table_37
May 25-28Memorial Day wknd,2012,21,"$182,669,246 ",-31%,"$194,092,495 ",-29.90%,111,Men in Black 3,/weekend/2012W21/occasion/us_memorialday_weekend/?ref_=bo_wey_table_39
May 18-20,2012,20,"$133,932,974 ",-16%,"$142,764,397 ",-16.50%,131,The Avengers,/weekend/2012W20/?ref_=bo_wey_table_40
May 11-13,2012,19,"$159,498,783 ",-35.30%,"$171,025,163 ",-33.80%,132,The Avengers,/weekend/2012W19/?ref_=bo_wey_table_41
May 4-6,2012,18,"$246,662,936 ",170.50%,"$258,295,713 ",133.60%,134,The Avengers,/weekend/2012W18/?ref_=bo_wey_table_42
Apr 27-29,2012,17,"$91,171,173 ",-23.30%,"$110,593,680 ",-18.30%,129,Think Like a Man,/weekend/2012W17/?ref_=bo_wey_table_43
Apr 20-22,2012,16,"$118,940,992 ",13.40%,"$135,415,449 ",18%,125,Think Like a Man,/weekend/2012W16/?ref_=bo_wey_table_44
Apr 13-15,2012,15,"$104,850,744 ",-9.20%,"$114,756,312 ",-7.30%,115,The Hunger Games,/weekend/2012W15/?ref_=bo_wey_table_45
Apr 6-9Easter wknd,2012,14,"$129,893,927 ",2.40%,"$136,124,614 ",-8.70%,45,The Hunger Games,/weekend/2012W14/occasion/easter_weekend/?ref_=bo_wey_table_46
Mar 30-Apr 1,2012,13,"$138,772,071 ",-31.20%,"$148,926,320 ",-30.50%,124,The Hunger Games,/weekend/2012W13/?ref_=bo_wey_table_48
Mar 23-25,2012,12,"$201,664,110 ",115.50%,"$214,253,387 ",93%,115,The Hunger Games,/weekend/2012W12/?ref_=bo_wey_table_49
Mar 16-18,2012,11,"$93,582,069 ",-19.30%,"$110,983,561 ",-18.90%,116,21 Jump Street,/weekend/2012W11/?ref_=bo_wey_table_50
Mar 9-11,2012,10,"$116,009,145 ",-20.40%,"$136,877,195 ",-18.80%,127,The Lorax,/weekend/2012W10/?ref_=bo_wey_table_51
Mar 2-4,2012,9,"$145,788,328 ",35.80%,"$168,466,571 ",25.80%,118,The Lorax,/weekend/2012W09/?ref_=bo_wey_table_52
Feb 24-26,2012,8,"$107,371,847 ",-22.20%,"$133,892,090 ",-16.80%,115,Act of Valor,/weekend/2012W08/?ref_=bo_wey_table_53
Feb 17-20Presidents' Day wknd,2012,7,"$164,876,415 ",9.40%,"$193,509,301 ",11.40%,102,Safe House,/weekend/2012W07/occasion/us_presidentsday_weekend/?ref_=bo_wey_table_54
Feb 10-12,2012,6,"$168,289,222 ",91%,"$191,893,008 ",65.80%,111,The Vow,/weekend/2012W06/?ref_=bo_wey_table_56
Feb 3-5,2012,5,"$88,088,338 ",-3.50%,"$115,729,538 ",-8.40%,105,Chronicle,/weekend/2012W05/?ref_=bo_wey_table_57
Jan 27-29,2012,4,"$91,306,608 ",-11.40%,"$126,328,423 ",-5.30%,111,The Grey,/weekend/2012W04/?ref_=bo_wey_table_58
Jan 20-22,2012,3,"$103,050,329 ",-2.50%,"$133,441,542 ",0.90%,107,Underworld Awakening,/weekend/2012W03/?ref_=bo_wey_table_59
Jan 13-16MLK wknd,2012,2,"$128,967,569 ",-1.10%,"$162,923,701 ",2.50%,74,Contraband,/weekend/2012W02/occasion/us_mlkday_weekend/?ref_=bo_wey_table_61
Jan 6-8,2012,1,"$120,467,366 ",-10.40%,"$139,471,507 ",-9.90%,93,The Devil Inside,/weekend/2012W01/?ref_=bo_wey_table_62
"Dec 30-Jan 2, 2012New Year's long wknd",2011,52,"$173,320,352 ",-25.60%,"$200,114,665 ",-27.20%,76,Mission: Impossible - Ghost Protocol,/weekend/2011W52/occasion/us_newyear_weekend/?ref_=bo_wey_table_2
Dec 23-26Christmas long wknd,2011,51,"$172,035,139 ",-21.80%,"$198,065,301 ",-20.60%,75,Mission: Impossible - Ghost Protocol,/weekend/2011W51/occasion/us_christmas_weekend/?ref_=bo_wey_table_3
Dec 16-18,2011,50,"$105,970,233 ",66%,"$118,308,106 ",57%,106,Sherlock Holmes: A Game of Shadows,/weekend/2011W50/?ref_=bo_wey_table_5
Dec 9-11,2011,49,"$63,846,449 ",-9.50%,"$75,350,071 ",-7.50%,113,New Year's Eve,/weekend/2011W49/?ref_=bo_wey_table_6
Dec 2-4,2011,48,"$70,515,083 ",-6%,"$81,502,185 ",-5.60%,101,The Twilight Saga: Breaking Dawn - Part 1,/weekend/2011W48/?ref_=bo_wey_table_7
Nov 23-27Thanksgiving 5-Day,2011,47,"$207,648,272 ",-14.20%,"$225,149,356 ",-12.70%,50,The Twilight Saga: Breaking Dawn - Part 1,/weekend/2011W46/occasion/us_thanksgiving_5/?ref_=bo_wey_table_10
Nov 18-20,2011,46,"$213,090,559 ",71.60%,"$222,537,158 ",62.80%,113,The Twilight Saga: Breaking Dawn - Part 1,/weekend/2011W46/?ref_=bo_wey_table_11
Nov 11-13,2011,45,"$124,195,132 ",23.40%,"$136,668,947 ",19.30%,116,Immortals,/weekend/2011W45/?ref_=bo_wey_table_12
Nov 4-6,2011,44,"$100,619,007 ",11.50%,"$114,563,511 ",10.70%,130,Puss in Boots,/weekend/2011W44/?ref_=bo_wey_table_13
Oct 28-30,2011,43,"$90,229,806 ",-14.20%,"$103,466,351 ",-14.80%,128,Puss in Boots,/weekend/2011W43/?ref_=bo_wey_table_14
Oct 21-23,2011,42,"$105,208,900 ",44.60%,"$121,497,511 ",38.10%,138,Paranormal Activity 3,/weekend/2011W42/?ref_=bo_wey_table_15
Oct 14-16,2011,41,"$72,749,806 ",-9.10%,"$87,980,984 ",-7.50%,127,Real Steel,/weekend/2011W41/?ref_=bo_wey_table_16
Oct 7-10Columbus Day wknd,2011,40,"$91,007,749 ",4.10%,"$106,161,269 ",2.40%,53,Real Steel,/weekend/2011W40/occasion/us_columbusday_weekend/?ref_=bo_wey_table_18
Sep 30-Oct 2,2011,39,"$83,299,660 ",-19.50%,"$99,307,078 ",-15.90%,127,Dolphin Tale,/weekend/2011W39/?ref_=bo_wey_table_19
Sep 23-25,2011,38,"$103,498,944 ",24.90%,"$118,048,412 ",15.50%,141,The Lion King2011 3D Release,/weekend/2011W38/?ref_=bo_wey_table_20
Sep 16-18,2011,37,"$82,870,886 ",36.80%,"$102,167,957 ",24.70%,140,The Lion King2011 3D Release,/weekend/2011W37/?ref_=bo_wey_table_21
Sep 9-11,2011,36,"$60,588,164 ",-20.90%,"$81,936,910 ",-23.50%,139,Contagion,/weekend/2011W36/?ref_=bo_wey_table_22
Sep 2-5Labor Day wknd,2011,35,"$99,407,337 ",6.40%,"$138,952,409 ",4.70%,122,The Help,/weekend/2011W35/occasion/us_laborday_weekend/?ref_=bo_wey_table_23
Aug 26-28,2011,34,"$69,507,839 ",-28.60%,"$93,298,182 ",-24.90%,131,The Help,/weekend/2011W34/?ref_=bo_wey_table_25
Aug 19-21,2011,33,"$97,303,811 ",-27.70%,"$124,210,930 ",-20.10%,126,The Help,/weekend/2011W33/?ref_=bo_wey_table_26
Aug 12-14,2011,32,"$134,605,986 ",-12.90%,"$155,403,377 ",-7.10%,129,Rise of the Planet of the Apes,/weekend/2011W32/?ref_=bo_wey_table_27
Aug 5-7,2011,31,"$154,610,555 ",-7.90%,"$167,357,649 ",-6.90%,125,Rise of the Planet of the Apes,/weekend/2011W31/?ref_=bo_wey_table_28
Jul 29-31,2011,30,"$167,881,029 ",-6.20%,"$179,729,836 ",-5.80%,122,Cowboys & Aliens,/weekend/2011W30/?ref_=bo_wey_table_29
Jul 22-24,2011,29,"$179,068,823 ",-28%,"$190,704,210 ",-27.30%,114,Captain America: The First Avenger,/weekend/2011W29/?ref_=bo_wey_table_30
Jul 15-17,2011,28,"$248,568,927 ",76.90%,"$262,299,124 ",67.80%,120,Harry Potter and the Deathly Hallows: Part 2,/weekend/2011W28/?ref_=bo_wey_table_31
Jul 8-10,2011,27,"$140,474,359 ",-24.60%,"$156,322,000 ",-22.70%,118,Transformers: Dark of the Moon,/weekend/2011W27/?ref_=bo_wey_table_32
Jul 1-4July 4th long wknd,2011,26,"$222,359,534 ",-6.70%,"$241,553,443 ",-3.50%,102,Transformers: Dark of the Moon,/weekend/2011W26/occasion/us_july4_weekend/?ref_=bo_wey_table_33
Jun 24-26,2011,25,"$164,865,297 ",13.50%,"$177,057,217 ",15.20%,116,Cars 2,/weekend/2011W25/?ref_=bo_wey_table_35
Jun 17-19,2011,24,"$145,208,661 ",10.70%,"$153,747,605 ",11.40%,106,Green Lantern,/weekend/2011W24/?ref_=bo_wey_table_36
Jun 10-12,2011,23,"$131,188,107 ",-13.90%,"$138,055,726 ",-13.50%,107,Super 8,/weekend/2011W23/?ref_=bo_wey_table_37
Jun 3-5,2011,22,"$152,390,551 ",-28.60%,"$159,624,804 ",-28.40%,114,X-Men: First Class,/weekend/2011W22/?ref_=bo_wey_table_38
May 27-30Memorial Day wknd,2011,21,"$264,689,498 ",45.10%,"$276,889,541 ",43.70%,106,The Hangover Part II,/weekend/2011W21/occasion/us_memorialday_weekend/?ref_=bo_wey_table_39
May 20-22,2011,20,"$156,858,984 ",23.70%,"$167,642,580 ",19.40%,120,Pirates of the Caribbean: On Stranger Tides,/weekend/2011W20/?ref_=bo_wey_table_41
May 13-15,2011,19,"$126,805,764 ",-16.90%,"$140,371,451 ",-15.80%,127,Thor,/weekend/2011W19/?ref_=bo_wey_table_42
May 6-8,2011,18,"$152,646,352 ",8.80%,"$166,748,986 ",4.90%,128,Thor,/weekend/2011W18/?ref_=bo_wey_table_43
Apr 29-May 1,2011,17,"$140,262,298 ",22.50%,"$158,940,090 ",16.50%,120,Fast Five,/weekend/2011W17/?ref_=bo_wey_table_44
Apr 22-25Easter wknd,2011,16,"$126,821,991 ",-32.40%,"$149,092,004 ",-24.90%,51,Rio,/weekend/2011W16/occasion/easter_weekend/?ref_=bo_wey_table_45
Apr 15-17,2011,15,"$110,573,140 ",12.40%,"$130,061,017 ",12%,116,Rio,/weekend/2011W15/?ref_=bo_wey_table_47
Apr 8-10,2011,14,"$98,389,397 ",-10.60%,"$116,090,490 ",-7.10%,125,Hop,/weekend/2011W14/?ref_=bo_wey_table_48
Apr 1-3,2011,13,"$110,113,006 ",5.20%,"$124,938,387 ",2.90%,125,Hop,/weekend/2011W13/?ref_=bo_wey_table_49
Mar 25-27,2011,12,"$104,688,038 ",5.90%,"$121,453,235 ",5.60%,126,Diary of a Wimpy Kid: Rodrick Rules,/weekend/2011W12/?ref_=bo_wey_table_50
Mar 18-20,2011,11,"$98,816,142 ",-11.70%,"$114,962,242 ",-11.20%,121,Limitless,/weekend/2011W11/?ref_=bo_wey_table_51
Mar 11-13,2011,10,"$111,935,077 ",-2.20%,"$129,391,313 ",-3.40%,118,Battle Los Angeles,/weekend/2011W10/?ref_=bo_wey_table_52
Mar 4-6,2011,9,"$114,398,546 ",23.60%,"$133,918,873 ",21.90%,107,Rango,/weekend/2011W09/?ref_=bo_wey_table_53
Feb 25-27,2011,8,"$92,540,158 ",-26.40%,"$109,830,377 ",-24%,108,Hall Pass,/weekend/2011W08/?ref_=bo_wey_table_54
Feb 18-21Presidents' Day wknd,2011,7,"$150,746,871 ",-29.40%,"$173,631,940 ",-27.50%,100,Unknown,/weekend/2011W07/occasion/us_presidentsday_weekend/?ref_=bo_wey_table_55
Feb 11-13,2011,6,"$128,358,223 ",87.90%,"$149,414,721 ",71.20%,113,Just Go with It,/weekend/2011W06/?ref_=bo_wey_table_57
Feb 4-6,2011,5,"$68,315,090 ",-21.70%,"$87,257,927 ",-20.10%,114,The Roommate,/weekend/2011W05/?ref_=bo_wey_table_58
Jan 28-30,2011,4,"$87,300,754 ",4.60%,"$109,215,038 ",6.30%,104,The Rite,/weekend/2011W04/?ref_=bo_wey_table_59
Jan 21-23,2011,3,"$83,445,232 ",-22.60%,"$102,730,950 ",-21.20%,105,No Strings Attached,/weekend/2011W03/?ref_=bo_wey_table_60
Jan 14-17MLK wknd,2011,2,"$130,346,506 ",-28.80%,"$158,959,357 ",-24.10%,86,The Green Hornet,/weekend/2011W02/occasion/us_mlkday_weekend/?ref_=bo_wey_table_62
Jan 7-9,2011,1,"$89,402,192 ",-34.90%,"$112,291,954 ",-29.50%,99,True Grit,/weekend/2011W01/?ref_=bo_wey_table_63
"Dec 31-Jan 2, 2011",2010,53,"$137,343,062 ",10.60%,"$159,345,245 ",13.90%,99,Little Fockers,/weekend/2010W53/?ref_=bo_wey_table_1
Dec 24-26,2010,52,"$124,133,496 ",-0.70%,"$139,938,201 ",3.90%,97,Little Fockers,/weekend/2010W52/?ref_=bo_wey_table_2
Dec 17-19,2010,51,"$124,993,526 ",53.30%,"$134,672,257 ",46.60%,112,TRON: Legacy,/weekend/2010W51/?ref_=bo_wey_table_3
Dec 10-12,2010,50,"$81,560,957 ",8.70%,"$91,871,496 ",6.40%,119,The Chronicles of Narnia: The Voyage of the Dawn Treader,/weekend/2010W50/?ref_=bo_wey_table_4
Dec 3-5,2010,49,"$75,004,741 ",-55.30%,"$86,325,286 ",-52.40%,119,Tangled,/weekend/2010W49/?ref_=bo_wey_table_5
Nov 24-28Thanksgiving 5-Day,2010,48,"$242,152,785 ",-3.70%,"$257,951,386 ",-3.30%,48,Harry Potter and the Deathly Hallows: Part 1,/weekend/2010W47/occasion/us_thanksgiving_5/?ref_=bo_wey_table_8
Nov 19-21,2010,47,"$184,491,055 ",71.30%,"$194,526,066 ",60.20%,114,Harry Potter and the Deathly Hallows: Part 1,/weekend/2010W47/?ref_=bo_wey_table_9
Nov 12-14,2010,46,"$107,692,567 ",-22%,"$121,393,329 ",-20.30%,123,Megamind,/weekend/2010W46/?ref_=bo_wey_table_10
Nov 5-7,2010,45,"$138,136,720 ",68.30%,"$152,229,980 ",62.80%,124,Megamind,/weekend/2010W45/?ref_=bo_wey_table_11
Oct 29-31,2010,44,"$82,076,962 ",-30%,"$93,503,374 ",-27.90%,125,Saw: The Final Chapter,/weekend/2010W44/?ref_=bo_wey_table_12
Oct 22-24,2010,43,"$117,205,902 ",0.10%,"$129,623,238 ",-1.50%,126,Paranormal Activity 2,/weekend/2010W43/?ref_=bo_wey_table_13
Oct 15-17,2010,42,"$117,078,913 ",52.30%,"$131,587,463 ",41.70%,144,Jackass 3D,/weekend/2010W42/?ref_=bo_wey_table_14
Oct 8-11Columbus Day wknd,2010,41,"$87,413,887 ",-17%,"$103,670,689 ",-16%,52,The Social Network,/weekend/2010W41/occasion/us_columbusday_weekend/?ref_=bo_wey_table_16
Oct 1-3,2010,40,"$82,543,307 ",-7.20%,"$95,043,566 ",-5.60%,140,The Social Network,/weekend/2010W40/?ref_=bo_wey_table_17
Sep 24-26,2010,39,"$88,901,910 ",5.40%,"$100,709,968 ",-,138,Wall Street: Money Never Sleeps,/weekend/2010W39/?ref_=bo_wey_table_18
Sep 17-19,2010,38,"$84,334,484 ",36.70%,"$100,674,305 ",22.80%,135,The Town,/weekend/2010W38/?ref_=bo_wey_table_19
Sep 10-12,2010,37,"$61,707,602 ",-17.20%,"$81,958,202 ",-22%,123,Resident Evil: Afterlife,/weekend/2010W37/?ref_=bo_wey_table_20
Sep 3-6Labor Day wknd,2010,36,"$93,408,796 ",-3%,"$132,758,175 ",6.70%,111,The American,/weekend/2010W36/occasion/us_laborday_weekend/?ref_=bo_wey_table_22
Aug 27-29,2010,35,"$87,206,831 ",-14.60%,"$114,807,532 ",-10.60%,113,Takers,/weekend/2010W35/?ref_=bo_wey_table_23
Aug 20-22,2010,34,"$102,089,078 ",-20.10%,"$128,353,711 ",-10.60%,115,The Expendables,/weekend/2010W34/?ref_=bo_wey_table_24
Aug 13-15,2010,33,"$127,804,668 ",8.50%,"$143,572,917 ",7.70%,110,The Expendables,/weekend/2010W33/?ref_=bo_wey_table_25
Aug 6-8,2010,32,"$117,746,775 ",-8.60%,"$133,296,768 ",-8.20%,110,The Other Guys,/weekend/2010W32/?ref_=bo_wey_table_26
Jul 30-Aug 1,2010,31,"$128,821,145 ",-14.60%,"$145,266,883 ",-10.50%,106,Inception,/weekend/2010W31/?ref_=bo_wey_table_27
Jul 23-25,2010,30,"$150,757,392 ",-10.90%,"$162,240,124 ",-8.90%,103,Inception,/weekend/2010W30/?ref_=bo_wey_table_28
Jul 16-18,2010,29,"$169,206,774 ",-7.30%,"$178,138,271 ",-7.10%,106,Inception,/weekend/2010W29/?ref_=bo_wey_table_29
Jul 9-11,2010,28,"$182,442,390 ",1.90%,"$191,704,186 ",1.90%,110,Despicable Me,/weekend/2010W28/?ref_=bo_wey_table_30
Jul 2-5July 4th long wknd,2010,27,"$238,231,616 ",16.90%,"$250,408,407 ",10.90%,96,The Twilight Saga: Eclipse,/weekend/2010W27/occasion/us_july4_weekend/?ref_=bo_wey_table_31
Jun 25-27,2010,26,"$154,390,043 ",-17.70%,"$165,180,607 ",-17.30%,106,Toy Story 3,/weekend/2010W26/?ref_=bo_wey_table_33
Jun 18-20,2010,25,"$187,642,041 ",33.60%,"$199,685,836 ",31.80%,116,Toy Story 3,/weekend/2010W25/?ref_=bo_wey_table_34
Jun 11-13,2010,24,"$140,451,060 ",16.50%,"$151,488,729 ",17.60%,117,The Karate Kid,/weekend/2010W24/?ref_=bo_wey_table_35
Jun 4-6,2010,23,"$120,565,073 ",-16.20%,"$128,826,490 ",-15.20%,120,Shrek Forever After,/weekend/2010W23/?ref_=bo_wey_table_36
May 28-31Memorial Day wknd,2010,22,"$182,383,311 ",-13.90%,"$192,706,796 ",-13.20%,103,Shrek Forever After,/weekend/2010W22/occasion/us_memorialday_weekend/?ref_=bo_wey_table_38
May 21-23,2010,21,"$141,404,309 ",9.40%,"$150,510,497 ",7.80%,114,Shrek Forever After,/weekend/2010W21/?ref_=bo_wey_table_39
May 14-16,2010,20,"$129,275,088 ",-22.90%,"$139,644,680 ",-22.30%,116,Iron Man 2,/weekend/2010W20/?ref_=bo_wey_table_40
May 7-9,2010,19,"$167,701,822 ",90.70%,"$179,789,106 ",75.90%,116,Iron Man 2,/weekend/2010W19/?ref_=bo_wey_table_41
Apr 30-May 2,2010,18,"$87,924,993 ",2.50%,"$102,227,580 ",2.10%,116,A Nightmare on Elm Street,/weekend/2010W18/?ref_=bo_wey_table_42
Apr 23-25,2010,17,"$85,792,705 ",-20.60%,"$100,098,936 ",-16.70%,117,How to Train Your Dragon,/weekend/2010W17/?ref_=bo_wey_table_43
Apr 16-18,2010,16,"$108,077,823 ",-8.10%,"$120,177,056 ",-5.80%,117,Kick-Ass,/weekend/2010W16/?ref_=bo_wey_table_44
Apr 9-11,2010,15,"$117,570,469 ",-29.30%,"$127,582,200 ",-28.20%,115,Clash of the Titans,/weekend/2010W15/?ref_=bo_wey_table_45
Apr 2-5Easter wknd,2010,14,"$187,711,319 ",36.80%,"$198,446,177 ",33.90%,44,Clash of the Titans,/weekend/2010W14/occasion/easter_weekend/?ref_=bo_wey_table_46
Mar 26-28,2010,13,"$113,036,610 ",2%,"$128,664,080 ",1.30%,112,How to Train Your Dragon,/weekend/2010W13/?ref_=bo_wey_table_48
Mar 19-21,2010,12,"$110,799,129 ",-14.50%,"$126,978,873 ",-13.90%,109,Alice in Wonderland,/weekend/2010W12/?ref_=bo_wey_table_49
Mar 12-14,2010,11,"$129,609,144 ",-29%,"$147,526,258 ",-25.10%,106,Alice in Wonderland,/weekend/2010W11/?ref_=bo_wey_table_50
Mar 5-7,2010,10,"$182,536,400 ",75.20%,"$196,996,205 ",65.30%,107,Alice in Wonderland,/weekend/2010W10/?ref_=bo_wey_table_51
Feb 26-28,2010,9,"$104,201,694 ",-12%,"$119,202,708 ",-11%,107,Shutter Island,/weekend/2010W09/?ref_=bo_wey_table_52
Feb 19-21,2010,8,"$118,472,680 ",-35.30%,"$133,902,273 ",-34.60%,108,Shutter Island,/weekend/2010W08/?ref_=bo_wey_table_53
Feb 12-15Presidents' Day wknd,2010,7,"$213,524,058 ",21.20%,"$239,380,299 ",8.80%,87,Valentine's Day,/weekend/2010W07/occasion/us_presidentsday_weekend/?ref_=bo_wey_table_54
Feb 5-7,2010,6,"$94,786,281 ",-8.80%,"$113,987,051 ",-9.10%,100,Dear John,/weekend/2010W06/?ref_=bo_wey_table_56
Jan 29-31,2010,5,"$103,970,747 ",-13.40%,"$125,460,594 ",-13.10%,93,Avatar,/weekend/2010W05/?ref_=bo_wey_table_57
Jan 22-24,2010,4,"$120,045,516 ",-19.40%,"$144,384,498 ",-15.10%,93,Avatar,/weekend/2010W04/?ref_=bo_wey_table_58
Jan 15-18MLK wknd,2010,3,"$183,162,436 ",-0.80%,"$209,509,035 ",-9.40%,83,Avatar,/weekend/2010W03/occasion/us_mlkday_weekend/?ref_=bo_wey_table_60
Jan 8-10,2010,2,"$145,045,666 ",-29%,"$160,275,182 ",-27.20%,86,Avatar,/weekend/2010W02/?ref_=bo_wey_table_61
Jan 1-3,2010,1,"$204,295,752 ",-20%,"$220,307,116 ",-18.40%,80,Avatar,/weekend/2010W01/?ref_=bo_wey_table_62
Dec 25-27,2009,52,"$255,212,095 ",102%,"$270,119,719 ",95.80%,83,Avatar,/weekend/2009W52/?ref_=bo_wey_table_1
Dec 18-20,2009,51,"$126,343,342 ",52.90%,"$137,963,395 ",42.10%,96,Avatar,/weekend/2009W51/?ref_=bo_wey_table_2
Dec 11-13,2009,50,"$82,656,512 ",-4.20%,"$97,058,602 ",-2.60%,104,The Princess and the Frog,/weekend/2009W50/?ref_=bo_wey_table_3
Dec 4-6,2009,49,"$86,237,399 ",-50%,"$99,663,975 ",-46.50%,113,The Blind Side,/weekend/2009W49/?ref_=bo_wey_table_4
Nov 25-29Thanksgiving 5-Day,2009,48,"$251,418,028 ",15.20%,"$266,644,110 ",16.60%,55,The Twilight Saga: New Moon,/weekend/2009W47/occasion/us_thanksgiving_5/?ref_=bo_wey_table_7
Nov 20-22,2009,47,"$246,948,248 ",98.90%,"$258,576,253 ",84.70%,123,The Twilight Saga: New Moon,/weekend/2009W47/?ref_=bo_wey_table_8
Nov 13-15,2009,46,"$124,130,245 ",20.60%,"$139,985,928 ",16.80%,128,2012,/weekend/2009W46/?ref_=bo_wey_table_9
Nov 6-8,2009,45,"$102,932,989 ",32.80%,"$119,864,425 ",31.90%,128,A Christmas Carol,/weekend/2009W45/?ref_=bo_wey_table_10
Oct 30-Nov 1,2009,44,"$77,489,382 ",-23.20%,"$90,874,415 ",-21.70%,133,This Is It,/weekend/2009W44/?ref_=bo_wey_table_11
Oct 23-25,2009,43,"$100,949,943 ",-19%,"$116,118,451 ",-16.20%,135,Paranormal Activity,/weekend/2009W43/?ref_=bo_wey_table_12
Oct 16-18,2009,42,"$124,637,638 ",35.60%,"$138,588,159 ",25.90%,135,Where the Wild Things Are,/weekend/2009W42/?ref_=bo_wey_table_13
Oct 9-12Columbus Day wknd,2009,41,"$105,261,988 ",15.10%,"$123,465,598 ",9.20%,57,Couples Retreat,/weekend/2009W41/occasion/us_columbusday_weekend/?ref_=bo_wey_table_15
Oct 2-4,2009,40,"$87,465,911 ",10.20%,"$107,092,990 ",10.60%,130,Zombieland,/weekend/2009W40/?ref_=bo_wey_table_16
Sep 25-27,2009,39,"$79,376,189 ",-4.60%,"$96,863,428 ",-5%,137,Cloudy with a Chance of Meatballs,/weekend/2009W39/?ref_=bo_wey_table_17
Sep 18-20,2009,38,"$83,214,524 ",16.50%,"$101,915,572 ",10.40%,132,Cloudy with a Chance of Meatballs,/weekend/2009W38/?ref_=bo_wey_table_18
Sep 11-13,2009,37,"$71,451,514 ",-6.50%,"$92,274,610 ",-5.60%,122,I Can Do Bad All by Myself,/weekend/2009W37/?ref_=bo_wey_table_19
Sep 4-7Labor Day wknd,2009,36,"$96,256,938 ",12%,"$124,476,257 ",0.60%,108,The Final Destination,/weekend/2009W36/occasion/us_laborday_weekend/?ref_=bo_wey_table_20
Aug 28-30,2009,35,"$105,329,392 ",-1.10%,"$125,028,168 ",-1.80%,119,The Final Destination,/weekend/2009W35/?ref_=bo_wey_table_22
Aug 21-23,2009,34,"$106,503,767 ",-10.60%,"$127,268,259 ",-10.70%,120,Inglourious Basterds,/weekend/2009W34/?ref_=bo_wey_table_23
Aug 14-16,2009,33,"$119,101,428 ",-5.20%,"$142,476,028 ",-3.10%,116,District 9,/weekend/2009W33/?ref_=bo_wey_table_24
Aug 7-9,2009,32,"$125,660,546 ",17.30%,"$147,046,404 ",15.10%,115,G.I. Joe: The Rise of Cobra,/weekend/2009W32/?ref_=bo_wey_table_25
Jul 31-Aug 2,2009,31,"$107,143,812 ",-22.50%,"$127,760,028 ",-15.70%,119,Funny People,/weekend/2009W31/?ref_=bo_wey_table_26
Jul 24-26,2009,30,"$138,205,853 ",-8.10%,"$151,593,131 ",-5.60%,112,G-Force,/weekend/2009W30/?ref_=bo_wey_table_27
Jul 17-19,2009,29,"$150,389,463 ",13.70%,"$160,546,686 ",12%,112,Harry Potter and the Half-Blood Prince,/weekend/2009W29/?ref_=bo_wey_table_28
Jul 10-12,2009,28,"$132,244,941 ",-13.40%,"$143,315,556 ",-11.80%,107,Br¨¹no,/weekend/2009W28/?ref_=bo_wey_table_29
Jul 3-5,2009,27,"$152,619,904 ",-19.90%,"$162,461,789 ",-19.10%,103,Transformers: Revenge of the Fallen,/weekend/2009W27/?ref_=bo_wey_table_30
Jun 26-28,2009,26,"$190,609,317 ",36.40%,"$200,752,945 ",33%,114,Transformers: Revenge of the Fallen,/weekend/2009W26/?ref_=bo_wey_table_31
Jun 19-21,2009,25,"$139,770,972 ",8.10%,"$150,983,198 ",9.50%,124,The Proposal,/weekend/2009W25/?ref_=bo_wey_table_32
Jun 12-14,2009,24,"$129,330,317 ",-18.10%,"$137,931,239 ",-16.70%,125,The Hangover,/weekend/2009W24/?ref_=bo_wey_table_33
Jun 5-7,2009,23,"$157,921,508 ",-1.20%,"$165,598,060 ",-0.30%,120,The Hangover,/weekend/2009W23/?ref_=bo_wey_table_34
May 29-31,2009,22,"$159,873,985 ",-5%,"$166,122,627 ",-5.80%,110,Up,/weekend/2009W22/?ref_=bo_wey_table_35
May 22-25Memorial Day wknd,2009,21,"$211,868,707 ",-0.20%,"$221,901,103 ",1.10%,112,Night at the Museum: Battle of the Smithsonian,/weekend/2009W21/occasion/us_memorialday_weekend/?ref_=bo_wey_table_37
May 15-17,2009,20,"$128,079,406 ",-7.80%,"$137,460,577 ",-8.10%,112,Angels & Demons,/weekend/2009W20/?ref_=bo_wey_table_38
May 8-10,2009,19,"$138,843,581 ",-5.30%,"$149,643,723 ",-5.50%,118,Star Trek,/weekend/2009W19/?ref_=bo_wey_table_39
May 1-3,2009,18,"$146,572,798 ",46.10%,"$158,300,469 ",39%,109,X-Men Origins: Wolverine,/weekend/2009W18/?ref_=bo_wey_table_40
Apr 24-26,2009,17,"$100,327,984 ",3%,"$113,860,937 ",4.90%,118,Obsessed,/weekend/2009W17/?ref_=bo_wey_table_41
Apr 17-19,2009,16,"$97,370,546 ",-20.30%,"$108,497,129 ",-18.80%,119,17 Again,/weekend/2009W16/?ref_=bo_wey_table_42
Apr 10-13Easter wknd,2009,15,"$137,209,381 ",27.60%,"$148,228,465 ",18.20%,49,Hannah Montana: The Movie,/weekend/2009W15/occasion/easter_weekend/?ref_=bo_wey_table_43
Apr 3-5,2009,14,"$146,086,888 ",7%,"$155,220,674 ",6%,109,Fast & Furious,/weekend/2009W14/?ref_=bo_wey_table_45
Mar 27-29,2009,13,"$136,575,156 ",46.60%,"$146,427,563 ",38.90%,106,Monsters vs. Aliens,/weekend/2009W13/?ref_=bo_wey_table_46
Mar 20-22,2009,12,"$93,174,791 ",10.70%,"$105,454,531 ",4.70%,109,Knowing2009 Re-release,/weekend/2009W12/?ref_=bo_wey_table_47
Mar 13-15,2009,11,"$84,204,182 ",-13.80%,"$100,713,824 ",-13.80%,102,Race to Witch Mountain,/weekend/2009W11/?ref_=bo_wey_table_48
Mar 6-8,2009,10,"$97,720,570 ",21.40%,"$116,828,485 ",4.70%,110,Watchmen,/weekend/2009W10/?ref_=bo_wey_table_49
Feb 27-Mar 1,2009,9,"$80,508,972 ",-28.20%,"$111,557,492 ",-21.70%,99,Madea Goes to Jail,/weekend/2009W09/?ref_=bo_wey_table_50
Feb 20-22,2009,8,"$112,141,559 ",-26.20%,"$142,472,042 ",-24.60%,95,Madea Goes to Jail,/weekend/2009W08/?ref_=bo_wey_table_51
Feb 13-16Presidents' Day wknd,2009,7,"$176,130,106 ",31.70%,"$220,039,425 ",31.40%,91,Friday the 13th,/weekend/2009W07/occasion/us_presidentsday_weekend/?ref_=bo_wey_table_53
Feb 6-8,2009,6,"$124,041,046 ",29.30%,"$154,595,414 ",21.90%,93,He's Just Not That Into You,/weekend/2009W06/?ref_=bo_wey_table_54
Jan 30-Feb 1,2009,5,"$95,933,299 ",-19.10%,"$126,798,123 ",-20.90%,93,Taken,/weekend/2009W05/?ref_=bo_wey_table_55
Jan 23-25,2009,4,"$118,605,040 ",-23.20%,"$160,294,864 ",-16.90%,91,Paul Blart: Mall Cop,/weekend/2009W04/?ref_=bo_wey_table_56
Jan 16-19MLK wknd,2009,3,"$184,673,846 ",21.90%,"$231,208,273 ",23.60%,85,Paul Blart: Mall Cop,/weekend/2009W03/occasion/us_mlkday_weekend/?ref_=bo_wey_table_58
Jan 9-11,2009,2,"$121,541,116 ",-1.40%,"$146,505,600 ",-4.50%,92,Gran Torino,/weekend/2009W02/?ref_=bo_wey_table_59
Jan 2-4,2009,1,"$123,210,617 ",-27.50%,"$153,373,765 ",-23.90%,89,Marley & Me,/weekend/2009W01/?ref_=bo_wey_table_60
Dec 26-28,2008,52,"$169,982,431 ",119.50%,"$201,594,006 ",127.80%,85,Marley & Me,/weekend/2008W52/?ref_=bo_wey_table_1
Dec 19-21,2008,51,"$77,424,767 ",-1.40%,"$88,506,299 ",-3.50%,92,Yes Man,/weekend/2008W51/?ref_=bo_wey_table_2
Dec 12-14,2008,50,"$78,517,597 ",6.90%,"$91,696,655 ",11.20%,105,The Day the Earth Stood Still,/weekend/2008W50/?ref_=bo_wey_table_3
Dec 5-7,2008,49,"$73,440,488 ",-51.80%,"$82,434,771 ",-49.30%,115,Four Christmases,/weekend/2008W49/?ref_=bo_wey_table_4
Nov 26-30Thanksgiving 5-Day,2008,48,"$218,303,171 ",9.10%,"$228,766,509 ",0.20%,53,Four Christmases,/weekend/2008W47/occasion/us_thanksgiving_5/?ref_=bo_wey_table_7
Nov 21-23,2008,47,"$154,817,872 ",14.90%,"$164,744,894 ",10.80%,118,Twilight,/weekend/2008W47/?ref_=bo_wey_table_8
Nov 14-16,2008,46,"$134,787,672 ",9.20%,"$148,685,590 ",4.30%,127,Quantum of Solace,/weekend/2008W46/?ref_=bo_wey_table_9
Nov 7-9,2008,45,"$123,379,106 ",78%,"$142,496,307 ",62.50%,134,Madagascar: Escape 2 Africa,/weekend/2008W45/?ref_=bo_wey_table_10
Oct 31-Nov 2,2008,44,"$69,307,204 ",-40.20%,"$87,673,009 ",-34.80%,140,High School Musical 3: Senior Year,/weekend/2008W44/?ref_=bo_wey_table_11
Oct 24-26,2008,43,"$115,860,151 ",44.80%,"$134,501,763 ",34.20%,135,High School Musical 3: Senior Year,/weekend/2008W43/?ref_=bo_wey_table_12
Oct 17-19,2008,42,"$79,992,286 ",-1%,"$100,261,162 ",-1.60%,131,Max Payne,/weekend/2008W42/?ref_=bo_wey_table_13
Oct 10-13Columbus Day wknd,2008,41,"$91,420,183 ",27%,"$113,091,916 ",22.60%,60,Beverly Hills Chihuahua,/weekend/2008W41/occasion/us_columbusday_weekend/?ref_=bo_wey_table_15
Oct 3-5,2008,40,"$90,629,110 ",10.30%,"$113,697,851 ",12.20%,126,Beverly Hills Chihuahua,/weekend/2008W40/?ref_=bo_wey_table_16
Sep 26-28,2008,39,"$82,148,111 ",12.80%,"$101,343,749 ",13.50%,125,Eagle Eye,/weekend/2008W39/?ref_=bo_wey_table_17
Sep 19-21,2008,38,"$72,805,930 ",-11.40%,"$89,307,263 ",-11.60%,137,Lakeview Terrace,/weekend/2008W38/?ref_=bo_wey_table_18
Sep 12-14,2008,37,"$82,159,485 ",77.30%,"$101,041,980 ",48.60%,131,Burn After Reading,/weekend/2008W37/?ref_=bo_wey_table_19
Sep 5-7,2008,36,"$46,350,874 ",-32.40%,"$68,005,476 ",-30.70%,126,Bangkok Dangerous,/weekend/2008W36/?ref_=bo_wey_table_20
Aug 29-Sep 1Labor Day wknd,2008,35,"$85,925,307 ",-24.40%,"$123,794,714 ",-16.50%,120,Tropic Thunder,/weekend/2008W35/occasion/us_laborday_weekend/?ref_=bo_wey_table_22
Aug 22-24,2008,34,"$82,667,170 ",-22.30%,"$106,158,138 ",-15.10%,120,Tropic Thunder,/weekend/2008W34/?ref_=bo_wey_table_23
Aug 15-17,2008,33,"$106,423,430 ",-1.80%,"$125,105,639 ",2.90%,123,Tropic Thunder,/weekend/2008W33/?ref_=bo_wey_table_24
Aug 8-10,2008,32,"$108,322,998 ",-23.10%,"$121,575,179 ",-20.60%,123,The Dark Knight,/weekend/2008W32/?ref_=bo_wey_table_25
Aug 1-3,2008,31,"$140,934,095 ",-17.40%,"$153,060,805 ",-15.40%,122,The Dark Knight,/weekend/2008W31/?ref_=bo_wey_table_26
Jul 25-27,2008,30,"$170,701,895 ",-32%,"$180,876,759 ",-30.60%,120,The Dark Knight,/weekend/2008W30/?ref_=bo_wey_table_27
Jul 18-20,2008,29,"$250,971,601 ",79.40%,"$260,528,431 ",72.10%,122,The Dark Knight,/weekend/2008W29/?ref_=bo_wey_table_28
Jul 11-13,2008,28,"$139,919,684 ",-6.70%,"$151,360,113 ",-5.50%,127,Hellboy II: The Golden Army,/weekend/2008W28/?ref_=bo_wey_table_29
Jul 4-6,2008,27,"$149,925,900 ",-15.30%,"$160,175,719 ",-13.60%,116,Hancock,/weekend/2008W27/?ref_=bo_wey_table_30
Jun 27-29,2008,26,"$176,907,464 ",30.20%,"$185,436,843 ",29.50%,129,WALL¡¤E,/weekend/2008W26/?ref_=bo_wey_table_31
Jun 20-22,2008,25,"$135,822,136 ",-22.40%,"$143,215,343 ",-20.40%,123,Get Smart,/weekend/2008W25/?ref_=bo_wey_table_32
Jun 13-15,2008,24,"$174,921,744 ",3%,"$179,896,805 ",2.50%,127,The Incredible Hulk,/weekend/2008W24/?ref_=bo_wey_table_33
Jun 6-8,2008,23,"$169,909,290 ",4.10%,"$175,464,379 ",4.10%,123,Kung Fu Panda,/weekend/2008W23/?ref_=bo_wey_table_34
May 30-Jun 1,2008,22,"$163,144,136 ",-2.10%,"$168,531,880 ",-2.20%,134,Sex and the City,/weekend/2008W22/?ref_=bo_wey_table_35
May 23-26Memorial Day wknd,2008,21,"$212,296,393 ",-13.10%,"$219,455,440 ",-14.10%,118,Indiana Jones and the Kingdom of the Crystal Skull,/weekend/2008W21/occasion/us_memorialday_weekend/?ref_=bo_wey_table_37
May 16-18,2008,20,"$124,788,668 ",7.60%,"$132,484,294 ",5.50%,135,The Chronicles of Narnia: Prince Caspian,/weekend/2008W20/?ref_=bo_wey_table_38
May 9-11,2008,19,"$115,983,162 ",-21.90%,"$125,571,278 ",-21%,136,Iron Man,/weekend/2008W19/?ref_=bo_wey_table_39
May 2-4,2008,18,"$148,431,129 ",95.20%,"$159,000,645 ",74.30%,135,Iron Man,/weekend/2008W18/?ref_=bo_wey_table_40
Apr 25-27,2008,17,"$76,023,855 ",-4.60%,"$91,236,400 ",-2.80%,145,Baby Mama,/weekend/2008W17/?ref_=bo_wey_table_41
Apr 18-20,2008,16,"$79,673,117 ",2.40%,"$93,848,411 ",-1.40%,134,The Forbidden Kingdom,/weekend/2008W16/?ref_=bo_wey_table_42
Apr 11-13,2008,15,"$77,792,738 ",2.10%,"$95,162,842 ",-0.70%,125,Prom Night,/weekend/2008W15/?ref_=bo_wey_table_43
Apr 4-6,2008,14,"$76,219,857 ",-10.90%,"$95,797,267 ",-10.40%,129,21,/weekend/2008W14/?ref_=bo_wey_table_44
Mar 28-30,2008,13,"$85,512,670 ",-9.70%,"$106,960,934 ",-6.10%,123,21,/weekend/2008W13/?ref_=bo_wey_table_45
Mar 21-24Easter wknd,2008,12,"$107,553,652 ",-9.20%,"$125,354,528 ",-9.50%,59,Horton Hears a Who!,/weekend/2008W12/occasion/easter_weekend/?ref_=bo_wey_table_46
Mar 14-16,2008,11,"$101,862,262 ",17.20%,"$120,687,394 ",12.40%,124,Horton Hears a Who!,/weekend/2008W11/?ref_=bo_wey_table_48
Mar 7-9,2008,10,"$86,928,662 ",17.70%,"$107,381,602 ",9.90%,119,"10,000 BC",/weekend/2008W10/?ref_=bo_wey_table_49
Feb 29-Mar 2,2008,9,"$73,841,003 ",-13.30%,"$97,723,152 ",-11.50%,118,Semi-Pro,/weekend/2008W09/?ref_=bo_wey_table_50
Feb 22-24,2008,8,"$85,162,089 ",-23.60%,"$110,410,094 ",-20.60%,114,Vantage Point,/weekend/2008W08/?ref_=bo_wey_table_51
Feb 15-18Presidents' Day wknd,2008,7,"$133,761,458 ",-18%,"$167,469,892 ",-11.20%,100,Jumper,/weekend/2008W07/occasion/us_presidentsday_weekend/?ref_=bo_wey_table_52
Feb 8-10,2008,6,"$83,480,396 ",-12%,"$112,262,045 ",-12.80%,107,Fool's Gold,/weekend/2008W06/?ref_=bo_wey_table_54
Feb 1-3,2008,5,"$94,843,468 ",-13.10%,"$128,681,821 ",-10.70%,107,Hannah Montana and Miley Cyrus: Best of Both Worlds Concert,/weekend/2008W05/?ref_=bo_wey_table_55
Jan 25-27,2008,4,"$109,183,558 ",-13.80%,"$144,150,492 ",-6.80%,108,Meet the Spartans,/weekend/2008W04/?ref_=bo_wey_table_56
Jan 18-21MLK wknd,2008,3,"$151,470,763 ",37.40%,"$187,094,009 ",19.80%,95,Cloverfield,/weekend/2008W03/occasion/us_mlkday_weekend/?ref_=bo_wey_table_58
Jan 11-13,2008,2,"$98,786,197 ",-12.20%,"$130,426,078 ",-6.70%,98,The Bucket List,/weekend/2008W02/?ref_=bo_wey_table_59
Jan 4-6,2008,1,"$112,470,805 ",-28.80%,"$139,793,714 ",-24.80%,89,National Treasure: Book of Secrets,/weekend/2008W01/?ref_=bo_wey_table_60
